+ export PATH=/jet/home/pbhowal/.pixi/bin:/jet/home/pbhowal/.pixi/bin:/jet/home/pbhowal/.local/bin:/jet/home/pbhowal/bin:/opt/packages/psc.allocations.user/bin:/opt/packages/allocations/bin:/usr/local/bin:/usr/bin:/usr/local/sbin:/usr/sbin:/opt/packages/interact/bin:/opt/puppetlabs/bin
+ PATH=/jet/home/pbhowal/.pixi/bin:/jet/home/pbhowal/.pixi/bin:/jet/home/pbhowal/.local/bin:/jet/home/pbhowal/bin:/opt/packages/psc.allocations.user/bin:/opt/packages/allocations/bin:/usr/local/bin:/usr/bin:/usr/local/sbin:/usr/sbin:/opt/packages/interact/bin:/opt/puppetlabs/bin
+ cd /ocean/projects/cis240052p/pbhowal/2d_Representation_Hierarchical_Policy_Learning/2d_Representation_Hierarchical_Policy_Learning/Low_Level_and_Inference
+ SRC_DIR=/ocean/projects/cis240052p/pbhowal/2d_Representation_Hierarchical_Policy_Learning/Articubot_Data/one_object_4_point_sqrt_heatmap
+ DST_DIR=/local/slurm-38431198/local/pbhowal/one_object_4_point_sqrt_heatmap
+ mkdir -p /local/slurm-38431198/local/pbhowal/one_object_4_point_sqrt_heatmap
+ SECONDS=0
+ for f in "$SRC_DIR"/*.h5
+ for f in "$SRC_DIR"/*.h5
+ rsync -az /ocean/projects/cis240052p/pbhowal/2d_Representation_Hierarchical_Policy_Learning/Articubot_Data/one_object_4_point_sqrt_heatmap/2025-10-30-21-05-53.h5 /local/slurm-38431198/local/pbhowal/one_object_4_point_sqrt_heatmap/
+ for f in "$SRC_DIR"/*.h5
+ for f in "$SRC_DIR"/*.h5
+ for f in "$SRC_DIR"/*.h5
+ rsync -az /ocean/projects/cis240052p/pbhowal/2d_Representation_Hierarchical_Policy_Learning/Articubot_Data/one_object_4_point_sqrt_heatmap/2025-10-30-21-06-54.h5 /local/slurm-38431198/local/pbhowal/one_object_4_point_sqrt_heatmap/
+ rsync -az /ocean/projects/cis240052p/pbhowal/2d_Representation_Hierarchical_Policy_Learning/Articubot_Data/one_object_4_point_sqrt_heatmap/2025-10-30-21-08-56.h5 /local/slurm-38431198/local/pbhowal/one_object_4_point_sqrt_heatmap/
+ for f in "$SRC_DIR"/*.h5
+ rsync -az /ocean/projects/cis240052p/pbhowal/2d_Representation_Hierarchical_Policy_Learning/Articubot_Data/one_object_4_point_sqrt_heatmap/2025-10-30-21-10-27.h5 /local/slurm-38431198/local/pbhowal/one_object_4_point_sqrt_heatmap/
+ for f in "$SRC_DIR"/*.h5
+ rsync -az /ocean/projects/cis240052p/pbhowal/2d_Representation_Hierarchical_Policy_Learning/Articubot_Data/one_object_4_point_sqrt_heatmap/2025-11-07-20-30-36.h5 /local/slurm-38431198/local/pbhowal/one_object_4_point_sqrt_heatmap/
+ for f in "$SRC_DIR"/*.h5
+ rsync -az /ocean/projects/cis240052p/pbhowal/2d_Representation_Hierarchical_Policy_Learning/Articubot_Data/one_object_4_point_sqrt_heatmap/2025-11-07-20-32-07.h5 /local/slurm-38431198/local/pbhowal/one_object_4_point_sqrt_heatmap/
+ for f in "$SRC_DIR"/*.h5
+ rsync -az /ocean/projects/cis240052p/pbhowal/2d_Representation_Hierarchical_Policy_Learning/Articubot_Data/one_object_4_point_sqrt_heatmap/2025-11-07-20-33-55.h5 /local/slurm-38431198/local/pbhowal/one_object_4_point_sqrt_heatmap/
+ for f in "$SRC_DIR"/*.h5
+ rsync -az /ocean/projects/cis240052p/pbhowal/2d_Representation_Hierarchical_Policy_Learning/Articubot_Data/one_object_4_point_sqrt_heatmap/2025-11-07-20-34-58.h5 /local/slurm-38431198/local/pbhowal/one_object_4_point_sqrt_heatmap/
+ for f in "$SRC_DIR"/*.h5
+ rsync -az /ocean/projects/cis240052p/pbhowal/2d_Representation_Hierarchical_Policy_Learning/Articubot_Data/one_object_4_point_sqrt_heatmap/2025-11-07-20-40-57.h5 /local/slurm-38431198/local/pbhowal/one_object_4_point_sqrt_heatmap/
+ rsync -az /ocean/projects/cis240052p/pbhowal/2d_Representation_Hierarchical_Policy_Learning/Articubot_Data/one_object_4_point_sqrt_heatmap/2025-11-07-20-36-27.h5 /local/slurm-38431198/local/pbhowal/one_object_4_point_sqrt_heatmap/
+ for f in "$SRC_DIR"/*.h5
+ rsync -az /ocean/projects/cis240052p/pbhowal/2d_Representation_Hierarchical_Policy_Learning/Articubot_Data/one_object_4_point_sqrt_heatmap/2025-11-07-20-43-40.h5 /local/slurm-38431198/local/pbhowal/one_object_4_point_sqrt_heatmap/
+ for f in "$SRC_DIR"/*.h5
+ for f in "$SRC_DIR"/*.h5
+ for f in "$SRC_DIR"/*.h5
+ rsync -az /ocean/projects/cis240052p/pbhowal/2d_Representation_Hierarchical_Policy_Learning/Articubot_Data/one_object_4_point_sqrt_heatmap/2025-11-07-20-47-37.h5 /local/slurm-38431198/local/pbhowal/one_object_4_point_sqrt_heatmap/
+ for f in "$SRC_DIR"/*.h5
+ rsync -az /ocean/projects/cis240052p/pbhowal/2d_Representation_Hierarchical_Policy_Learning/Articubot_Data/one_object_4_point_sqrt_heatmap/2025-11-07-20-49-14.h5 /local/slurm-38431198/local/pbhowal/one_object_4_point_sqrt_heatmap/
+ for f in "$SRC_DIR"/*.h5
+ rsync -az /ocean/projects/cis240052p/pbhowal/2d_Representation_Hierarchical_Policy_Learning/Articubot_Data/one_object_4_point_sqrt_heatmap/2025-11-07-20-53-16.h5 /local/slurm-38431198/local/pbhowal/one_object_4_point_sqrt_heatmap/
+ for f in "$SRC_DIR"/*.h5
+ for f in "$SRC_DIR"/*.h5
+ rsync -az /ocean/projects/cis240052p/pbhowal/2d_Representation_Hierarchical_Policy_Learning/Articubot_Data/one_object_4_point_sqrt_heatmap/2025-11-07-20-46-15.h5 /local/slurm-38431198/local/pbhowal/one_object_4_point_sqrt_heatmap/
+ rsync -az /ocean/projects/cis240052p/pbhowal/2d_Representation_Hierarchical_Policy_Learning/Articubot_Data/one_object_4_point_sqrt_heatmap/2025-11-07-20-45-10.h5 /local/slurm-38431198/local/pbhowal/one_object_4_point_sqrt_heatmap/
+ for f in "$SRC_DIR"/*.h5
+ rsync -az /ocean/projects/cis240052p/pbhowal/2d_Representation_Hierarchical_Policy_Learning/Articubot_Data/one_object_4_point_sqrt_heatmap/2025-11-07-20-58-32.h5 /local/slurm-38431198/local/pbhowal/one_object_4_point_sqrt_heatmap/
+ for f in "$SRC_DIR"/*.h5
+ rsync -az /ocean/projects/cis240052p/pbhowal/2d_Representation_Hierarchical_Policy_Learning/Articubot_Data/one_object_4_point_sqrt_heatmap/2025-11-07-20-59-55.h5 /local/slurm-38431198/local/pbhowal/one_object_4_point_sqrt_heatmap/
+ for f in "$SRC_DIR"/*.h5
+ for f in "$SRC_DIR"/*.h5
+ rsync -az /ocean/projects/cis240052p/pbhowal/2d_Representation_Hierarchical_Policy_Learning/Articubot_Data/one_object_4_point_sqrt_heatmap/2025-11-07-20-57-02.h5 /local/slurm-38431198/local/pbhowal/one_object_4_point_sqrt_heatmap/
+ for f in "$SRC_DIR"/*.h5
+ rsync -az /ocean/projects/cis240052p/pbhowal/2d_Representation_Hierarchical_Policy_Learning/Articubot_Data/one_object_4_point_sqrt_heatmap/2025-11-07-20-54-19.h5 /local/slurm-38431198/local/pbhowal/one_object_4_point_sqrt_heatmap/
+ for f in "$SRC_DIR"/*.h5
+ rsync -az /ocean/projects/cis240052p/pbhowal/2d_Representation_Hierarchical_Policy_Learning/Articubot_Data/one_object_4_point_sqrt_heatmap/2025-11-07-21-09-55.h5 /local/slurm-38431198/local/pbhowal/one_object_4_point_sqrt_heatmap/
+ for f in "$SRC_DIR"/*.h5
+ rsync -az /ocean/projects/cis240052p/pbhowal/2d_Representation_Hierarchical_Policy_Learning/Articubot_Data/one_object_4_point_sqrt_heatmap/2025-11-07-21-11-05.h5 /local/slurm-38431198/local/pbhowal/one_object_4_point_sqrt_heatmap/
+ for f in "$SRC_DIR"/*.h5
+ rsync -az /ocean/projects/cis240052p/pbhowal/2d_Representation_Hierarchical_Policy_Learning/Articubot_Data/one_object_4_point_sqrt_heatmap/2025-11-07-21-12-33.h5 /local/slurm-38431198/local/pbhowal/one_object_4_point_sqrt_heatmap/
+ for f in "$SRC_DIR"/*.h5
+ rsync -az /ocean/projects/cis240052p/pbhowal/2d_Representation_Hierarchical_Policy_Learning/Articubot_Data/one_object_4_point_sqrt_heatmap/2025-11-07-21-14-06.h5 /local/slurm-38431198/local/pbhowal/one_object_4_point_sqrt_heatmap/
+ for f in "$SRC_DIR"/*.h5
+ rsync -az /ocean/projects/cis240052p/pbhowal/2d_Representation_Hierarchical_Policy_Learning/Articubot_Data/one_object_4_point_sqrt_heatmap/2025-11-07-21-15-48.h5 /local/slurm-38431198/local/pbhowal/one_object_4_point_sqrt_heatmap/
+ for f in "$SRC_DIR"/*.h5
+ rsync -az /ocean/projects/cis240052p/pbhowal/2d_Representation_Hierarchical_Policy_Learning/Articubot_Data/one_object_4_point_sqrt_heatmap/2025-11-07-21-17-05.h5 /local/slurm-38431198/local/pbhowal/one_object_4_point_sqrt_heatmap/
+ for f in "$SRC_DIR"/*.h5
+ rsync -az /ocean/projects/cis240052p/pbhowal/2d_Representation_Hierarchical_Policy_Learning/Articubot_Data/one_object_4_point_sqrt_heatmap/2025-11-07-21-19-32.h5 /local/slurm-38431198/local/pbhowal/one_object_4_point_sqrt_heatmap/
+ for f in "$SRC_DIR"/*.h5
+ rsync -az /ocean/projects/cis240052p/pbhowal/2d_Representation_Hierarchical_Policy_Learning/Articubot_Data/one_object_4_point_sqrt_heatmap/2025-11-07-21-06-15.h5 /local/slurm-38431198/local/pbhowal/one_object_4_point_sqrt_heatmap/
+ rsync -az /ocean/projects/cis240052p/pbhowal/2d_Representation_Hierarchical_Policy_Learning/Articubot_Data/one_object_4_point_sqrt_heatmap/2025-11-07-21-21-06.h5 /local/slurm-38431198/local/pbhowal/one_object_4_point_sqrt_heatmap/
+ for f in "$SRC_DIR"/*.h5
+ for f in "$SRC_DIR"/*.h5
+ rsync -az /ocean/projects/cis240052p/pbhowal/2d_Representation_Hierarchical_Policy_Learning/Articubot_Data/one_object_4_point_sqrt_heatmap/2025-11-07-21-25-38.h5 /local/slurm-38431198/local/pbhowal/one_object_4_point_sqrt_heatmap/
+ for f in "$SRC_DIR"/*.h5
+ rsync -az /ocean/projects/cis240052p/pbhowal/2d_Representation_Hierarchical_Policy_Learning/Articubot_Data/one_object_4_point_sqrt_heatmap/2025-11-07-21-27-53.h5 /local/slurm-38431198/local/pbhowal/one_object_4_point_sqrt_heatmap/
+ for f in "$SRC_DIR"/*.h5
+ rsync -az /ocean/projects/cis240052p/pbhowal/2d_Representation_Hierarchical_Policy_Learning/Articubot_Data/one_object_4_point_sqrt_heatmap/2025-11-07-21-29-21.h5 /local/slurm-38431198/local/pbhowal/one_object_4_point_sqrt_heatmap/
+ for f in "$SRC_DIR"/*.h5
+ rsync -az /ocean/projects/cis240052p/pbhowal/2d_Representation_Hierarchical_Policy_Learning/Articubot_Data/one_object_4_point_sqrt_heatmap/2025-11-07-21-31-55.h5 /local/slurm-38431198/local/pbhowal/one_object_4_point_sqrt_heatmap/
+ for f in "$SRC_DIR"/*.h5
+ rsync -az /ocean/projects/cis240052p/pbhowal/2d_Representation_Hierarchical_Policy_Learning/Articubot_Data/one_object_4_point_sqrt_heatmap/2025-11-07-21-33-22.h5 /local/slurm-38431198/local/pbhowal/one_object_4_point_sqrt_heatmap/
+ for f in "$SRC_DIR"/*.h5
+ rsync -az /ocean/projects/cis240052p/pbhowal/2d_Representation_Hierarchical_Policy_Learning/Articubot_Data/one_object_4_point_sqrt_heatmap/2025-11-07-21-34-59.h5 /local/slurm-38431198/local/pbhowal/one_object_4_point_sqrt_heatmap/
+ for f in "$SRC_DIR"/*.h5
+ rsync -az /ocean/projects/cis240052p/pbhowal/2d_Representation_Hierarchical_Policy_Learning/Articubot_Data/one_object_4_point_sqrt_heatmap/2025-11-07-21-36-24.h5 /local/slurm-38431198/local/pbhowal/one_object_4_point_sqrt_heatmap/
+ for f in "$SRC_DIR"/*.h5
+ rsync -az /ocean/projects/cis240052p/pbhowal/2d_Representation_Hierarchical_Policy_Learning/Articubot_Data/one_object_4_point_sqrt_heatmap/2025-11-07-21-37-43.h5 /local/slurm-38431198/local/pbhowal/one_object_4_point_sqrt_heatmap/
+ for f in "$SRC_DIR"/*.h5
+ rsync -az /ocean/projects/cis240052p/pbhowal/2d_Representation_Hierarchical_Policy_Learning/Articubot_Data/one_object_4_point_sqrt_heatmap/2025-11-07-21-39-46.h5 /local/slurm-38431198/local/pbhowal/one_object_4_point_sqrt_heatmap/
+ for f in "$SRC_DIR"/*.h5
+ rsync -az /ocean/projects/cis240052p/pbhowal/2d_Representation_Hierarchical_Policy_Learning/Articubot_Data/one_object_4_point_sqrt_heatmap/2025-11-07-21-42-55.h5 /local/slurm-38431198/local/pbhowal/one_object_4_point_sqrt_heatmap/
+ for f in "$SRC_DIR"/*.h5
+ rsync -az /ocean/projects/cis240052p/pbhowal/2d_Representation_Hierarchical_Policy_Learning/Articubot_Data/one_object_4_point_sqrt_heatmap/2025-11-07-21-44-10.h5 /local/slurm-38431198/local/pbhowal/one_object_4_point_sqrt_heatmap/
+ for f in "$SRC_DIR"/*.h5
+ rsync -az /ocean/projects/cis240052p/pbhowal/2d_Representation_Hierarchical_Policy_Learning/Articubot_Data/one_object_4_point_sqrt_heatmap/2025-11-07-21-45-40.h5 /local/slurm-38431198/local/pbhowal/one_object_4_point_sqrt_heatmap/
+ for f in "$SRC_DIR"/*.h5
+ rsync -az /ocean/projects/cis240052p/pbhowal/2d_Representation_Hierarchical_Policy_Learning/Articubot_Data/one_object_4_point_sqrt_heatmap/2025-11-07-21-47-08.h5 /local/slurm-38431198/local/pbhowal/one_object_4_point_sqrt_heatmap/
+ for f in "$SRC_DIR"/*.h5
+ rsync -az /ocean/projects/cis240052p/pbhowal/2d_Representation_Hierarchical_Policy_Learning/Articubot_Data/one_object_4_point_sqrt_heatmap/2025-11-07-21-48-39.h5 /local/slurm-38431198/local/pbhowal/one_object_4_point_sqrt_heatmap/
+ for f in "$SRC_DIR"/*.h5
+ rsync -az /ocean/projects/cis240052p/pbhowal/2d_Representation_Hierarchical_Policy_Learning/Articubot_Data/one_object_4_point_sqrt_heatmap/2025-11-07-21-50-23.h5 /local/slurm-38431198/local/pbhowal/one_object_4_point_sqrt_heatmap/
+ for f in "$SRC_DIR"/*.h5
+ rsync -az /ocean/projects/cis240052p/pbhowal/2d_Representation_Hierarchical_Policy_Learning/Articubot_Data/one_object_4_point_sqrt_heatmap/2025-11-07-21-51-45.h5 /local/slurm-38431198/local/pbhowal/one_object_4_point_sqrt_heatmap/
+ for f in "$SRC_DIR"/*.h5
+ rsync -az /ocean/projects/cis240052p/pbhowal/2d_Representation_Hierarchical_Policy_Learning/Articubot_Data/one_object_4_point_sqrt_heatmap/2025-11-07-21-53-14.h5 /local/slurm-38431198/local/pbhowal/one_object_4_point_sqrt_heatmap/
+ for f in "$SRC_DIR"/*.h5
+ rsync -az /ocean/projects/cis240052p/pbhowal/2d_Representation_Hierarchical_Policy_Learning/Articubot_Data/one_object_4_point_sqrt_heatmap/2025-11-07-21-54-40.h5 /local/slurm-38431198/local/pbhowal/one_object_4_point_sqrt_heatmap/
+ for f in "$SRC_DIR"/*.h5
+ rsync -az /ocean/projects/cis240052p/pbhowal/2d_Representation_Hierarchical_Policy_Learning/Articubot_Data/one_object_4_point_sqrt_heatmap/2025-11-07-21-56-19.h5 /local/slurm-38431198/local/pbhowal/one_object_4_point_sqrt_heatmap/
+ for f in "$SRC_DIR"/*.h5
+ rsync -az /ocean/projects/cis240052p/pbhowal/2d_Representation_Hierarchical_Policy_Learning/Articubot_Data/one_object_4_point_sqrt_heatmap/2025-11-07-21-58-07.h5 /local/slurm-38431198/local/pbhowal/one_object_4_point_sqrt_heatmap/
+ for f in "$SRC_DIR"/*.h5
+ rsync -az /ocean/projects/cis240052p/pbhowal/2d_Representation_Hierarchical_Policy_Learning/Articubot_Data/one_object_4_point_sqrt_heatmap/2025-11-07-22-00-00.h5 /local/slurm-38431198/local/pbhowal/one_object_4_point_sqrt_heatmap/
+ for f in "$SRC_DIR"/*.h5
+ rsync -az /ocean/projects/cis240052p/pbhowal/2d_Representation_Hierarchical_Policy_Learning/Articubot_Data/one_object_4_point_sqrt_heatmap/2025-11-07-22-01-37.h5 /local/slurm-38431198/local/pbhowal/one_object_4_point_sqrt_heatmap/
+ for f in "$SRC_DIR"/*.h5
+ rsync -az /ocean/projects/cis240052p/pbhowal/2d_Representation_Hierarchical_Policy_Learning/Articubot_Data/one_object_4_point_sqrt_heatmap/2025-11-07-22-03-00.h5 /local/slurm-38431198/local/pbhowal/one_object_4_point_sqrt_heatmap/
+ for f in "$SRC_DIR"/*.h5
+ for f in "$SRC_DIR"/*.h5
+ rsync -az /ocean/projects/cis240052p/pbhowal/2d_Representation_Hierarchical_Policy_Learning/Articubot_Data/one_object_4_point_sqrt_heatmap/2025-11-07-22-06-29.h5 /local/slurm-38431198/local/pbhowal/one_object_4_point_sqrt_heatmap/
+ for f in "$SRC_DIR"/*.h5
+ for f in "$SRC_DIR"/*.h5
+ rsync -az /ocean/projects/cis240052p/pbhowal/2d_Representation_Hierarchical_Policy_Learning/Articubot_Data/one_object_4_point_sqrt_heatmap/2025-11-07-22-08-01.h5 /local/slurm-38431198/local/pbhowal/one_object_4_point_sqrt_heatmap/
+ for f in "$SRC_DIR"/*.h5
+ rsync -az /ocean/projects/cis240052p/pbhowal/2d_Representation_Hierarchical_Policy_Learning/Articubot_Data/one_object_4_point_sqrt_heatmap/2025-11-07-22-10-59.h5 /local/slurm-38431198/local/pbhowal/one_object_4_point_sqrt_heatmap/
+ for f in "$SRC_DIR"/*.h5
+ rsync -az /ocean/projects/cis240052p/pbhowal/2d_Representation_Hierarchical_Policy_Learning/Articubot_Data/one_object_4_point_sqrt_heatmap/2025-11-07-22-12-31.h5 /local/slurm-38431198/local/pbhowal/one_object_4_point_sqrt_heatmap/
+ rsync -az /ocean/projects/cis240052p/pbhowal/2d_Representation_Hierarchical_Policy_Learning/Articubot_Data/one_object_4_point_sqrt_heatmap/2025-11-07-22-04-55.h5 /local/slurm-38431198/local/pbhowal/one_object_4_point_sqrt_heatmap/
+ for f in "$SRC_DIR"/*.h5
+ for f in "$SRC_DIR"/*.h5
+ rsync -az /ocean/projects/cis240052p/pbhowal/2d_Representation_Hierarchical_Policy_Learning/Articubot_Data/one_object_4_point_sqrt_heatmap/2025-11-07-22-13-44.h5 /local/slurm-38431198/local/pbhowal/one_object_4_point_sqrt_heatmap/
+ for f in "$SRC_DIR"/*.h5
+ rsync -az /ocean/projects/cis240052p/pbhowal/2d_Representation_Hierarchical_Policy_Learning/Articubot_Data/one_object_4_point_sqrt_heatmap/2025-11-07-22-16-38.h5 /local/slurm-38431198/local/pbhowal/one_object_4_point_sqrt_heatmap/
+ for f in "$SRC_DIR"/*.h5
+ rsync -az /ocean/projects/cis240052p/pbhowal/2d_Representation_Hierarchical_Policy_Learning/Articubot_Data/one_object_4_point_sqrt_heatmap/2025-11-07-22-09-29.h5 /local/slurm-38431198/local/pbhowal/one_object_4_point_sqrt_heatmap/
+ rsync -az /ocean/projects/cis240052p/pbhowal/2d_Representation_Hierarchical_Policy_Learning/Articubot_Data/one_object_4_point_sqrt_heatmap/2025-11-07-22-17-48.h5 /local/slurm-38431198/local/pbhowal/one_object_4_point_sqrt_heatmap/
+ for f in "$SRC_DIR"/*.h5
+ for f in "$SRC_DIR"/*.h5
+ rsync -az /ocean/projects/cis240052p/pbhowal/2d_Representation_Hierarchical_Policy_Learning/Articubot_Data/one_object_4_point_sqrt_heatmap/2025-11-07-22-22-36.h5 /local/slurm-38431198/local/pbhowal/one_object_4_point_sqrt_heatmap/
+ for f in "$SRC_DIR"/*.h5
+ rsync -az /ocean/projects/cis240052p/pbhowal/2d_Representation_Hierarchical_Policy_Learning/Articubot_Data/one_object_4_point_sqrt_heatmap/2025-11-07-22-24-19.h5 /local/slurm-38431198/local/pbhowal/one_object_4_point_sqrt_heatmap/
+ rsync -az /ocean/projects/cis240052p/pbhowal/2d_Representation_Hierarchical_Policy_Learning/Articubot_Data/one_object_4_point_sqrt_heatmap/2025-11-07-22-14-41.h5 /local/slurm-38431198/local/pbhowal/one_object_4_point_sqrt_heatmap/
+ for f in "$SRC_DIR"/*.h5
+ rsync -az /ocean/projects/cis240052p/pbhowal/2d_Representation_Hierarchical_Policy_Learning/Articubot_Data/one_object_4_point_sqrt_heatmap/2025-11-07-22-27-46.h5 /local/slurm-38431198/local/pbhowal/one_object_4_point_sqrt_heatmap/
+ for f in "$SRC_DIR"/*.h5
+ rsync -az /ocean/projects/cis240052p/pbhowal/2d_Representation_Hierarchical_Policy_Learning/Articubot_Data/one_object_4_point_sqrt_heatmap/2025-11-07-22-29-19.h5 /local/slurm-38431198/local/pbhowal/one_object_4_point_sqrt_heatmap/
+ for f in "$SRC_DIR"/*.h5
+ rsync -az /ocean/projects/cis240052p/pbhowal/2d_Representation_Hierarchical_Policy_Learning/Articubot_Data/one_object_4_point_sqrt_heatmap/2025-11-07-22-32-19.h5 /local/slurm-38431198/local/pbhowal/one_object_4_point_sqrt_heatmap/
+ rsync -az /ocean/projects/cis240052p/pbhowal/2d_Representation_Hierarchical_Policy_Learning/Articubot_Data/one_object_4_point_sqrt_heatmap/2025-11-07-22-19-31.h5 /local/slurm-38431198/local/pbhowal/one_object_4_point_sqrt_heatmap/
+ for f in "$SRC_DIR"/*.h5
+ rsync -az /ocean/projects/cis240052p/pbhowal/2d_Representation_Hierarchical_Policy_Learning/Articubot_Data/one_object_4_point_sqrt_heatmap/2025-11-07-22-34-05.h5 /local/slurm-38431198/local/pbhowal/one_object_4_point_sqrt_heatmap/
+ for f in "$SRC_DIR"/*.h5
+ rsync -az /ocean/projects/cis240052p/pbhowal/2d_Representation_Hierarchical_Policy_Learning/Articubot_Data/one_object_4_point_sqrt_heatmap/2025-11-07-22-35-03.h5 /local/slurm-38431198/local/pbhowal/one_object_4_point_sqrt_heatmap/
+ for f in "$SRC_DIR"/*.h5
+ rsync -az /ocean/projects/cis240052p/pbhowal/2d_Representation_Hierarchical_Policy_Learning/Articubot_Data/one_object_4_point_sqrt_heatmap/2025-11-07-22-36-35.h5 /local/slurm-38431198/local/pbhowal/one_object_4_point_sqrt_heatmap/
+ rsync -az /ocean/projects/cis240052p/pbhowal/2d_Representation_Hierarchical_Policy_Learning/Articubot_Data/one_object_4_point_sqrt_heatmap/2025-11-07-21-04-43.h5 /local/slurm-38431198/local/pbhowal/one_object_4_point_sqrt_heatmap/
+ rsync -az /ocean/projects/cis240052p/pbhowal/2d_Representation_Hierarchical_Policy_Learning/Articubot_Data/one_object_4_point_sqrt_heatmap/2025-11-07-22-38-14.h5 /local/slurm-38431198/local/pbhowal/one_object_4_point_sqrt_heatmap/
+ rsync -az /ocean/projects/cis240052p/pbhowal/2d_Representation_Hierarchical_Policy_Learning/Articubot_Data/one_object_4_point_sqrt_heatmap/2025-11-07-21-03-07.h5 /local/slurm-38431198/local/pbhowal/one_object_4_point_sqrt_heatmap/
+ for f in "$SRC_DIR"/*.h5
+ for f in "$SRC_DIR"/*.h5
+ rsync -az /ocean/projects/cis240052p/pbhowal/2d_Representation_Hierarchical_Policy_Learning/Articubot_Data/one_object_4_point_sqrt_heatmap/2025-11-07-22-40-19.h5 /local/slurm-38431198/local/pbhowal/one_object_4_point_sqrt_heatmap/
+ for f in "$SRC_DIR"/*.h5
+ rsync -az /ocean/projects/cis240052p/pbhowal/2d_Representation_Hierarchical_Policy_Learning/Articubot_Data/one_object_4_point_sqrt_heatmap/2025-11-07-22-41-49.h5 /local/slurm-38431198/local/pbhowal/one_object_4_point_sqrt_heatmap/
+ for f in "$SRC_DIR"/*.h5
+ rsync -az /ocean/projects/cis240052p/pbhowal/2d_Representation_Hierarchical_Policy_Learning/Articubot_Data/one_object_4_point_sqrt_heatmap/2025-11-07-22-43-30.h5 /local/slurm-38431198/local/pbhowal/one_object_4_point_sqrt_heatmap/
+ for f in "$SRC_DIR"/*.h5
+ rsync -az /ocean/projects/cis240052p/pbhowal/2d_Representation_Hierarchical_Policy_Learning/Articubot_Data/one_object_4_point_sqrt_heatmap/2025-11-07-22-45-00.h5 /local/slurm-38431198/local/pbhowal/one_object_4_point_sqrt_heatmap/
+ for f in "$SRC_DIR"/*.h5
+ rsync -az /ocean/projects/cis240052p/pbhowal/2d_Representation_Hierarchical_Policy_Learning/Articubot_Data/one_object_4_point_sqrt_heatmap/2025-11-07-22-46-35.h5 /local/slurm-38431198/local/pbhowal/one_object_4_point_sqrt_heatmap/
+ for f in "$SRC_DIR"/*.h5
+ rsync -az /ocean/projects/cis240052p/pbhowal/2d_Representation_Hierarchical_Policy_Learning/Articubot_Data/one_object_4_point_sqrt_heatmap/2025-11-07-22-48-02.h5 /local/slurm-38431198/local/pbhowal/one_object_4_point_sqrt_heatmap/
+ for f in "$SRC_DIR"/*.h5
+ for f in "$SRC_DIR"/*.h5
+ rsync -az /ocean/projects/cis240052p/pbhowal/2d_Representation_Hierarchical_Policy_Learning/Articubot_Data/one_object_4_point_sqrt_heatmap/2025-11-07-22-50-34.h5 /local/slurm-38431198/local/pbhowal/one_object_4_point_sqrt_heatmap/
+ for f in "$SRC_DIR"/*.h5
+ rsync -az /ocean/projects/cis240052p/pbhowal/2d_Representation_Hierarchical_Policy_Learning/Articubot_Data/one_object_4_point_sqrt_heatmap/2025-11-07-22-52-18.h5 /local/slurm-38431198/local/pbhowal/one_object_4_point_sqrt_heatmap/
+ for f in "$SRC_DIR"/*.h5
+ rsync -az /ocean/projects/cis240052p/pbhowal/2d_Representation_Hierarchical_Policy_Learning/Articubot_Data/one_object_4_point_sqrt_heatmap/2025-11-07-22-53-37.h5 /local/slurm-38431198/local/pbhowal/one_object_4_point_sqrt_heatmap/
+ for f in "$SRC_DIR"/*.h5
+ rsync -az /ocean/projects/cis240052p/pbhowal/2d_Representation_Hierarchical_Policy_Learning/Articubot_Data/one_object_4_point_sqrt_heatmap/2025-11-07-22-55-07.h5 /local/slurm-38431198/local/pbhowal/one_object_4_point_sqrt_heatmap/
+ for f in "$SRC_DIR"/*.h5
+ rsync -az /ocean/projects/cis240052p/pbhowal/2d_Representation_Hierarchical_Policy_Learning/Articubot_Data/one_object_4_point_sqrt_heatmap/2025-11-07-22-56-03.h5 /local/slurm-38431198/local/pbhowal/one_object_4_point_sqrt_heatmap/
+ for f in "$SRC_DIR"/*.h5
+ for f in "$SRC_DIR"/*.h5
+ rsync -az /ocean/projects/cis240052p/pbhowal/2d_Representation_Hierarchical_Policy_Learning/Articubot_Data/one_object_4_point_sqrt_heatmap/2025-11-07-22-57-20.h5 /local/slurm-38431198/local/pbhowal/one_object_4_point_sqrt_heatmap/
+ for f in "$SRC_DIR"/*.h5
+ rsync -az /ocean/projects/cis240052p/pbhowal/2d_Representation_Hierarchical_Policy_Learning/Articubot_Data/one_object_4_point_sqrt_heatmap/2025-11-07-22-59-47.h5 /local/slurm-38431198/local/pbhowal/one_object_4_point_sqrt_heatmap/
+ for f in "$SRC_DIR"/*.h5
+ rsync -az /ocean/projects/cis240052p/pbhowal/2d_Representation_Hierarchical_Policy_Learning/Articubot_Data/one_object_4_point_sqrt_heatmap/2025-11-07-22-58-48.h5 /local/slurm-38431198/local/pbhowal/one_object_4_point_sqrt_heatmap/
+ for f in "$SRC_DIR"/*.h5
+ rsync -az /ocean/projects/cis240052p/pbhowal/2d_Representation_Hierarchical_Policy_Learning/Articubot_Data/one_object_4_point_sqrt_heatmap/2025-11-07-23-01-23.h5 /local/slurm-38431198/local/pbhowal/one_object_4_point_sqrt_heatmap/
+ for f in "$SRC_DIR"/*.h5
+ for f in "$SRC_DIR"/*.h5
+ for f in "$SRC_DIR"/*.h5
+ for f in "$SRC_DIR"/*.h5
+ for f in "$SRC_DIR"/*.h5
+ rsync -az /ocean/projects/cis240052p/pbhowal/2d_Representation_Hierarchical_Policy_Learning/Articubot_Data/one_object_4_point_sqrt_heatmap/2025-11-07-23-14-25.h5 /local/slurm-38431198/local/pbhowal/one_object_4_point_sqrt_heatmap/
+ for f in "$SRC_DIR"/*.h5
+ for f in "$SRC_DIR"/*.h5
+ rsync -az /ocean/projects/cis240052p/pbhowal/2d_Representation_Hierarchical_Policy_Learning/Articubot_Data/one_object_4_point_sqrt_heatmap/2025-11-07-23-03-16.h5 /local/slurm-38431198/local/pbhowal/one_object_4_point_sqrt_heatmap/
+ rsync -az /ocean/projects/cis240052p/pbhowal/2d_Representation_Hierarchical_Policy_Learning/Articubot_Data/one_object_4_point_sqrt_heatmap/2025-11-07-23-09-38.h5 /local/slurm-38431198/local/pbhowal/one_object_4_point_sqrt_heatmap/
+ rsync -az /ocean/projects/cis240052p/pbhowal/2d_Representation_Hierarchical_Policy_Learning/Articubot_Data/one_object_4_point_sqrt_heatmap/2025-11-07-23-15-36.h5 /local/slurm-38431198/local/pbhowal/one_object_4_point_sqrt_heatmap/
+ for f in "$SRC_DIR"/*.h5
+ rsync -az /ocean/projects/cis240052p/pbhowal/2d_Representation_Hierarchical_Policy_Learning/Articubot_Data/one_object_4_point_sqrt_heatmap/2025-11-07-23-17-03.h5 /local/slurm-38431198/local/pbhowal/one_object_4_point_sqrt_heatmap/
+ for f in "$SRC_DIR"/*.h5
+ for f in "$SRC_DIR"/*.h5
+ rsync -az /ocean/projects/cis240052p/pbhowal/2d_Representation_Hierarchical_Policy_Learning/Articubot_Data/one_object_4_point_sqrt_heatmap/2025-11-07-23-19-16.h5 /local/slurm-38431198/local/pbhowal/one_object_4_point_sqrt_heatmap/
+ rsync -az /ocean/projects/cis240052p/pbhowal/2d_Representation_Hierarchical_Policy_Learning/Articubot_Data/one_object_4_point_sqrt_heatmap/2025-11-07-23-11-20.h5 /local/slurm-38431198/local/pbhowal/one_object_4_point_sqrt_heatmap/
+ for f in "$SRC_DIR"/*.h5
+ rsync -az /ocean/projects/cis240052p/pbhowal/2d_Representation_Hierarchical_Policy_Learning/Articubot_Data/one_object_4_point_sqrt_heatmap/2025-11-07-23-22-04.h5 /local/slurm-38431198/local/pbhowal/one_object_4_point_sqrt_heatmap/
+ for f in "$SRC_DIR"/*.h5
+ for f in "$SRC_DIR"/*.h5
+ rsync -az /ocean/projects/cis240052p/pbhowal/2d_Representation_Hierarchical_Policy_Learning/Articubot_Data/one_object_4_point_sqrt_heatmap/2025-11-07-23-31-04.h5 /local/slurm-38431198/local/pbhowal/one_object_4_point_sqrt_heatmap/
+ for f in "$SRC_DIR"/*.h5
+ rsync -az /ocean/projects/cis240052p/pbhowal/2d_Representation_Hierarchical_Policy_Learning/Articubot_Data/one_object_4_point_sqrt_heatmap/2025-11-07-23-32-59.h5 /local/slurm-38431198/local/pbhowal/one_object_4_point_sqrt_heatmap/
+ for f in "$SRC_DIR"/*.h5
+ rsync -az /ocean/projects/cis240052p/pbhowal/2d_Representation_Hierarchical_Policy_Learning/Articubot_Data/one_object_4_point_sqrt_heatmap/2025-11-07-23-28-56.h5 /local/slurm-38431198/local/pbhowal/one_object_4_point_sqrt_heatmap/
+ rsync -az /ocean/projects/cis240052p/pbhowal/2d_Representation_Hierarchical_Policy_Learning/Articubot_Data/one_object_4_point_sqrt_heatmap/2025-11-07-23-36-07.h5 /local/slurm-38431198/local/pbhowal/one_object_4_point_sqrt_heatmap/
+ for f in "$SRC_DIR"/*.h5
+ rsync -az /ocean/projects/cis240052p/pbhowal/2d_Representation_Hierarchical_Policy_Learning/Articubot_Data/one_object_4_point_sqrt_heatmap/2025-11-07-23-37-51.h5 /local/slurm-38431198/local/pbhowal/one_object_4_point_sqrt_heatmap/
+ for f in "$SRC_DIR"/*.h5
+ rsync -az /ocean/projects/cis240052p/pbhowal/2d_Representation_Hierarchical_Policy_Learning/Articubot_Data/one_object_4_point_sqrt_heatmap/2025-11-07-23-27-23.h5 /local/slurm-38431198/local/pbhowal/one_object_4_point_sqrt_heatmap/
+ for f in "$SRC_DIR"/*.h5
+ rsync -az /ocean/projects/cis240052p/pbhowal/2d_Representation_Hierarchical_Policy_Learning/Articubot_Data/one_object_4_point_sqrt_heatmap/2025-11-07-23-39-04.h5 /local/slurm-38431198/local/pbhowal/one_object_4_point_sqrt_heatmap/
+ for f in "$SRC_DIR"/*.h5
+ rsync -az /ocean/projects/cis240052p/pbhowal/2d_Representation_Hierarchical_Policy_Learning/Articubot_Data/one_object_4_point_sqrt_heatmap/2025-11-07-23-40-36.h5 /local/slurm-38431198/local/pbhowal/one_object_4_point_sqrt_heatmap/
+ rsync -az /ocean/projects/cis240052p/pbhowal/2d_Representation_Hierarchical_Policy_Learning/Articubot_Data/one_object_4_point_sqrt_heatmap/2025-11-07-23-41-32.h5 /local/slurm-38431198/local/pbhowal/one_object_4_point_sqrt_heatmap/
+ for f in "$SRC_DIR"/*.h5
+ rsync -az /ocean/projects/cis240052p/pbhowal/2d_Representation_Hierarchical_Policy_Learning/Articubot_Data/one_object_4_point_sqrt_heatmap/2025-11-07-23-42-32.h5 /local/slurm-38431198/local/pbhowal/one_object_4_point_sqrt_heatmap/
+ for f in "$SRC_DIR"/*.h5
+ rsync -az /ocean/projects/cis240052p/pbhowal/2d_Representation_Hierarchical_Policy_Learning/Articubot_Data/one_object_4_point_sqrt_heatmap/2025-11-07-23-44-41.h5 /local/slurm-38431198/local/pbhowal/one_object_4_point_sqrt_heatmap/
+ for f in "$SRC_DIR"/*.h5
+ rsync -az /ocean/projects/cis240052p/pbhowal/2d_Representation_Hierarchical_Policy_Learning/Articubot_Data/one_object_4_point_sqrt_heatmap/2025-11-07-23-45-44.h5 /local/slurm-38431198/local/pbhowal/one_object_4_point_sqrt_heatmap/
+ for f in "$SRC_DIR"/*.h5
+ rsync -az /ocean/projects/cis240052p/pbhowal/2d_Representation_Hierarchical_Policy_Learning/Articubot_Data/one_object_4_point_sqrt_heatmap/2025-11-07-23-47-02.h5 /local/slurm-38431198/local/pbhowal/one_object_4_point_sqrt_heatmap/
+ for f in "$SRC_DIR"/*.h5
+ rsync -az /ocean/projects/cis240052p/pbhowal/2d_Representation_Hierarchical_Policy_Learning/Articubot_Data/one_object_4_point_sqrt_heatmap/2025-11-07-23-49-06.h5 /local/slurm-38431198/local/pbhowal/one_object_4_point_sqrt_heatmap/
+ for f in "$SRC_DIR"/*.h5
+ for f in "$SRC_DIR"/*.h5
+ rsync -az /ocean/projects/cis240052p/pbhowal/2d_Representation_Hierarchical_Policy_Learning/Articubot_Data/one_object_4_point_sqrt_heatmap/2025-11-07-23-51-39.h5 /local/slurm-38431198/local/pbhowal/one_object_4_point_sqrt_heatmap/
+ for f in "$SRC_DIR"/*.h5
+ rsync -az /ocean/projects/cis240052p/pbhowal/2d_Representation_Hierarchical_Policy_Learning/Articubot_Data/one_object_4_point_sqrt_heatmap/2025-11-07-23-50-03.h5 /local/slurm-38431198/local/pbhowal/one_object_4_point_sqrt_heatmap/
+ for f in "$SRC_DIR"/*.h5
+ rsync -az /ocean/projects/cis240052p/pbhowal/2d_Representation_Hierarchical_Policy_Learning/Articubot_Data/one_object_4_point_sqrt_heatmap/2025-11-07-23-54-17.h5 /local/slurm-38431198/local/pbhowal/one_object_4_point_sqrt_heatmap/
+ for f in "$SRC_DIR"/*.h5
+ for f in "$SRC_DIR"/*.h5
+ rsync -az /ocean/projects/cis240052p/pbhowal/2d_Representation_Hierarchical_Policy_Learning/Articubot_Data/one_object_4_point_sqrt_heatmap/2025-11-07-23-57-45.h5 /local/slurm-38431198/local/pbhowal/one_object_4_point_sqrt_heatmap/
+ for f in "$SRC_DIR"/*.h5
+ rsync -az /ocean/projects/cis240052p/pbhowal/2d_Representation_Hierarchical_Policy_Learning/Articubot_Data/one_object_4_point_sqrt_heatmap/2025-11-07-23-52-49.h5 /local/slurm-38431198/local/pbhowal/one_object_4_point_sqrt_heatmap/
+ rsync -az /ocean/projects/cis240052p/pbhowal/2d_Representation_Hierarchical_Policy_Learning/Articubot_Data/one_object_4_point_sqrt_heatmap/2025-11-07-23-59-12.h5 /local/slurm-38431198/local/pbhowal/one_object_4_point_sqrt_heatmap/
+ for f in "$SRC_DIR"/*.h5
+ rsync -az /ocean/projects/cis240052p/pbhowal/2d_Representation_Hierarchical_Policy_Learning/Articubot_Data/one_object_4_point_sqrt_heatmap/2025-11-08-00-02-05.h5 /local/slurm-38431198/local/pbhowal/one_object_4_point_sqrt_heatmap/
+ for f in "$SRC_DIR"/*.h5
+ for f in "$SRC_DIR"/*.h5
+ for f in "$SRC_DIR"/*.h5
+ rsync -az /ocean/projects/cis240052p/pbhowal/2d_Representation_Hierarchical_Policy_Learning/Articubot_Data/one_object_4_point_sqrt_heatmap/2025-11-07-23-56-02.h5 /local/slurm-38431198/local/pbhowal/one_object_4_point_sqrt_heatmap/
+ rsync -az /ocean/projects/cis240052p/pbhowal/2d_Representation_Hierarchical_Policy_Learning/Articubot_Data/one_object_4_point_sqrt_heatmap/2025-11-08-00-03-29.h5 /local/slurm-38431198/local/pbhowal/one_object_4_point_sqrt_heatmap/
+ rsync -az /ocean/projects/cis240052p/pbhowal/2d_Representation_Hierarchical_Policy_Learning/Articubot_Data/one_object_4_point_sqrt_heatmap/2025-11-08-00-04-57.h5 /local/slurm-38431198/local/pbhowal/one_object_4_point_sqrt_heatmap/
+ for f in "$SRC_DIR"/*.h5
+ for f in "$SRC_DIR"/*.h5
+ for f in "$SRC_DIR"/*.h5
+ rsync -az /ocean/projects/cis240052p/pbhowal/2d_Representation_Hierarchical_Policy_Learning/Articubot_Data/one_object_4_point_sqrt_heatmap/2025-11-07-23-04-56.h5 /local/slurm-38431198/local/pbhowal/one_object_4_point_sqrt_heatmap/
+ rsync -az /ocean/projects/cis240052p/pbhowal/2d_Representation_Hierarchical_Policy_Learning/Articubot_Data/one_object_4_point_sqrt_heatmap/2025-11-07-23-23-40.h5 /local/slurm-38431198/local/pbhowal/one_object_4_point_sqrt_heatmap/
+ rsync -az /ocean/projects/cis240052p/pbhowal/2d_Representation_Hierarchical_Policy_Learning/Articubot_Data/one_object_4_point_sqrt_heatmap/2025-11-08-00-14-06.h5 /local/slurm-38431198/local/pbhowal/one_object_4_point_sqrt_heatmap/
+ rsync -az /ocean/projects/cis240052p/pbhowal/2d_Representation_Hierarchical_Policy_Learning/Articubot_Data/one_object_4_point_sqrt_heatmap/2025-11-07-21-22-39.h5 /local/slurm-38431198/local/pbhowal/one_object_4_point_sqrt_heatmap/
+ rsync -az /ocean/projects/cis240052p/pbhowal/2d_Representation_Hierarchical_Policy_Learning/Articubot_Data/one_object_4_point_sqrt_heatmap/2025-11-08-00-11-10.h5 /local/slurm-38431198/local/pbhowal/one_object_4_point_sqrt_heatmap/
+ rsync -az /ocean/projects/cis240052p/pbhowal/2d_Representation_Hierarchical_Policy_Learning/Articubot_Data/one_object_4_point_sqrt_heatmap/2025-11-07-23-12-53.h5 /local/slurm-38431198/local/pbhowal/one_object_4_point_sqrt_heatmap/
+ rsync -az /ocean/projects/cis240052p/pbhowal/2d_Representation_Hierarchical_Policy_Learning/Articubot_Data/one_object_4_point_sqrt_heatmap/2025-11-07-22-49-03.h5 /local/slurm-38431198/local/pbhowal/one_object_4_point_sqrt_heatmap/
+ rsync -az /ocean/projects/cis240052p/pbhowal/2d_Representation_Hierarchical_Policy_Learning/Articubot_Data/one_object_4_point_sqrt_heatmap/2025-11-08-00-12-36.h5 /local/slurm-38431198/local/pbhowal/one_object_4_point_sqrt_heatmap/
+ for f in "$SRC_DIR"/*.h5
+ rsync -az /ocean/projects/cis240052p/pbhowal/2d_Representation_Hierarchical_Policy_Learning/Articubot_Data/one_object_4_point_sqrt_heatmap/2025-11-08-00-18-29.h5 /local/slurm-38431198/local/pbhowal/one_object_4_point_sqrt_heatmap/
+ for f in "$SRC_DIR"/*.h5
+ for f in "$SRC_DIR"/*.h5
+ rsync -az /ocean/projects/cis240052p/pbhowal/2d_Representation_Hierarchical_Policy_Learning/Articubot_Data/one_object_4_point_sqrt_heatmap/2025-11-08-00-21-34.h5 /local/slurm-38431198/local/pbhowal/one_object_4_point_sqrt_heatmap/
+ for f in "$SRC_DIR"/*.h5
+ rsync -az /ocean/projects/cis240052p/pbhowal/2d_Representation_Hierarchical_Policy_Learning/Articubot_Data/one_object_4_point_sqrt_heatmap/2025-11-08-00-24-38.h5 /local/slurm-38431198/local/pbhowal/one_object_4_point_sqrt_heatmap/
+ for f in "$SRC_DIR"/*.h5
+ for f in "$SRC_DIR"/*.h5
+ rsync -az /ocean/projects/cis240052p/pbhowal/2d_Representation_Hierarchical_Policy_Learning/Articubot_Data/one_object_4_point_sqrt_heatmap/2025-11-08-00-26-12.h5 /local/slurm-38431198/local/pbhowal/one_object_4_point_sqrt_heatmap/
+ rsync -az /ocean/projects/cis240052p/pbhowal/2d_Representation_Hierarchical_Policy_Learning/Articubot_Data/one_object_4_point_sqrt_heatmap/2025-11-08-00-27-40.h5 /local/slurm-38431198/local/pbhowal/one_object_4_point_sqrt_heatmap/
+ for f in "$SRC_DIR"/*.h5
+ for f in "$SRC_DIR"/*.h5
+ rsync -az /ocean/projects/cis240052p/pbhowal/2d_Representation_Hierarchical_Policy_Learning/Articubot_Data/one_object_4_point_sqrt_heatmap/2025-11-08-00-31-24.h5 /local/slurm-38431198/local/pbhowal/one_object_4_point_sqrt_heatmap/
+ for f in "$SRC_DIR"/*.h5
+ rsync -az /ocean/projects/cis240052p/pbhowal/2d_Representation_Hierarchical_Policy_Learning/Articubot_Data/one_object_4_point_sqrt_heatmap/2025-11-08-00-32-57.h5 /local/slurm-38431198/local/pbhowal/one_object_4_point_sqrt_heatmap/
+ for f in "$SRC_DIR"/*.h5
+ rsync -az /ocean/projects/cis240052p/pbhowal/2d_Representation_Hierarchical_Policy_Learning/Articubot_Data/one_object_4_point_sqrt_heatmap/2025-11-08-00-34-36.h5 /local/slurm-38431198/local/pbhowal/one_object_4_point_sqrt_heatmap/
+ for f in "$SRC_DIR"/*.h5
+ rsync -az /ocean/projects/cis240052p/pbhowal/2d_Representation_Hierarchical_Policy_Learning/Articubot_Data/one_object_4_point_sqrt_heatmap/2025-11-08-00-36-06.h5 /local/slurm-38431198/local/pbhowal/one_object_4_point_sqrt_heatmap/
+ for f in "$SRC_DIR"/*.h5
+ for f in "$SRC_DIR"/*.h5
+ rsync -az /ocean/projects/cis240052p/pbhowal/2d_Representation_Hierarchical_Policy_Learning/Articubot_Data/one_object_4_point_sqrt_heatmap/2025-11-08-00-37-43.h5 /local/slurm-38431198/local/pbhowal/one_object_4_point_sqrt_heatmap/
+ for f in "$SRC_DIR"/*.h5
+ rsync -az /ocean/projects/cis240052p/pbhowal/2d_Representation_Hierarchical_Policy_Learning/Articubot_Data/one_object_4_point_sqrt_heatmap/2025-11-08-00-39-07.h5 /local/slurm-38431198/local/pbhowal/one_object_4_point_sqrt_heatmap/
+ for f in "$SRC_DIR"/*.h5
+ for f in "$SRC_DIR"/*.h5
+ for f in "$SRC_DIR"/*.h5
+ rsync -az /ocean/projects/cis240052p/pbhowal/2d_Representation_Hierarchical_Policy_Learning/Articubot_Data/one_object_4_point_sqrt_heatmap/2025-11-08-00-48-41.h5 /local/slurm-38431198/local/pbhowal/one_object_4_point_sqrt_heatmap/
+ for f in "$SRC_DIR"/*.h5
+ for f in "$SRC_DIR"/*.h5
+ rsync -az /ocean/projects/cis240052p/pbhowal/2d_Representation_Hierarchical_Policy_Learning/Articubot_Data/one_object_4_point_sqrt_heatmap/2025-11-08-00-50-15.h5 /local/slurm-38431198/local/pbhowal/one_object_4_point_sqrt_heatmap/
+ for f in "$SRC_DIR"/*.h5
+ rsync -az /ocean/projects/cis240052p/pbhowal/2d_Representation_Hierarchical_Policy_Learning/Articubot_Data/one_object_4_point_sqrt_heatmap/2025-11-08-00-41-13.h5 /local/slurm-38431198/local/pbhowal/one_object_4_point_sqrt_heatmap/
+ for f in "$SRC_DIR"/*.h5
+ rsync -az /ocean/projects/cis240052p/pbhowal/2d_Representation_Hierarchical_Policy_Learning/Articubot_Data/one_object_4_point_sqrt_heatmap/2025-11-08-00-57-55.h5 /local/slurm-38431198/local/pbhowal/one_object_4_point_sqrt_heatmap/
+ for f in "$SRC_DIR"/*.h5
+ for f in "$SRC_DIR"/*.h5
+ for f in "$SRC_DIR"/*.h5
+ rsync -az /ocean/projects/cis240052p/pbhowal/2d_Representation_Hierarchical_Policy_Learning/Articubot_Data/one_object_4_point_sqrt_heatmap/2025-11-08-01-01-44.h5 /local/slurm-38431198/local/pbhowal/one_object_4_point_sqrt_heatmap/
+ for f in "$SRC_DIR"/*.h5
+ for f in "$SRC_DIR"/*.h5
+ for f in "$SRC_DIR"/*.h5
+ for f in "$SRC_DIR"/*.h5
+ for f in "$SRC_DIR"/*.h5
+ rsync -az /ocean/projects/cis240052p/pbhowal/2d_Representation_Hierarchical_Policy_Learning/Articubot_Data/one_object_4_point_sqrt_heatmap/2025-11-08-00-52-15.h5 /local/slurm-38431198/local/pbhowal/one_object_4_point_sqrt_heatmap/
+ rsync -az /ocean/projects/cis240052p/pbhowal/2d_Representation_Hierarchical_Policy_Learning/Articubot_Data/one_object_4_point_sqrt_heatmap/2025-11-08-00-53-39.h5 /local/slurm-38431198/local/pbhowal/one_object_4_point_sqrt_heatmap/
+ rsync -az /ocean/projects/cis240052p/pbhowal/2d_Representation_Hierarchical_Policy_Learning/Articubot_Data/one_object_4_point_sqrt_heatmap/2025-11-08-00-59-43.h5 /local/slurm-38431198/local/pbhowal/one_object_4_point_sqrt_heatmap/
+ rsync -az /ocean/projects/cis240052p/pbhowal/2d_Representation_Hierarchical_Policy_Learning/Articubot_Data/one_object_4_point_sqrt_heatmap/2025-11-08-01-03-13.h5 /local/slurm-38431198/local/pbhowal/one_object_4_point_sqrt_heatmap/
+ rsync -az /ocean/projects/cis240052p/pbhowal/2d_Representation_Hierarchical_Policy_Learning/Articubot_Data/one_object_4_point_sqrt_heatmap/2025-11-08-00-20-00.h5 /local/slurm-38431198/local/pbhowal/one_object_4_point_sqrt_heatmap/
+ rsync -az /ocean/projects/cis240052p/pbhowal/2d_Representation_Hierarchical_Policy_Learning/Articubot_Data/one_object_4_point_sqrt_heatmap/2025-11-08-01-04-52.h5 /local/slurm-38431198/local/pbhowal/one_object_4_point_sqrt_heatmap/
+ rsync -az /ocean/projects/cis240052p/pbhowal/2d_Representation_Hierarchical_Policy_Learning/Articubot_Data/one_object_4_point_sqrt_heatmap/2025-11-08-01-07-51.h5 /local/slurm-38431198/local/pbhowal/one_object_4_point_sqrt_heatmap/
+ rsync -az /ocean/projects/cis240052p/pbhowal/2d_Representation_Hierarchical_Policy_Learning/Articubot_Data/one_object_4_point_sqrt_heatmap/2025-11-08-01-09-23.h5 /local/slurm-38431198/local/pbhowal/one_object_4_point_sqrt_heatmap/
+ rsync -az /ocean/projects/cis240052p/pbhowal/2d_Representation_Hierarchical_Policy_Learning/Articubot_Data/one_object_4_point_sqrt_heatmap/2025-11-08-01-13-56.h5 /local/slurm-38431198/local/pbhowal/one_object_4_point_sqrt_heatmap/
+ rsync -az /ocean/projects/cis240052p/pbhowal/2d_Representation_Hierarchical_Policy_Learning/Articubot_Data/one_object_4_point_sqrt_heatmap/2025-11-08-00-47-06.h5 /local/slurm-38431198/local/pbhowal/one_object_4_point_sqrt_heatmap/
+ rsync -az /ocean/projects/cis240052p/pbhowal/2d_Representation_Hierarchical_Policy_Learning/Articubot_Data/one_object_4_point_sqrt_heatmap/2025-11-08-01-15-03.h5 /local/slurm-38431198/local/pbhowal/one_object_4_point_sqrt_heatmap/
+ for f in "$SRC_DIR"/*.h5
+ for f in "$SRC_DIR"/*.h5
+ for f in "$SRC_DIR"/*.h5
+ for f in "$SRC_DIR"/*.h5
+ for f in "$SRC_DIR"/*.h5
+ rsync -az /ocean/projects/cis240052p/pbhowal/2d_Representation_Hierarchical_Policy_Learning/Articubot_Data/one_object_4_point_sqrt_heatmap/2025-11-08-01-17-53.h5 /local/slurm-38431198/local/pbhowal/one_object_4_point_sqrt_heatmap/
+ for f in "$SRC_DIR"/*.h5
+ for f in "$SRC_DIR"/*.h5
+ for f in "$SRC_DIR"/*.h5
+ for f in "$SRC_DIR"/*.h5
+ for f in "$SRC_DIR"/*.h5
+ for f in "$SRC_DIR"/*.h5
+ rsync -az /ocean/projects/cis240052p/pbhowal/2d_Representation_Hierarchical_Policy_Learning/Articubot_Data/one_object_4_point_sqrt_heatmap/2025-11-08-01-22-02.h5 /local/slurm-38431198/local/pbhowal/one_object_4_point_sqrt_heatmap/
+ for f in "$SRC_DIR"/*.h5
+ for f in "$SRC_DIR"/*.h5
+ rsync -az /ocean/projects/cis240052p/pbhowal/2d_Representation_Hierarchical_Policy_Learning/Articubot_Data/one_object_4_point_sqrt_heatmap/2025-11-08-01-16-23.h5 /local/slurm-38431198/local/pbhowal/one_object_4_point_sqrt_heatmap/
+ for f in "$SRC_DIR"/*.h5
+ for f in "$SRC_DIR"/*.h5
+ for f in "$SRC_DIR"/*.h5
+ rsync -az /ocean/projects/cis240052p/pbhowal/2d_Representation_Hierarchical_Policy_Learning/Articubot_Data/one_object_4_point_sqrt_heatmap/2025-11-08-01-37-16.h5 /local/slurm-38431198/local/pbhowal/one_object_4_point_sqrt_heatmap/
+ for f in "$SRC_DIR"/*.h5
+ for f in "$SRC_DIR"/*.h5
+ rsync -az /ocean/projects/cis240052p/pbhowal/2d_Representation_Hierarchical_Policy_Learning/Articubot_Data/one_object_4_point_sqrt_heatmap/2025-11-08-01-51-03.h5 /local/slurm-38431198/local/pbhowal/one_object_4_point_sqrt_heatmap/
+ for f in "$SRC_DIR"/*.h5
+ for f in "$SRC_DIR"/*.h5
+ for f in "$SRC_DIR"/*.h5
+ for f in "$SRC_DIR"/*.h5
+ rsync -az /ocean/projects/cis240052p/pbhowal/2d_Representation_Hierarchical_Policy_Learning/Articubot_Data/one_object_4_point_sqrt_heatmap/2025-11-08-01-56-05.h5 /local/slurm-38431198/local/pbhowal/one_object_4_point_sqrt_heatmap/
+ for f in "$SRC_DIR"/*.h5
+ for f in "$SRC_DIR"/*.h5
+ for f in "$SRC_DIR"/*.h5
+ for f in "$SRC_DIR"/*.h5
+ for f in "$SRC_DIR"/*.h5
+ for f in "$SRC_DIR"/*.h5
+ for f in "$SRC_DIR"/*.h5
+ rsync -az /ocean/projects/cis240052p/pbhowal/2d_Representation_Hierarchical_Policy_Learning/Articubot_Data/one_object_4_point_sqrt_heatmap/2025-11-08-02-01-45.h5 /local/slurm-38431198/local/pbhowal/one_object_4_point_sqrt_heatmap/
+ for f in "$SRC_DIR"/*.h5
+ for f in "$SRC_DIR"/*.h5
+ for f in "$SRC_DIR"/*.h5
+ for f in "$SRC_DIR"/*.h5
+ for f in "$SRC_DIR"/*.h5
+ for f in "$SRC_DIR"/*.h5
+ rsync -az /ocean/projects/cis240052p/pbhowal/2d_Representation_Hierarchical_Policy_Learning/Articubot_Data/one_object_4_point_sqrt_heatmap/2025-11-08-02-12-11.h5 /local/slurm-38431198/local/pbhowal/one_object_4_point_sqrt_heatmap/
+ for f in "$SRC_DIR"/*.h5
+ for f in "$SRC_DIR"/*.h5
+ for f in "$SRC_DIR"/*.h5
+ for f in "$SRC_DIR"/*.h5
+ for f in "$SRC_DIR"/*.h5
+ for f in "$SRC_DIR"/*.h5
+ rsync -az /ocean/projects/cis240052p/pbhowal/2d_Representation_Hierarchical_Policy_Learning/Articubot_Data/one_object_4_point_sqrt_heatmap/2025-11-08-02-30-07.h5 /local/slurm-38431198/local/pbhowal/one_object_4_point_sqrt_heatmap/
+ for f in "$SRC_DIR"/*.h5
+ for f in "$SRC_DIR"/*.h5
+ for f in "$SRC_DIR"/*.h5
+ for f in "$SRC_DIR"/*.h5
+ for f in "$SRC_DIR"/*.h5
+ for f in "$SRC_DIR"/*.h5
+ for f in "$SRC_DIR"/*.h5
+ rsync -az /ocean/projects/cis240052p/pbhowal/2d_Representation_Hierarchical_Policy_Learning/Articubot_Data/one_object_4_point_sqrt_heatmap/2025-11-08-02-39-27.h5 /local/slurm-38431198/local/pbhowal/one_object_4_point_sqrt_heatmap/
+ for f in "$SRC_DIR"/*.h5
+ for f in "$SRC_DIR"/*.h5
+ rsync -az /ocean/projects/cis240052p/pbhowal/2d_Representation_Hierarchical_Policy_Learning/Articubot_Data/one_object_4_point_sqrt_heatmap/2025-11-08-02-50-10.h5 /local/slurm-38431198/local/pbhowal/one_object_4_point_sqrt_heatmap/
+ rsync -az /ocean/projects/cis240052p/pbhowal/2d_Representation_Hierarchical_Policy_Learning/Articubot_Data/one_object_4_point_sqrt_heatmap/2025-11-08-00-43-11.h5 /local/slurm-38431198/local/pbhowal/one_object_4_point_sqrt_heatmap/
+ rsync -az /ocean/projects/cis240052p/pbhowal/2d_Representation_Hierarchical_Policy_Learning/Articubot_Data/one_object_4_point_sqrt_heatmap/2025-11-08-00-30-01.h5 /local/slurm-38431198/local/pbhowal/one_object_4_point_sqrt_heatmap/
+ rsync -az /ocean/projects/cis240052p/pbhowal/2d_Representation_Hierarchical_Policy_Learning/Articubot_Data/one_object_4_point_sqrt_heatmap/2025-11-08-01-19-17.h5 /local/slurm-38431198/local/pbhowal/one_object_4_point_sqrt_heatmap/
+ rsync -az /ocean/projects/cis240052p/pbhowal/2d_Representation_Hierarchical_Policy_Learning/Articubot_Data/one_object_4_point_sqrt_heatmap/2025-11-08-01-20-31.h5 /local/slurm-38431198/local/pbhowal/one_object_4_point_sqrt_heatmap/
+ rsync -az /ocean/projects/cis240052p/pbhowal/2d_Representation_Hierarchical_Policy_Learning/Articubot_Data/one_object_4_point_sqrt_heatmap/2025-11-08-01-23-45.h5 /local/slurm-38431198/local/pbhowal/one_object_4_point_sqrt_heatmap/
+ rsync -az /ocean/projects/cis240052p/pbhowal/2d_Representation_Hierarchical_Policy_Learning/Articubot_Data/one_object_4_point_sqrt_heatmap/2025-11-08-01-25-07.h5 /local/slurm-38431198/local/pbhowal/one_object_4_point_sqrt_heatmap/
+ rsync -az /ocean/projects/cis240052p/pbhowal/2d_Representation_Hierarchical_Policy_Learning/Articubot_Data/one_object_4_point_sqrt_heatmap/2025-11-08-01-29-07.h5 /local/slurm-38431198/local/pbhowal/one_object_4_point_sqrt_heatmap/
+ rsync -az /ocean/projects/cis240052p/pbhowal/2d_Representation_Hierarchical_Policy_Learning/Articubot_Data/one_object_4_point_sqrt_heatmap/2025-11-08-01-32-06.h5 /local/slurm-38431198/local/pbhowal/one_object_4_point_sqrt_heatmap/
+ rsync -az /ocean/projects/cis240052p/pbhowal/2d_Representation_Hierarchical_Policy_Learning/Articubot_Data/one_object_4_point_sqrt_heatmap/2025-11-08-01-35-03.h5 /local/slurm-38431198/local/pbhowal/one_object_4_point_sqrt_heatmap/
+ rsync -az /ocean/projects/cis240052p/pbhowal/2d_Representation_Hierarchical_Policy_Learning/Articubot_Data/one_object_4_point_sqrt_heatmap/2025-11-08-01-36-17.h5 /local/slurm-38431198/local/pbhowal/one_object_4_point_sqrt_heatmap/
+ rsync -az /ocean/projects/cis240052p/pbhowal/2d_Representation_Hierarchical_Policy_Learning/Articubot_Data/one_object_4_point_sqrt_heatmap/2025-11-08-01-41-53.h5 /local/slurm-38431198/local/pbhowal/one_object_4_point_sqrt_heatmap/
+ rsync -az /ocean/projects/cis240052p/pbhowal/2d_Representation_Hierarchical_Policy_Learning/Articubot_Data/one_object_4_point_sqrt_heatmap/2025-11-08-01-48-01.h5 /local/slurm-38431198/local/pbhowal/one_object_4_point_sqrt_heatmap/
+ rsync -az /ocean/projects/cis240052p/pbhowal/2d_Representation_Hierarchical_Policy_Learning/Articubot_Data/one_object_4_point_sqrt_heatmap/2025-11-08-01-57-34.h5 /local/slurm-38431198/local/pbhowal/one_object_4_point_sqrt_heatmap/
+ rsync -az /ocean/projects/cis240052p/pbhowal/2d_Representation_Hierarchical_Policy_Learning/Articubot_Data/one_object_4_point_sqrt_heatmap/2025-11-08-01-58-47.h5 /local/slurm-38431198/local/pbhowal/one_object_4_point_sqrt_heatmap/
+ rsync -az /ocean/projects/cis240052p/pbhowal/2d_Representation_Hierarchical_Policy_Learning/Articubot_Data/one_object_4_point_sqrt_heatmap/2025-11-08-02-00-15.h5 /local/slurm-38431198/local/pbhowal/one_object_4_point_sqrt_heatmap/
+ rsync -az /ocean/projects/cis240052p/pbhowal/2d_Representation_Hierarchical_Policy_Learning/Articubot_Data/one_object_4_point_sqrt_heatmap/2025-11-08-02-03-23.h5 /local/slurm-38431198/local/pbhowal/one_object_4_point_sqrt_heatmap/
+ rsync -az /ocean/projects/cis240052p/pbhowal/2d_Representation_Hierarchical_Policy_Learning/Articubot_Data/one_object_4_point_sqrt_heatmap/2025-11-08-02-04-50.h5 /local/slurm-38431198/local/pbhowal/one_object_4_point_sqrt_heatmap/
+ rsync -az /ocean/projects/cis240052p/pbhowal/2d_Representation_Hierarchical_Policy_Learning/Articubot_Data/one_object_4_point_sqrt_heatmap/2025-11-08-02-05-51.h5 /local/slurm-38431198/local/pbhowal/one_object_4_point_sqrt_heatmap/
+ rsync -az /ocean/projects/cis240052p/pbhowal/2d_Representation_Hierarchical_Policy_Learning/Articubot_Data/one_object_4_point_sqrt_heatmap/2025-11-08-02-14-27.h5 /local/slurm-38431198/local/pbhowal/one_object_4_point_sqrt_heatmap/
+ rsync -az /ocean/projects/cis240052p/pbhowal/2d_Representation_Hierarchical_Policy_Learning/Articubot_Data/one_object_4_point_sqrt_heatmap/2025-11-08-02-15-50.h5 /local/slurm-38431198/local/pbhowal/one_object_4_point_sqrt_heatmap/
+ rsync -az /ocean/projects/cis240052p/pbhowal/2d_Representation_Hierarchical_Policy_Learning/Articubot_Data/one_object_4_point_sqrt_heatmap/2025-11-08-02-18-18.h5 /local/slurm-38431198/local/pbhowal/one_object_4_point_sqrt_heatmap/
+ rsync -az /ocean/projects/cis240052p/pbhowal/2d_Representation_Hierarchical_Policy_Learning/Articubot_Data/one_object_4_point_sqrt_heatmap/2025-11-08-02-23-39.h5 /local/slurm-38431198/local/pbhowal/one_object_4_point_sqrt_heatmap/
+ rsync -az /ocean/projects/cis240052p/pbhowal/2d_Representation_Hierarchical_Policy_Learning/Articubot_Data/one_object_4_point_sqrt_heatmap/2025-11-08-02-25-35.h5 /local/slurm-38431198/local/pbhowal/one_object_4_point_sqrt_heatmap/
+ rsync -az /ocean/projects/cis240052p/pbhowal/2d_Representation_Hierarchical_Policy_Learning/Articubot_Data/one_object_4_point_sqrt_heatmap/2025-11-08-02-28-38.h5 /local/slurm-38431198/local/pbhowal/one_object_4_point_sqrt_heatmap/
+ rsync -az /ocean/projects/cis240052p/pbhowal/2d_Representation_Hierarchical_Policy_Learning/Articubot_Data/one_object_4_point_sqrt_heatmap/2025-11-08-02-31-45.h5 /local/slurm-38431198/local/pbhowal/one_object_4_point_sqrt_heatmap/
+ rsync -az /ocean/projects/cis240052p/pbhowal/2d_Representation_Hierarchical_Policy_Learning/Articubot_Data/one_object_4_point_sqrt_heatmap/2025-11-08-02-36-44.h5 /local/slurm-38431198/local/pbhowal/one_object_4_point_sqrt_heatmap/
+ rsync -az /ocean/projects/cis240052p/pbhowal/2d_Representation_Hierarchical_Policy_Learning/Articubot_Data/one_object_4_point_sqrt_heatmap/2025-11-08-02-37-56.h5 /local/slurm-38431198/local/pbhowal/one_object_4_point_sqrt_heatmap/
+ for f in "$SRC_DIR"/*.h5
+ for f in "$SRC_DIR"/*.h5
+ for f in "$SRC_DIR"/*.h5
+ for f in "$SRC_DIR"/*.h5
+ for f in "$SRC_DIR"/*.h5
+ for f in "$SRC_DIR"/*.h5
+ for f in "$SRC_DIR"/*.h5
+ for f in "$SRC_DIR"/*.h5
+ for f in "$SRC_DIR"/*.h5
+ for f in "$SRC_DIR"/*.h5
+ for f in "$SRC_DIR"/*.h5
+ for f in "$SRC_DIR"/*.h5
+ for f in "$SRC_DIR"/*.h5
+ for f in "$SRC_DIR"/*.h5
+ for f in "$SRC_DIR"/*.h5
+ for f in "$SRC_DIR"/*.h5
+ for f in "$SRC_DIR"/*.h5
+ for f in "$SRC_DIR"/*.h5
+ for f in "$SRC_DIR"/*.h5
+ for f in "$SRC_DIR"/*.h5
+ for f in "$SRC_DIR"/*.h5
+ for f in "$SRC_DIR"/*.h5
+ for f in "$SRC_DIR"/*.h5
+ for f in "$SRC_DIR"/*.h5
+ for f in "$SRC_DIR"/*.h5
+ for f in "$SRC_DIR"/*.h5
+ for f in "$SRC_DIR"/*.h5
+ for f in "$SRC_DIR"/*.h5
+ for f in "$SRC_DIR"/*.h5
+ for f in "$SRC_DIR"/*.h5
+ for f in "$SRC_DIR"/*.h5
+ for f in "$SRC_DIR"/*.h5
+ for f in "$SRC_DIR"/*.h5
+ for f in "$SRC_DIR"/*.h5
+ for f in "$SRC_DIR"/*.h5
+ for f in "$SRC_DIR"/*.h5
+ for f in "$SRC_DIR"/*.h5
+ for f in "$SRC_DIR"/*.h5
+ for f in "$SRC_DIR"/*.h5
+ for f in "$SRC_DIR"/*.h5
+ for f in "$SRC_DIR"/*.h5
+ for f in "$SRC_DIR"/*.h5
+ for f in "$SRC_DIR"/*.h5
+ rsync -az /ocean/projects/cis240052p/pbhowal/2d_Representation_Hierarchical_Policy_Learning/Articubot_Data/one_object_4_point_sqrt_heatmap/2025-11-08-03-06-09.h5 /local/slurm-38431198/local/pbhowal/one_object_4_point_sqrt_heatmap/
+ rsync -az /ocean/projects/cis240052p/pbhowal/2d_Representation_Hierarchical_Policy_Learning/Articubot_Data/one_object_4_point_sqrt_heatmap/2025-11-08-03-07-41.h5 /local/slurm-38431198/local/pbhowal/one_object_4_point_sqrt_heatmap/
+ rsync -az /ocean/projects/cis240052p/pbhowal/2d_Representation_Hierarchical_Policy_Learning/Articubot_Data/one_object_4_point_sqrt_heatmap/2025-11-08-03-08-59.h5 /local/slurm-38431198/local/pbhowal/one_object_4_point_sqrt_heatmap/
+ rsync -az /ocean/projects/cis240052p/pbhowal/2d_Representation_Hierarchical_Policy_Learning/Articubot_Data/one_object_4_point_sqrt_heatmap/2025-11-08-02-54-37.h5 /local/slurm-38431198/local/pbhowal/one_object_4_point_sqrt_heatmap/
+ rsync -az /ocean/projects/cis240052p/pbhowal/2d_Representation_Hierarchical_Policy_Learning/Articubot_Data/one_object_4_point_sqrt_heatmap/2025-11-08-02-58-03.h5 /local/slurm-38431198/local/pbhowal/one_object_4_point_sqrt_heatmap/
+ rsync -az /ocean/projects/cis240052p/pbhowal/2d_Representation_Hierarchical_Policy_Learning/Articubot_Data/one_object_4_point_sqrt_heatmap/2025-11-08-03-00-54.h5 /local/slurm-38431198/local/pbhowal/one_object_4_point_sqrt_heatmap/
+ rsync -az /ocean/projects/cis240052p/pbhowal/2d_Representation_Hierarchical_Policy_Learning/Articubot_Data/one_object_4_point_sqrt_heatmap/2025-11-08-01-26-46.h5 /local/slurm-38431198/local/pbhowal/one_object_4_point_sqrt_heatmap/
+ rsync -az /ocean/projects/cis240052p/pbhowal/2d_Representation_Hierarchical_Policy_Learning/Articubot_Data/one_object_4_point_sqrt_heatmap/2025-11-08-01-43-30.h5 /local/slurm-38431198/local/pbhowal/one_object_4_point_sqrt_heatmap/
+ rsync -az /ocean/projects/cis240052p/pbhowal/2d_Representation_Hierarchical_Policy_Learning/Articubot_Data/one_object_4_point_sqrt_heatmap/2025-11-08-02-07-53.h5 /local/slurm-38431198/local/pbhowal/one_object_4_point_sqrt_heatmap/
+ rsync -az /ocean/projects/cis240052p/pbhowal/2d_Representation_Hierarchical_Policy_Learning/Articubot_Data/one_object_4_point_sqrt_heatmap/2025-11-08-02-09-24.h5 /local/slurm-38431198/local/pbhowal/one_object_4_point_sqrt_heatmap/
+ rsync -az /ocean/projects/cis240052p/pbhowal/2d_Representation_Hierarchical_Policy_Learning/Articubot_Data/one_object_4_point_sqrt_heatmap/2025-11-08-03-02-23.h5 /local/slurm-38431198/local/pbhowal/one_object_4_point_sqrt_heatmap/
+ rsync -az /ocean/projects/cis240052p/pbhowal/2d_Representation_Hierarchical_Policy_Learning/Articubot_Data/one_object_4_point_sqrt_heatmap/2025-11-08-03-04-33.h5 /local/slurm-38431198/local/pbhowal/one_object_4_point_sqrt_heatmap/
+ rsync -az /ocean/projects/cis240052p/pbhowal/2d_Representation_Hierarchical_Policy_Learning/Articubot_Data/one_object_4_point_sqrt_heatmap/2025-11-08-03-10-13.h5 /local/slurm-38431198/local/pbhowal/one_object_4_point_sqrt_heatmap/
+ rsync -az /ocean/projects/cis240052p/pbhowal/2d_Representation_Hierarchical_Policy_Learning/Articubot_Data/one_object_4_point_sqrt_heatmap/2025-11-08-03-14-31.h5 /local/slurm-38431198/local/pbhowal/one_object_4_point_sqrt_heatmap/
+ rsync -az /ocean/projects/cis240052p/pbhowal/2d_Representation_Hierarchical_Policy_Learning/Articubot_Data/one_object_4_point_sqrt_heatmap/2025-11-08-03-15-54.h5 /local/slurm-38431198/local/pbhowal/one_object_4_point_sqrt_heatmap/
+ rsync -az /ocean/projects/cis240052p/pbhowal/2d_Representation_Hierarchical_Policy_Learning/Articubot_Data/one_object_4_point_sqrt_heatmap/2025-11-08-03-17-56.h5 /local/slurm-38431198/local/pbhowal/one_object_4_point_sqrt_heatmap/
+ rsync -az /ocean/projects/cis240052p/pbhowal/2d_Representation_Hierarchical_Policy_Learning/Articubot_Data/one_object_4_point_sqrt_heatmap/2025-11-08-03-18-50.h5 /local/slurm-38431198/local/pbhowal/one_object_4_point_sqrt_heatmap/
+ rsync -az /ocean/projects/cis240052p/pbhowal/2d_Representation_Hierarchical_Policy_Learning/Articubot_Data/one_object_4_point_sqrt_heatmap/2025-11-08-00-06-29.h5 /local/slurm-38431198/local/pbhowal/one_object_4_point_sqrt_heatmap/
+ rsync -az /ocean/projects/cis240052p/pbhowal/2d_Representation_Hierarchical_Policy_Learning/Articubot_Data/one_object_4_point_sqrt_heatmap/2025-11-08-02-33-15.h5 /local/slurm-38431198/local/pbhowal/one_object_4_point_sqrt_heatmap/
+ rsync -az /ocean/projects/cis240052p/pbhowal/2d_Representation_Hierarchical_Policy_Learning/Articubot_Data/one_object_4_point_sqrt_heatmap/2025-11-08-02-35-14.h5 /local/slurm-38431198/local/pbhowal/one_object_4_point_sqrt_heatmap/
+ rsync -az /ocean/projects/cis240052p/pbhowal/2d_Representation_Hierarchical_Policy_Learning/Articubot_Data/one_object_4_point_sqrt_heatmap/2025-11-08-03-20-35.h5 /local/slurm-38431198/local/pbhowal/one_object_4_point_sqrt_heatmap/
+ rsync -az /ocean/projects/cis240052p/pbhowal/2d_Representation_Hierarchical_Policy_Learning/Articubot_Data/one_object_4_point_sqrt_heatmap/2025-11-08-04-04-24.h5 /local/slurm-38431198/local/pbhowal/one_object_4_point_sqrt_heatmap/
+ rsync -az /ocean/projects/cis240052p/pbhowal/2d_Representation_Hierarchical_Policy_Learning/Articubot_Data/one_object_4_point_sqrt_heatmap/2025-11-08-04-08-12.h5 /local/slurm-38431198/local/pbhowal/one_object_4_point_sqrt_heatmap/
+ rsync -az /ocean/projects/cis240052p/pbhowal/2d_Representation_Hierarchical_Policy_Learning/Articubot_Data/one_object_4_point_sqrt_heatmap/2025-11-08-03-13-01.h5 /local/slurm-38431198/local/pbhowal/one_object_4_point_sqrt_heatmap/
+ rsync -az /ocean/projects/cis240052p/pbhowal/2d_Representation_Hierarchical_Policy_Learning/Articubot_Data/one_object_4_point_sqrt_heatmap/2025-11-08-03-23-12.h5 /local/slurm-38431198/local/pbhowal/one_object_4_point_sqrt_heatmap/
+ for f in "$SRC_DIR"/*.h5
+ for f in "$SRC_DIR"/*.h5
+ for f in "$SRC_DIR"/*.h5
+ for f in "$SRC_DIR"/*.h5
+ for f in "$SRC_DIR"/*.h5
+ for f in "$SRC_DIR"/*.h5
+ for f in "$SRC_DIR"/*.h5
+ for f in "$SRC_DIR"/*.h5
+ for f in "$SRC_DIR"/*.h5
+ for f in "$SRC_DIR"/*.h5
+ for f in "$SRC_DIR"/*.h5
+ for f in "$SRC_DIR"/*.h5
+ for f in "$SRC_DIR"/*.h5
+ for f in "$SRC_DIR"/*.h5
+ for f in "$SRC_DIR"/*.h5
+ for f in "$SRC_DIR"/*.h5
+ for f in "$SRC_DIR"/*.h5
+ for f in "$SRC_DIR"/*.h5
+ for f in "$SRC_DIR"/*.h5
+ for f in "$SRC_DIR"/*.h5
+ for f in "$SRC_DIR"/*.h5
+ for f in "$SRC_DIR"/*.h5
+ for f in "$SRC_DIR"/*.h5
+ for f in "$SRC_DIR"/*.h5
+ for f in "$SRC_DIR"/*.h5
+ rsync -az /ocean/projects/cis240052p/pbhowal/2d_Representation_Hierarchical_Policy_Learning/Articubot_Data/one_object_4_point_sqrt_heatmap/2025-11-08-03-44-37.h5 /local/slurm-38431198/local/pbhowal/one_object_4_point_sqrt_heatmap/
+ rsync -az /ocean/projects/cis240052p/pbhowal/2d_Representation_Hierarchical_Policy_Learning/Articubot_Data/one_object_4_point_sqrt_heatmap/2025-11-08-03-52-48.h5 /local/slurm-38431198/local/pbhowal/one_object_4_point_sqrt_heatmap/
+ rsync -az /ocean/projects/cis240052p/pbhowal/2d_Representation_Hierarchical_Policy_Learning/Articubot_Data/one_object_4_point_sqrt_heatmap/2025-11-08-03-54-18.h5 /local/slurm-38431198/local/pbhowal/one_object_4_point_sqrt_heatmap/
+ rsync -az /ocean/projects/cis240052p/pbhowal/2d_Representation_Hierarchical_Policy_Learning/Articubot_Data/one_object_4_point_sqrt_heatmap/2025-11-08-03-58-28.h5 /local/slurm-38431198/local/pbhowal/one_object_4_point_sqrt_heatmap/
+ rsync -az /ocean/projects/cis240052p/pbhowal/2d_Representation_Hierarchical_Policy_Learning/Articubot_Data/one_object_4_point_sqrt_heatmap/2025-11-08-03-24-31.h5 /local/slurm-38431198/local/pbhowal/one_object_4_point_sqrt_heatmap/
+ rsync -az /ocean/projects/cis240052p/pbhowal/2d_Representation_Hierarchical_Policy_Learning/Articubot_Data/one_object_4_point_sqrt_heatmap/2025-11-08-03-25-59.h5 /local/slurm-38431198/local/pbhowal/one_object_4_point_sqrt_heatmap/
+ rsync -az /ocean/projects/cis240052p/pbhowal/2d_Representation_Hierarchical_Policy_Learning/Articubot_Data/one_object_4_point_sqrt_heatmap/2025-11-08-03-28-59.h5 /local/slurm-38431198/local/pbhowal/one_object_4_point_sqrt_heatmap/
+ rsync -az /ocean/projects/cis240052p/pbhowal/2d_Representation_Hierarchical_Policy_Learning/Articubot_Data/one_object_4_point_sqrt_heatmap/2025-11-08-03-30-22.h5 /local/slurm-38431198/local/pbhowal/one_object_4_point_sqrt_heatmap/
+ rsync -az /ocean/projects/cis240052p/pbhowal/2d_Representation_Hierarchical_Policy_Learning/Articubot_Data/one_object_4_point_sqrt_heatmap/2025-11-08-03-33-23.h5 /local/slurm-38431198/local/pbhowal/one_object_4_point_sqrt_heatmap/
+ rsync -az /ocean/projects/cis240052p/pbhowal/2d_Representation_Hierarchical_Policy_Learning/Articubot_Data/one_object_4_point_sqrt_heatmap/2025-11-08-03-40-20.h5 /local/slurm-38431198/local/pbhowal/one_object_4_point_sqrt_heatmap/
+ rsync -az /ocean/projects/cis240052p/pbhowal/2d_Representation_Hierarchical_Policy_Learning/Articubot_Data/one_object_4_point_sqrt_heatmap/2025-11-08-03-41-43.h5 /local/slurm-38431198/local/pbhowal/one_object_4_point_sqrt_heatmap/
+ rsync -az /ocean/projects/cis240052p/pbhowal/2d_Representation_Hierarchical_Policy_Learning/Articubot_Data/one_object_4_point_sqrt_heatmap/2025-11-08-03-47-00.h5 /local/slurm-38431198/local/pbhowal/one_object_4_point_sqrt_heatmap/
+ rsync -az /ocean/projects/cis240052p/pbhowal/2d_Representation_Hierarchical_Policy_Learning/Articubot_Data/one_object_4_point_sqrt_heatmap/2025-11-08-03-55-56.h5 /local/slurm-38431198/local/pbhowal/one_object_4_point_sqrt_heatmap/
+ rsync -az /ocean/projects/cis240052p/pbhowal/2d_Representation_Hierarchical_Policy_Learning/Articubot_Data/one_object_4_point_sqrt_heatmap/2025-11-08-04-02-14.h5 /local/slurm-38431198/local/pbhowal/one_object_4_point_sqrt_heatmap/
+ rsync -az /ocean/projects/cis240052p/pbhowal/2d_Representation_Hierarchical_Policy_Learning/Articubot_Data/one_object_4_point_sqrt_heatmap/2025-11-08-04-09-40.h5 /local/slurm-38431198/local/pbhowal/one_object_4_point_sqrt_heatmap/
+ rsync -az /ocean/projects/cis240052p/pbhowal/2d_Representation_Hierarchical_Policy_Learning/Articubot_Data/one_object_4_point_sqrt_heatmap/2025-11-08-03-43-00.h5 /local/slurm-38431198/local/pbhowal/one_object_4_point_sqrt_heatmap/
+ rsync -az /ocean/projects/cis240052p/pbhowal/2d_Representation_Hierarchical_Policy_Learning/Articubot_Data/one_object_4_point_sqrt_heatmap/2025-11-08-03-48-30.h5 /local/slurm-38431198/local/pbhowal/one_object_4_point_sqrt_heatmap/
+ rsync -az /ocean/projects/cis240052p/pbhowal/2d_Representation_Hierarchical_Policy_Learning/Articubot_Data/one_object_4_point_sqrt_heatmap/2025-11-08-03-49-58.h5 /local/slurm-38431198/local/pbhowal/one_object_4_point_sqrt_heatmap/
+ rsync -az /ocean/projects/cis240052p/pbhowal/2d_Representation_Hierarchical_Policy_Learning/Articubot_Data/one_object_4_point_sqrt_heatmap/2025-11-08-04-11-50.h5 /local/slurm-38431198/local/pbhowal/one_object_4_point_sqrt_heatmap/
+ rsync -az /ocean/projects/cis240052p/pbhowal/2d_Representation_Hierarchical_Policy_Learning/Articubot_Data/one_object_4_point_sqrt_heatmap/2025-11-08-04-13-11.h5 /local/slurm-38431198/local/pbhowal/one_object_4_point_sqrt_heatmap/
+ rsync -az /ocean/projects/cis240052p/pbhowal/2d_Representation_Hierarchical_Policy_Learning/Articubot_Data/one_object_4_point_sqrt_heatmap/2025-11-08-04-27-43.h5 /local/slurm-38431198/local/pbhowal/one_object_4_point_sqrt_heatmap/
+ rsync -az /ocean/projects/cis240052p/pbhowal/2d_Representation_Hierarchical_Policy_Learning/Articubot_Data/one_object_4_point_sqrt_heatmap/2025-11-08-04-29-15.h5 /local/slurm-38431198/local/pbhowal/one_object_4_point_sqrt_heatmap/
+ rsync -az /ocean/projects/cis240052p/pbhowal/2d_Representation_Hierarchical_Policy_Learning/Articubot_Data/one_object_4_point_sqrt_heatmap/2025-11-08-03-31-47.h5 /local/slurm-38431198/local/pbhowal/one_object_4_point_sqrt_heatmap/
+ rsync -az /ocean/projects/cis240052p/pbhowal/2d_Representation_Hierarchical_Policy_Learning/Articubot_Data/one_object_4_point_sqrt_heatmap/2025-11-08-03-34-52.h5 /local/slurm-38431198/local/pbhowal/one_object_4_point_sqrt_heatmap/
+ rsync -az /ocean/projects/cis240052p/pbhowal/2d_Representation_Hierarchical_Policy_Learning/Articubot_Data/one_object_4_point_sqrt_heatmap/2025-11-08-03-37-46.h5 /local/slurm-38431198/local/pbhowal/one_object_4_point_sqrt_heatmap/
+ rsync -az /ocean/projects/cis240052p/pbhowal/2d_Representation_Hierarchical_Policy_Learning/Articubot_Data/one_object_4_point_sqrt_heatmap/2025-11-08-04-30-45.h5 /local/slurm-38431198/local/pbhowal/one_object_4_point_sqrt_heatmap/
+ rsync -az /ocean/projects/cis240052p/pbhowal/2d_Representation_Hierarchical_Policy_Learning/Articubot_Data/one_object_4_point_sqrt_heatmap/2025-11-08-03-51-20.h5 /local/slurm-38431198/local/pbhowal/one_object_4_point_sqrt_heatmap/
+ rsync -az /ocean/projects/cis240052p/pbhowal/2d_Representation_Hierarchical_Policy_Learning/Articubot_Data/one_object_4_point_sqrt_heatmap/2025-11-08-03-57-25.h5 /local/slurm-38431198/local/pbhowal/one_object_4_point_sqrt_heatmap/
+ rsync -az /ocean/projects/cis240052p/pbhowal/2d_Representation_Hierarchical_Policy_Learning/Articubot_Data/one_object_4_point_sqrt_heatmap/2025-11-08-04-03-26.h5 /local/slurm-38431198/local/pbhowal/one_object_4_point_sqrt_heatmap/
+ rsync -az /ocean/projects/cis240052p/pbhowal/2d_Representation_Hierarchical_Policy_Learning/Articubot_Data/one_object_4_point_sqrt_heatmap/2025-11-08-04-49-45.h5 /local/slurm-38431198/local/pbhowal/one_object_4_point_sqrt_heatmap/
+ for f in "$SRC_DIR"/*.h5
+ for f in "$SRC_DIR"/*.h5
+ for f in "$SRC_DIR"/*.h5
+ for f in "$SRC_DIR"/*.h5
+ for f in "$SRC_DIR"/*.h5
+ for f in "$SRC_DIR"/*.h5
+ for f in "$SRC_DIR"/*.h5
+ for f in "$SRC_DIR"/*.h5
+ for f in "$SRC_DIR"/*.h5
+ for f in "$SRC_DIR"/*.h5
+ for f in "$SRC_DIR"/*.h5
+ for f in "$SRC_DIR"/*.h5
+ for f in "$SRC_DIR"/*.h5
+ for f in "$SRC_DIR"/*.h5
+ for f in "$SRC_DIR"/*.h5
+ for f in "$SRC_DIR"/*.h5
+ for f in "$SRC_DIR"/*.h5
+ for f in "$SRC_DIR"/*.h5
+ for f in "$SRC_DIR"/*.h5
+ for f in "$SRC_DIR"/*.h5
+ for f in "$SRC_DIR"/*.h5
+ for f in "$SRC_DIR"/*.h5
+ for f in "$SRC_DIR"/*.h5
+ for f in "$SRC_DIR"/*.h5
+ rsync -az /ocean/projects/cis240052p/pbhowal/2d_Representation_Hierarchical_Policy_Learning/Articubot_Data/one_object_4_point_sqrt_heatmap/2025-11-08-04-33-17.h5 /local/slurm-38431198/local/pbhowal/one_object_4_point_sqrt_heatmap/
+ rsync -az /ocean/projects/cis240052p/pbhowal/2d_Representation_Hierarchical_Policy_Learning/Articubot_Data/one_object_4_point_sqrt_heatmap/2025-11-08-04-34-32.h5 /local/slurm-38431198/local/pbhowal/one_object_4_point_sqrt_heatmap/
+ rsync -az /ocean/projects/cis240052p/pbhowal/2d_Representation_Hierarchical_Policy_Learning/Articubot_Data/one_object_4_point_sqrt_heatmap/2025-11-08-04-35-43.h5 /local/slurm-38431198/local/pbhowal/one_object_4_point_sqrt_heatmap/
+ rsync -az /ocean/projects/cis240052p/pbhowal/2d_Representation_Hierarchical_Policy_Learning/Articubot_Data/one_object_4_point_sqrt_heatmap/2025-11-08-04-39-19.h5 /local/slurm-38431198/local/pbhowal/one_object_4_point_sqrt_heatmap/
+ rsync -az /ocean/projects/cis240052p/pbhowal/2d_Representation_Hierarchical_Policy_Learning/Articubot_Data/one_object_4_point_sqrt_heatmap/2025-11-08-04-41-54.h5 /local/slurm-38431198/local/pbhowal/one_object_4_point_sqrt_heatmap/
+ rsync -az /ocean/projects/cis240052p/pbhowal/2d_Representation_Hierarchical_Policy_Learning/Articubot_Data/one_object_4_point_sqrt_heatmap/2025-11-08-04-43-06.h5 /local/slurm-38431198/local/pbhowal/one_object_4_point_sqrt_heatmap/
+ rsync -az /ocean/projects/cis240052p/pbhowal/2d_Representation_Hierarchical_Policy_Learning/Articubot_Data/one_object_4_point_sqrt_heatmap/2025-11-08-04-53-59.h5 /local/slurm-38431198/local/pbhowal/one_object_4_point_sqrt_heatmap/
+ rsync -az /ocean/projects/cis240052p/pbhowal/2d_Representation_Hierarchical_Policy_Learning/Articubot_Data/one_object_4_point_sqrt_heatmap/2025-11-08-04-56-10.h5 /local/slurm-38431198/local/pbhowal/one_object_4_point_sqrt_heatmap/
+ rsync -az /ocean/projects/cis240052p/pbhowal/2d_Representation_Hierarchical_Policy_Learning/Articubot_Data/one_object_4_point_sqrt_heatmap/2025-11-08-01-45-38.h5 /local/slurm-38431198/local/pbhowal/one_object_4_point_sqrt_heatmap/
+ rsync -az /ocean/projects/cis240052p/pbhowal/2d_Representation_Hierarchical_Policy_Learning/Articubot_Data/one_object_4_point_sqrt_heatmap/2025-11-08-02-41-52.h5 /local/slurm-38431198/local/pbhowal/one_object_4_point_sqrt_heatmap/
+ rsync -az /ocean/projects/cis240052p/pbhowal/2d_Representation_Hierarchical_Policy_Learning/Articubot_Data/one_object_4_point_sqrt_heatmap/2025-11-08-04-18-10.h5 /local/slurm-38431198/local/pbhowal/one_object_4_point_sqrt_heatmap/
+ rsync -az /ocean/projects/cis240052p/pbhowal/2d_Representation_Hierarchical_Policy_Learning/Articubot_Data/one_object_4_point_sqrt_heatmap/2025-11-08-04-24-01.h5 /local/slurm-38431198/local/pbhowal/one_object_4_point_sqrt_heatmap/
+ rsync -az /ocean/projects/cis240052p/pbhowal/2d_Representation_Hierarchical_Policy_Learning/Articubot_Data/one_object_4_point_sqrt_heatmap/2025-11-08-04-14-35.h5 /local/slurm-38431198/local/pbhowal/one_object_4_point_sqrt_heatmap/
+ rsync -az /ocean/projects/cis240052p/pbhowal/2d_Representation_Hierarchical_Policy_Learning/Articubot_Data/one_object_4_point_sqrt_heatmap/2025-11-08-04-22-36.h5 /local/slurm-38431198/local/pbhowal/one_object_4_point_sqrt_heatmap/
+ rsync -az /ocean/projects/cis240052p/pbhowal/2d_Representation_Hierarchical_Policy_Learning/Articubot_Data/one_object_4_point_sqrt_heatmap/2025-11-08-04-52-46.h5 /local/slurm-38431198/local/pbhowal/one_object_4_point_sqrt_heatmap/
+ rsync -az /ocean/projects/cis240052p/pbhowal/2d_Representation_Hierarchical_Policy_Learning/Articubot_Data/one_object_4_point_sqrt_heatmap/2025-11-08-04-15-47.h5 /local/slurm-38431198/local/pbhowal/one_object_4_point_sqrt_heatmap/
+ rsync -az /ocean/projects/cis240052p/pbhowal/2d_Representation_Hierarchical_Policy_Learning/Articubot_Data/one_object_4_point_sqrt_heatmap/2025-11-08-04-17-16.h5 /local/slurm-38431198/local/pbhowal/one_object_4_point_sqrt_heatmap/
+ rsync -az /ocean/projects/cis240052p/pbhowal/2d_Representation_Hierarchical_Policy_Learning/Articubot_Data/one_object_4_point_sqrt_heatmap/2025-11-08-04-48-03.h5 /local/slurm-38431198/local/pbhowal/one_object_4_point_sqrt_heatmap/
+ rsync -az /ocean/projects/cis240052p/pbhowal/2d_Representation_Hierarchical_Policy_Learning/Articubot_Data/one_object_4_point_sqrt_heatmap/2025-11-08-04-21-14.h5 /local/slurm-38431198/local/pbhowal/one_object_4_point_sqrt_heatmap/
+ rsync -az /ocean/projects/cis240052p/pbhowal/2d_Representation_Hierarchical_Policy_Learning/Articubot_Data/one_object_4_point_sqrt_heatmap/2025-11-08-04-24-59.h5 /local/slurm-38431198/local/pbhowal/one_object_4_point_sqrt_heatmap/
+ rsync -az /ocean/projects/cis240052p/pbhowal/2d_Representation_Hierarchical_Policy_Learning/Articubot_Data/one_object_4_point_sqrt_heatmap/2025-11-08-04-41-00.h5 /local/slurm-38431198/local/pbhowal/one_object_4_point_sqrt_heatmap/
+ rsync -az /ocean/projects/cis240052p/pbhowal/2d_Representation_Hierarchical_Policy_Learning/Articubot_Data/one_object_4_point_sqrt_heatmap/2025-11-08-04-45-40.h5 /local/slurm-38431198/local/pbhowal/one_object_4_point_sqrt_heatmap/
+ rsync -az /ocean/projects/cis240052p/pbhowal/2d_Representation_Hierarchical_Policy_Learning/Articubot_Data/one_object_4_point_sqrt_heatmap/2025-11-08-02-43-15.h5 /local/slurm-38431198/local/pbhowal/one_object_4_point_sqrt_heatmap/
+ rsync -az /ocean/projects/cis240052p/pbhowal/2d_Representation_Hierarchical_Policy_Learning/Articubot_Data/one_object_4_point_sqrt_heatmap/2025-11-08-02-45-44.h5 /local/slurm-38431198/local/pbhowal/one_object_4_point_sqrt_heatmap/
+ rsync -az /ocean/projects/cis240052p/pbhowal/2d_Representation_Hierarchical_Policy_Learning/Articubot_Data/one_object_4_point_sqrt_heatmap/2025-11-08-02-47-12.h5 /local/slurm-38431198/local/pbhowal/one_object_4_point_sqrt_heatmap/
+ rsync -az /ocean/projects/cis240052p/pbhowal/2d_Representation_Hierarchical_Policy_Learning/Articubot_Data/one_object_4_point_sqrt_heatmap/2025-11-08-02-49-15.h5 /local/slurm-38431198/local/pbhowal/one_object_4_point_sqrt_heatmap/
+ rsync -az /ocean/projects/cis240052p/pbhowal/2d_Representation_Hierarchical_Policy_Learning/Articubot_Data/one_object_4_point_sqrt_heatmap/2025-11-08-05-00-57.h5 /local/slurm-38431198/local/pbhowal/one_object_4_point_sqrt_heatmap/
+ for f in "$SRC_DIR"/*.h5
+ for f in "$SRC_DIR"/*.h5
+ for f in "$SRC_DIR"/*.h5
+ for f in "$SRC_DIR"/*.h5
+ for f in "$SRC_DIR"/*.h5
+ for f in "$SRC_DIR"/*.h5
+ for f in "$SRC_DIR"/*.h5
+ for f in "$SRC_DIR"/*.h5
+ for f in "$SRC_DIR"/*.h5
+ rsync -az /ocean/projects/cis240052p/pbhowal/2d_Representation_Hierarchical_Policy_Learning/Articubot_Data/one_object_4_point_sqrt_heatmap/2025-11-08-02-51-32.h5 /local/slurm-38431198/local/pbhowal/one_object_4_point_sqrt_heatmap/
+ for f in "$SRC_DIR"/*.h5
+ for f in "$SRC_DIR"/*.h5
+ for f in "$SRC_DIR"/*.h5
+ for f in "$SRC_DIR"/*.h5
+ for f in "$SRC_DIR"/*.h5
+ for f in "$SRC_DIR"/*.h5
+ for f in "$SRC_DIR"/*.h5
+ for f in "$SRC_DIR"/*.h5
+ for f in "$SRC_DIR"/*.h5
+ for f in "$SRC_DIR"/*.h5
+ for f in "$SRC_DIR"/*.h5
+ for f in "$SRC_DIR"/*.h5
+ for f in "$SRC_DIR"/*.h5
+ for f in "$SRC_DIR"/*.h5
+ for f in "$SRC_DIR"/*.h5
+ for f in "$SRC_DIR"/*.h5
+ for f in "$SRC_DIR"/*.h5
+ for f in "$SRC_DIR"/*.h5
+ rsync -az /ocean/projects/cis240052p/pbhowal/2d_Representation_Hierarchical_Policy_Learning/Articubot_Data/one_object_4_point_sqrt_heatmap/2025-11-08-05-05-31.h5 /local/slurm-38431198/local/pbhowal/one_object_4_point_sqrt_heatmap/
+ rsync -az /ocean/projects/cis240052p/pbhowal/2d_Representation_Hierarchical_Policy_Learning/Articubot_Data/one_object_4_point_sqrt_heatmap/2025-11-08-05-07-20.h5 /local/slurm-38431198/local/pbhowal/one_object_4_point_sqrt_heatmap/
+ rsync -az /ocean/projects/cis240052p/pbhowal/2d_Representation_Hierarchical_Policy_Learning/Articubot_Data/one_object_4_point_sqrt_heatmap/2025-11-08-05-18-40.h5 /local/slurm-38431198/local/pbhowal/one_object_4_point_sqrt_heatmap/
+ rsync -az /ocean/projects/cis240052p/pbhowal/2d_Representation_Hierarchical_Policy_Learning/Articubot_Data/one_object_4_point_sqrt_heatmap/2025-11-08-05-30-01.h5 /local/slurm-38431198/local/pbhowal/one_object_4_point_sqrt_heatmap/
+ rsync -az /ocean/projects/cis240052p/pbhowal/2d_Representation_Hierarchical_Policy_Learning/Articubot_Data/one_object_4_point_sqrt_heatmap/2025-11-08-05-37-25.h5 /local/slurm-38431198/local/pbhowal/one_object_4_point_sqrt_heatmap/
+ rsync -az /ocean/projects/cis240052p/pbhowal/2d_Representation_Hierarchical_Policy_Learning/Articubot_Data/one_object_4_point_sqrt_heatmap/2025-11-08-05-44-56.h5 /local/slurm-38431198/local/pbhowal/one_object_4_point_sqrt_heatmap/
+ rsync -az /ocean/projects/cis240052p/pbhowal/2d_Representation_Hierarchical_Policy_Learning/Articubot_Data/one_object_4_point_sqrt_heatmap/2025-11-08-05-47-35.h5 /local/slurm-38431198/local/pbhowal/one_object_4_point_sqrt_heatmap/
+ rsync -az /ocean/projects/cis240052p/pbhowal/2d_Representation_Hierarchical_Policy_Learning/Articubot_Data/one_object_4_point_sqrt_heatmap/2025-11-08-02-53-00.h5 /local/slurm-38431198/local/pbhowal/one_object_4_point_sqrt_heatmap/
+ rsync -az /ocean/projects/cis240052p/pbhowal/2d_Representation_Hierarchical_Policy_Learning/Articubot_Data/one_object_4_point_sqrt_heatmap/2025-11-08-05-34-05.h5 /local/slurm-38431198/local/pbhowal/one_object_4_point_sqrt_heatmap/
+ rsync -az /ocean/projects/cis240052p/pbhowal/2d_Representation_Hierarchical_Policy_Learning/Articubot_Data/one_object_4_point_sqrt_heatmap/2025-11-08-05-51-31.h5 /local/slurm-38431198/local/pbhowal/one_object_4_point_sqrt_heatmap/
+ rsync -az /ocean/projects/cis240052p/pbhowal/2d_Representation_Hierarchical_Policy_Learning/Articubot_Data/one_object_4_point_sqrt_heatmap/2025-11-08-05-57-25.h5 /local/slurm-38431198/local/pbhowal/one_object_4_point_sqrt_heatmap/
+ rsync -az /ocean/projects/cis240052p/pbhowal/2d_Representation_Hierarchical_Policy_Learning/Articubot_Data/one_object_4_point_sqrt_heatmap/2025-11-08-05-28-31.h5 /local/slurm-38431198/local/pbhowal/one_object_4_point_sqrt_heatmap/
+ rsync -az /ocean/projects/cis240052p/pbhowal/2d_Representation_Hierarchical_Policy_Learning/Articubot_Data/one_object_4_point_sqrt_heatmap/2025-11-08-05-43-22.h5 /local/slurm-38431198/local/pbhowal/one_object_4_point_sqrt_heatmap/
+ rsync -az /ocean/projects/cis240052p/pbhowal/2d_Representation_Hierarchical_Policy_Learning/Articubot_Data/one_object_4_point_sqrt_heatmap/2025-11-08-05-58-18.h5 /local/slurm-38431198/local/pbhowal/one_object_4_point_sqrt_heatmap/
+ rsync -az /ocean/projects/cis240052p/pbhowal/2d_Representation_Hierarchical_Policy_Learning/Articubot_Data/one_object_4_point_sqrt_heatmap/2025-11-08-05-09-19.h5 /local/slurm-38431198/local/pbhowal/one_object_4_point_sqrt_heatmap/
+ rsync -az /ocean/projects/cis240052p/pbhowal/2d_Representation_Hierarchical_Policy_Learning/Articubot_Data/one_object_4_point_sqrt_heatmap/2025-11-08-06-00-55.h5 /local/slurm-38431198/local/pbhowal/one_object_4_point_sqrt_heatmap/
+ rsync -az /ocean/projects/cis240052p/pbhowal/2d_Representation_Hierarchical_Policy_Learning/Articubot_Data/one_object_4_point_sqrt_heatmap/2025-11-08-05-11-47.h5 /local/slurm-38431198/local/pbhowal/one_object_4_point_sqrt_heatmap/
+ rsync -az /ocean/projects/cis240052p/pbhowal/2d_Representation_Hierarchical_Policy_Learning/Articubot_Data/one_object_4_point_sqrt_heatmap/2025-11-08-06-02-32.h5 /local/slurm-38431198/local/pbhowal/one_object_4_point_sqrt_heatmap/
+ rsync -az /ocean/projects/cis240052p/pbhowal/2d_Representation_Hierarchical_Policy_Learning/Articubot_Data/one_object_4_point_sqrt_heatmap/2025-11-08-06-03-58.h5 /local/slurm-38431198/local/pbhowal/one_object_4_point_sqrt_heatmap/
+ rsync -az /ocean/projects/cis240052p/pbhowal/2d_Representation_Hierarchical_Policy_Learning/Articubot_Data/one_object_4_point_sqrt_heatmap/2025-11-08-06-05-36.h5 /local/slurm-38431198/local/pbhowal/one_object_4_point_sqrt_heatmap/
+ rsync -az /ocean/projects/cis240052p/pbhowal/2d_Representation_Hierarchical_Policy_Learning/Articubot_Data/one_object_4_point_sqrt_heatmap/2025-11-08-06-12-55.h5 /local/slurm-38431198/local/pbhowal/one_object_4_point_sqrt_heatmap/
+ rsync -az /ocean/projects/cis240052p/pbhowal/2d_Representation_Hierarchical_Policy_Learning/Articubot_Data/one_object_4_point_sqrt_heatmap/2025-11-08-06-25-55.h5 /local/slurm-38431198/local/pbhowal/one_object_4_point_sqrt_heatmap/
+ rsync -az /ocean/projects/cis240052p/pbhowal/2d_Representation_Hierarchical_Policy_Learning/Articubot_Data/one_object_4_point_sqrt_heatmap/2025-11-08-05-15-41.h5 /local/slurm-38431198/local/pbhowal/one_object_4_point_sqrt_heatmap/
+ rsync -az /ocean/projects/cis240052p/pbhowal/2d_Representation_Hierarchical_Policy_Learning/Articubot_Data/one_object_4_point_sqrt_heatmap/2025-11-08-05-13-00.h5 /local/slurm-38431198/local/pbhowal/one_object_4_point_sqrt_heatmap/
+ rsync -az /ocean/projects/cis240052p/pbhowal/2d_Representation_Hierarchical_Policy_Learning/Articubot_Data/one_object_4_point_sqrt_heatmap/2025-11-08-05-27-09.h5 /local/slurm-38431198/local/pbhowal/one_object_4_point_sqrt_heatmap/
+ rsync -az /ocean/projects/cis240052p/pbhowal/2d_Representation_Hierarchical_Policy_Learning/Articubot_Data/one_object_4_point_sqrt_heatmap/2025-11-08-05-21-38.h5 /local/slurm-38431198/local/pbhowal/one_object_4_point_sqrt_heatmap/
+ rsync -az /ocean/projects/cis240052p/pbhowal/2d_Representation_Hierarchical_Policy_Learning/Articubot_Data/one_object_4_point_sqrt_heatmap/2025-11-08-05-14-31.h5 /local/slurm-38431198/local/pbhowal/one_object_4_point_sqrt_heatmap/
+ rsync -az /ocean/projects/cis240052p/pbhowal/2d_Representation_Hierarchical_Policy_Learning/Articubot_Data/one_object_4_point_sqrt_heatmap/2025-11-08-05-36-01.h5 /local/slurm-38431198/local/pbhowal/one_object_4_point_sqrt_heatmap/
+ rsync -az /ocean/projects/cis240052p/pbhowal/2d_Representation_Hierarchical_Policy_Learning/Articubot_Data/one_object_4_point_sqrt_heatmap/2025-11-08-05-38-55.h5 /local/slurm-38431198/local/pbhowal/one_object_4_point_sqrt_heatmap/
+ rsync -az /ocean/projects/cis240052p/pbhowal/2d_Representation_Hierarchical_Policy_Learning/Articubot_Data/one_object_4_point_sqrt_heatmap/2025-11-08-06-15-30.h5 /local/slurm-38431198/local/pbhowal/one_object_4_point_sqrt_heatmap/
+ rsync -az /ocean/projects/cis240052p/pbhowal/2d_Representation_Hierarchical_Policy_Learning/Articubot_Data/one_object_4_point_sqrt_heatmap/2025-11-08-06-18-10.h5 /local/slurm-38431198/local/pbhowal/one_object_4_point_sqrt_heatmap/
+ rsync -az /ocean/projects/cis240052p/pbhowal/2d_Representation_Hierarchical_Policy_Learning/Articubot_Data/one_object_4_point_sqrt_heatmap/2025-11-08-06-39-06.h5 /local/slurm-38431198/local/pbhowal/one_object_4_point_sqrt_heatmap/
+ rsync -az /ocean/projects/cis240052p/pbhowal/2d_Representation_Hierarchical_Policy_Learning/Articubot_Data/one_object_4_point_sqrt_heatmap/2025-11-08-05-40-33.h5 /local/slurm-38431198/local/pbhowal/one_object_4_point_sqrt_heatmap/
+ rsync -az /ocean/projects/cis240052p/pbhowal/2d_Representation_Hierarchical_Policy_Learning/Articubot_Data/one_object_4_point_sqrt_heatmap/2025-11-08-05-41-48.h5 /local/slurm-38431198/local/pbhowal/one_object_4_point_sqrt_heatmap/
+ rsync -az /ocean/projects/cis240052p/pbhowal/2d_Representation_Hierarchical_Policy_Learning/Articubot_Data/one_object_4_point_sqrt_heatmap/2025-11-08-06-43-43.h5 /local/slurm-38431198/local/pbhowal/one_object_4_point_sqrt_heatmap/
+ rsync -az /ocean/projects/cis240052p/pbhowal/2d_Representation_Hierarchical_Policy_Learning/Articubot_Data/one_object_4_point_sqrt_heatmap/2025-11-08-06-40-34.h5 /local/slurm-38431198/local/pbhowal/one_object_4_point_sqrt_heatmap/
+ rsync -az /ocean/projects/cis240052p/pbhowal/2d_Representation_Hierarchical_Policy_Learning/Articubot_Data/one_object_4_point_sqrt_heatmap/2025-11-08-06-08-25.h5 /local/slurm-38431198/local/pbhowal/one_object_4_point_sqrt_heatmap/
+ rsync -az /ocean/projects/cis240052p/pbhowal/2d_Representation_Hierarchical_Policy_Learning/Articubot_Data/one_object_4_point_sqrt_heatmap/2025-11-08-06-09-59.h5 /local/slurm-38431198/local/pbhowal/one_object_4_point_sqrt_heatmap/
+ rsync -az /ocean/projects/cis240052p/pbhowal/2d_Representation_Hierarchical_Policy_Learning/Articubot_Data/one_object_4_point_sqrt_heatmap/2025-11-08-06-24-32.h5 /local/slurm-38431198/local/pbhowal/one_object_4_point_sqrt_heatmap/
+ rsync -az /ocean/projects/cis240052p/pbhowal/2d_Representation_Hierarchical_Policy_Learning/Articubot_Data/one_object_4_point_sqrt_heatmap/2025-11-08-06-36-15.h5 /local/slurm-38431198/local/pbhowal/one_object_4_point_sqrt_heatmap/
+ rsync -az /ocean/projects/cis240052p/pbhowal/2d_Representation_Hierarchical_Policy_Learning/Articubot_Data/one_object_4_point_sqrt_heatmap/2025-11-08-06-22-39.h5 /local/slurm-38431198/local/pbhowal/one_object_4_point_sqrt_heatmap/
+ for f in "$SRC_DIR"/*.h5
+ for f in "$SRC_DIR"/*.h5
+ rsync -az /ocean/projects/cis240052p/pbhowal/2d_Representation_Hierarchical_Policy_Learning/Articubot_Data/one_object_4_point_sqrt_heatmap/2025-11-08-06-27-28.h5 /local/slurm-38431198/local/pbhowal/one_object_4_point_sqrt_heatmap/
+ for f in "$SRC_DIR"/*.h5
+ for f in "$SRC_DIR"/*.h5
+ for f in "$SRC_DIR"/*.h5
+ for f in "$SRC_DIR"/*.h5
+ for f in "$SRC_DIR"/*.h5
+ for f in "$SRC_DIR"/*.h5
+ for f in "$SRC_DIR"/*.h5
+ for f in "$SRC_DIR"/*.h5
+ for f in "$SRC_DIR"/*.h5
+ for f in "$SRC_DIR"/*.h5
+ for f in "$SRC_DIR"/*.h5
+ for f in "$SRC_DIR"/*.h5
+ for f in "$SRC_DIR"/*.h5
+ for f in "$SRC_DIR"/*.h5
+ for f in "$SRC_DIR"/*.h5
+ for f in "$SRC_DIR"/*.h5
+ for f in "$SRC_DIR"/*.h5
+ for f in "$SRC_DIR"/*.h5
+ for f in "$SRC_DIR"/*.h5
+ for f in "$SRC_DIR"/*.h5
+ for f in "$SRC_DIR"/*.h5
+ for f in "$SRC_DIR"/*.h5
+ for f in "$SRC_DIR"/*.h5
+ for f in "$SRC_DIR"/*.h5
+ for f in "$SRC_DIR"/*.h5
+ for f in "$SRC_DIR"/*.h5
+ for f in "$SRC_DIR"/*.h5
+ for f in "$SRC_DIR"/*.h5
+ for f in "$SRC_DIR"/*.h5
+ rsync -az /ocean/projects/cis240052p/pbhowal/2d_Representation_Hierarchical_Policy_Learning/Articubot_Data/one_object_4_point_sqrt_heatmap/2025-11-08-06-42-06.h5 /local/slurm-38431198/local/pbhowal/one_object_4_point_sqrt_heatmap/
+ rsync -az /ocean/projects/cis240052p/pbhowal/2d_Representation_Hierarchical_Policy_Learning/Articubot_Data/one_object_4_point_sqrt_heatmap/2025-11-08-06-30-46.h5 /local/slurm-38431198/local/pbhowal/one_object_4_point_sqrt_heatmap/
+ rsync -az /ocean/projects/cis240052p/pbhowal/2d_Representation_Hierarchical_Policy_Learning/Articubot_Data/one_object_4_point_sqrt_heatmap/2025-11-08-06-16-51.h5 /local/slurm-38431198/local/pbhowal/one_object_4_point_sqrt_heatmap/
+ rsync -az /ocean/projects/cis240052p/pbhowal/2d_Representation_Hierarchical_Policy_Learning/Articubot_Data/one_object_4_point_sqrt_heatmap/2025-11-08-06-19-34.h5 /local/slurm-38431198/local/pbhowal/one_object_4_point_sqrt_heatmap/
+ rsync -az /ocean/projects/cis240052p/pbhowal/2d_Representation_Hierarchical_Policy_Learning/Articubot_Data/one_object_4_point_sqrt_heatmap/2025-11-08-06-45-11.h5 /local/slurm-38431198/local/pbhowal/one_object_4_point_sqrt_heatmap/
+ rsync -az /ocean/projects/cis240052p/pbhowal/2d_Representation_Hierarchical_Policy_Learning/Articubot_Data/one_object_4_point_sqrt_heatmap/2025-11-08-06-34-52.h5 /local/slurm-38431198/local/pbhowal/one_object_4_point_sqrt_heatmap/
+ rsync -az /ocean/projects/cis240052p/pbhowal/2d_Representation_Hierarchical_Policy_Learning/Articubot_Data/one_object_4_point_sqrt_heatmap/2025-11-08-06-07-04.h5 /local/slurm-38431198/local/pbhowal/one_object_4_point_sqrt_heatmap/
+ rsync -az /ocean/projects/cis240052p/pbhowal/2d_Representation_Hierarchical_Policy_Learning/Articubot_Data/one_object_4_point_sqrt_heatmap/2025-11-08-06-13-52.h5 /local/slurm-38431198/local/pbhowal/one_object_4_point_sqrt_heatmap/
+ rsync -az /ocean/projects/cis240052p/pbhowal/2d_Representation_Hierarchical_Policy_Learning/Articubot_Data/one_object_4_point_sqrt_heatmap/2025-11-08-06-21-10.h5 /local/slurm-38431198/local/pbhowal/one_object_4_point_sqrt_heatmap/
+ rsync -az /ocean/projects/cis240052p/pbhowal/2d_Representation_Hierarchical_Policy_Learning/Articubot_Data/one_object_4_point_sqrt_heatmap/2025-11-08-06-37-51.h5 /local/slurm-38431198/local/pbhowal/one_object_4_point_sqrt_heatmap/
+ rsync -az /ocean/projects/cis240052p/pbhowal/2d_Representation_Hierarchical_Policy_Learning/Articubot_Data/one_object_4_point_sqrt_heatmap/2025-11-08-07-11-00.h5 /local/slurm-38431198/local/pbhowal/one_object_4_point_sqrt_heatmap/
+ rsync -az /ocean/projects/cis240052p/pbhowal/2d_Representation_Hierarchical_Policy_Learning/Articubot_Data/one_object_4_point_sqrt_heatmap/2025-11-08-07-27-02.h5 /local/slurm-38431198/local/pbhowal/one_object_4_point_sqrt_heatmap/
+ rsync -az /ocean/projects/cis240052p/pbhowal/2d_Representation_Hierarchical_Policy_Learning/Articubot_Data/one_object_4_point_sqrt_heatmap/2025-11-08-07-27-58.h5 /local/slurm-38431198/local/pbhowal/one_object_4_point_sqrt_heatmap/
+ rsync -az /ocean/projects/cis240052p/pbhowal/2d_Representation_Hierarchical_Policy_Learning/Articubot_Data/one_object_4_point_sqrt_heatmap/2025-11-08-07-15-19.h5 /local/slurm-38431198/local/pbhowal/one_object_4_point_sqrt_heatmap/
+ rsync -az /ocean/projects/cis240052p/pbhowal/2d_Representation_Hierarchical_Policy_Learning/Articubot_Data/one_object_4_point_sqrt_heatmap/2025-11-08-07-17-30.h5 /local/slurm-38431198/local/pbhowal/one_object_4_point_sqrt_heatmap/
+ rsync -az /ocean/projects/cis240052p/pbhowal/2d_Representation_Hierarchical_Policy_Learning/Articubot_Data/one_object_4_point_sqrt_heatmap/2025-11-08-07-32-24.h5 /local/slurm-38431198/local/pbhowal/one_object_4_point_sqrt_heatmap/
+ rsync -az /ocean/projects/cis240052p/pbhowal/2d_Representation_Hierarchical_Policy_Learning/Articubot_Data/one_object_4_point_sqrt_heatmap/2025-11-08-07-29-26.h5 /local/slurm-38431198/local/pbhowal/one_object_4_point_sqrt_heatmap/
+ rsync -az /ocean/projects/cis240052p/pbhowal/2d_Representation_Hierarchical_Policy_Learning/Articubot_Data/one_object_4_point_sqrt_heatmap/2025-11-08-06-46-11.h5 /local/slurm-38431198/local/pbhowal/one_object_4_point_sqrt_heatmap/
+ rsync -az /ocean/projects/cis240052p/pbhowal/2d_Representation_Hierarchical_Policy_Learning/Articubot_Data/one_object_4_point_sqrt_heatmap/2025-11-08-06-49-08.h5 /local/slurm-38431198/local/pbhowal/one_object_4_point_sqrt_heatmap/
+ rsync -az /ocean/projects/cis240052p/pbhowal/2d_Representation_Hierarchical_Policy_Learning/Articubot_Data/one_object_4_point_sqrt_heatmap/2025-11-08-07-20-17.h5 /local/slurm-38431198/local/pbhowal/one_object_4_point_sqrt_heatmap/
+ rsync -az /ocean/projects/cis240052p/pbhowal/2d_Representation_Hierarchical_Policy_Learning/Articubot_Data/one_object_4_point_sqrt_heatmap/2025-11-08-06-50-37.h5 /local/slurm-38431198/local/pbhowal/one_object_4_point_sqrt_heatmap/
+ rsync -az /ocean/projects/cis240052p/pbhowal/2d_Representation_Hierarchical_Policy_Learning/Articubot_Data/one_object_4_point_sqrt_heatmap/2025-11-08-07-35-12.h5 /local/slurm-38431198/local/pbhowal/one_object_4_point_sqrt_heatmap/
+ rsync -az /ocean/projects/cis240052p/pbhowal/2d_Representation_Hierarchical_Policy_Learning/Articubot_Data/one_object_4_point_sqrt_heatmap/2025-11-08-07-33-50.h5 /local/slurm-38431198/local/pbhowal/one_object_4_point_sqrt_heatmap/
+ rsync -az /ocean/projects/cis240052p/pbhowal/2d_Representation_Hierarchical_Policy_Learning/Articubot_Data/one_object_4_point_sqrt_heatmap/2025-11-08-06-52-11.h5 /local/slurm-38431198/local/pbhowal/one_object_4_point_sqrt_heatmap/
+ rsync -az /ocean/projects/cis240052p/pbhowal/2d_Representation_Hierarchical_Policy_Learning/Articubot_Data/one_object_4_point_sqrt_heatmap/2025-11-08-06-53-36.h5 /local/slurm-38431198/local/pbhowal/one_object_4_point_sqrt_heatmap/
+ rsync -az /ocean/projects/cis240052p/pbhowal/2d_Representation_Hierarchical_Policy_Learning/Articubot_Data/one_object_4_point_sqrt_heatmap/2025-11-08-06-55-02.h5 /local/slurm-38431198/local/pbhowal/one_object_4_point_sqrt_heatmap/
+ rsync -az /ocean/projects/cis240052p/pbhowal/2d_Representation_Hierarchical_Policy_Learning/Articubot_Data/one_object_4_point_sqrt_heatmap/2025-11-08-06-56-24.h5 /local/slurm-38431198/local/pbhowal/one_object_4_point_sqrt_heatmap/
+ rsync -az /ocean/projects/cis240052p/pbhowal/2d_Representation_Hierarchical_Policy_Learning/Articubot_Data/one_object_4_point_sqrt_heatmap/2025-11-08-07-05-12.h5 /local/slurm-38431198/local/pbhowal/one_object_4_point_sqrt_heatmap/
+ rsync -az /ocean/projects/cis240052p/pbhowal/2d_Representation_Hierarchical_Policy_Learning/Articubot_Data/one_object_4_point_sqrt_heatmap/2025-11-08-07-01-48.h5 /local/slurm-38431198/local/pbhowal/one_object_4_point_sqrt_heatmap/
+ rsync -az /ocean/projects/cis240052p/pbhowal/2d_Representation_Hierarchical_Policy_Learning/Articubot_Data/one_object_4_point_sqrt_heatmap/2025-11-08-07-12-43.h5 /local/slurm-38431198/local/pbhowal/one_object_4_point_sqrt_heatmap/
+ rsync -az /ocean/projects/cis240052p/pbhowal/2d_Representation_Hierarchical_Policy_Learning/Articubot_Data/one_object_4_point_sqrt_heatmap/2025-11-08-07-25-19.h5 /local/slurm-38431198/local/pbhowal/one_object_4_point_sqrt_heatmap/
+ rsync -az /ocean/projects/cis240052p/pbhowal/2d_Representation_Hierarchical_Policy_Learning/Articubot_Data/one_object_4_point_sqrt_heatmap/2025-11-08-07-39-23.h5 /local/slurm-38431198/local/pbhowal/one_object_4_point_sqrt_heatmap/
+ rsync -az /ocean/projects/cis240052p/pbhowal/2d_Representation_Hierarchical_Policy_Learning/Articubot_Data/one_object_4_point_sqrt_heatmap/2025-11-08-07-16-12.h5 /local/slurm-38431198/local/pbhowal/one_object_4_point_sqrt_heatmap/
+ for f in "$SRC_DIR"/*.h5
+ for f in "$SRC_DIR"/*.h5
+ for f in "$SRC_DIR"/*.h5
+ for f in "$SRC_DIR"/*.h5
+ for f in "$SRC_DIR"/*.h5
+ for f in "$SRC_DIR"/*.h5
+ for f in "$SRC_DIR"/*.h5
+ for f in "$SRC_DIR"/*.h5
+ for f in "$SRC_DIR"/*.h5
+ for f in "$SRC_DIR"/*.h5
+ for f in "$SRC_DIR"/*.h5
+ for f in "$SRC_DIR"/*.h5
+ for f in "$SRC_DIR"/*.h5
+ for f in "$SRC_DIR"/*.h5
+ for f in "$SRC_DIR"/*.h5
+ for f in "$SRC_DIR"/*.h5
+ for f in "$SRC_DIR"/*.h5
+ for f in "$SRC_DIR"/*.h5
+ for f in "$SRC_DIR"/*.h5
+ for f in "$SRC_DIR"/*.h5
+ for f in "$SRC_DIR"/*.h5
+ for f in "$SRC_DIR"/*.h5
+ for f in "$SRC_DIR"/*.h5
+ for f in "$SRC_DIR"/*.h5
+ for f in "$SRC_DIR"/*.h5
+ for f in "$SRC_DIR"/*.h5
+ for f in "$SRC_DIR"/*.h5
+ for f in "$SRC_DIR"/*.h5
+ for f in "$SRC_DIR"/*.h5
+ for f in "$SRC_DIR"/*.h5
+ for f in "$SRC_DIR"/*.h5
+ for f in "$SRC_DIR"/*.h5
+ rsync -az /ocean/projects/cis240052p/pbhowal/2d_Representation_Hierarchical_Policy_Learning/Articubot_Data/one_object_4_point_sqrt_heatmap/2025-11-08-07-30-51.h5 /local/slurm-38431198/local/pbhowal/one_object_4_point_sqrt_heatmap/
+ rsync -az /ocean/projects/cis240052p/pbhowal/2d_Representation_Hierarchical_Policy_Learning/Articubot_Data/one_object_4_point_sqrt_heatmap/2025-11-08-07-36-23.h5 /local/slurm-38431198/local/pbhowal/one_object_4_point_sqrt_heatmap/
+ rsync -az /ocean/projects/cis240052p/pbhowal/2d_Representation_Hierarchical_Policy_Learning/Articubot_Data/one_object_4_point_sqrt_heatmap/2025-11-08-06-59-25.h5 /local/slurm-38431198/local/pbhowal/one_object_4_point_sqrt_heatmap/
+ rsync -az /ocean/projects/cis240052p/pbhowal/2d_Representation_Hierarchical_Policy_Learning/Articubot_Data/one_object_4_point_sqrt_heatmap/2025-11-08-07-06-26.h5 /local/slurm-38431198/local/pbhowal/one_object_4_point_sqrt_heatmap/
+ rsync -az /ocean/projects/cis240052p/pbhowal/2d_Representation_Hierarchical_Policy_Learning/Articubot_Data/one_object_4_point_sqrt_heatmap/2025-11-08-07-07-58.h5 /local/slurm-38431198/local/pbhowal/one_object_4_point_sqrt_heatmap/
+ rsync -az /ocean/projects/cis240052p/pbhowal/2d_Representation_Hierarchical_Policy_Learning/Articubot_Data/one_object_4_point_sqrt_heatmap/2025-11-08-07-18-48.h5 /local/slurm-38431198/local/pbhowal/one_object_4_point_sqrt_heatmap/
+ rsync -az /ocean/projects/cis240052p/pbhowal/2d_Representation_Hierarchical_Policy_Learning/Articubot_Data/one_object_4_point_sqrt_heatmap/2025-11-08-07-37-48.h5 /local/slurm-38431198/local/pbhowal/one_object_4_point_sqrt_heatmap/
+ rsync -az /ocean/projects/cis240052p/pbhowal/2d_Representation_Hierarchical_Policy_Learning/Articubot_Data/one_object_4_point_sqrt_heatmap/2025-11-08-07-40-51.h5 /local/slurm-38431198/local/pbhowal/one_object_4_point_sqrt_heatmap/
+ rsync -az /ocean/projects/cis240052p/pbhowal/2d_Representation_Hierarchical_Policy_Learning/Articubot_Data/one_object_4_point_sqrt_heatmap/2025-11-08-07-59-41.h5 /local/slurm-38431198/local/pbhowal/one_object_4_point_sqrt_heatmap/
+ rsync -az /ocean/projects/cis240052p/pbhowal/2d_Representation_Hierarchical_Policy_Learning/Articubot_Data/one_object_4_point_sqrt_heatmap/2025-11-08-08-01-06.h5 /local/slurm-38431198/local/pbhowal/one_object_4_point_sqrt_heatmap/
+ rsync -az /ocean/projects/cis240052p/pbhowal/2d_Representation_Hierarchical_Policy_Learning/Articubot_Data/one_object_4_point_sqrt_heatmap/2025-11-08-08-11-56.h5 /local/slurm-38431198/local/pbhowal/one_object_4_point_sqrt_heatmap/
+ rsync -az /ocean/projects/cis240052p/pbhowal/2d_Representation_Hierarchical_Policy_Learning/Articubot_Data/one_object_4_point_sqrt_heatmap/2025-11-08-07-48-41.h5 /local/slurm-38431198/local/pbhowal/one_object_4_point_sqrt_heatmap/
+ rsync -az /ocean/projects/cis240052p/pbhowal/2d_Representation_Hierarchical_Policy_Learning/Articubot_Data/one_object_4_point_sqrt_heatmap/2025-11-08-07-53-24.h5 /local/slurm-38431198/local/pbhowal/one_object_4_point_sqrt_heatmap/
+ rsync -az /ocean/projects/cis240052p/pbhowal/2d_Representation_Hierarchical_Policy_Learning/Articubot_Data/one_object_4_point_sqrt_heatmap/2025-11-08-07-54-41.h5 /local/slurm-38431198/local/pbhowal/one_object_4_point_sqrt_heatmap/
+ rsync -az /ocean/projects/cis240052p/pbhowal/2d_Representation_Hierarchical_Policy_Learning/Articubot_Data/one_object_4_point_sqrt_heatmap/2025-11-08-08-07-42.h5 /local/slurm-38431198/local/pbhowal/one_object_4_point_sqrt_heatmap/
+ rsync -az /ocean/projects/cis240052p/pbhowal/2d_Representation_Hierarchical_Policy_Learning/Articubot_Data/one_object_4_point_sqrt_heatmap/2025-11-08-08-13-10.h5 /local/slurm-38431198/local/pbhowal/one_object_4_point_sqrt_heatmap/
+ rsync -az /ocean/projects/cis240052p/pbhowal/2d_Representation_Hierarchical_Policy_Learning/Articubot_Data/one_object_4_point_sqrt_heatmap/2025-11-08-08-26-10.h5 /local/slurm-38431198/local/pbhowal/one_object_4_point_sqrt_heatmap/
+ rsync -az /ocean/projects/cis240052p/pbhowal/2d_Representation_Hierarchical_Policy_Learning/Articubot_Data/one_object_4_point_sqrt_heatmap/2025-11-08-07-42-11.h5 /local/slurm-38431198/local/pbhowal/one_object_4_point_sqrt_heatmap/
+ rsync -az /ocean/projects/cis240052p/pbhowal/2d_Representation_Hierarchical_Policy_Learning/Articubot_Data/one_object_4_point_sqrt_heatmap/2025-11-08-07-43-43.h5 /local/slurm-38431198/local/pbhowal/one_object_4_point_sqrt_heatmap/
+ rsync -az /ocean/projects/cis240052p/pbhowal/2d_Representation_Hierarchical_Policy_Learning/Articubot_Data/one_object_4_point_sqrt_heatmap/2025-11-08-08-32-03.h5 /local/slurm-38431198/local/pbhowal/one_object_4_point_sqrt_heatmap/
+ rsync -az /ocean/projects/cis240052p/pbhowal/2d_Representation_Hierarchical_Policy_Learning/Articubot_Data/one_object_4_point_sqrt_heatmap/2025-11-08-07-45-02.h5 /local/slurm-38431198/local/pbhowal/one_object_4_point_sqrt_heatmap/
+ rsync -az /ocean/projects/cis240052p/pbhowal/2d_Representation_Hierarchical_Policy_Learning/Articubot_Data/one_object_4_point_sqrt_heatmap/2025-11-08-07-46-33.h5 /local/slurm-38431198/local/pbhowal/one_object_4_point_sqrt_heatmap/
+ rsync -az /ocean/projects/cis240052p/pbhowal/2d_Representation_Hierarchical_Policy_Learning/Articubot_Data/one_object_4_point_sqrt_heatmap/2025-11-08-07-49-42.h5 /local/slurm-38431198/local/pbhowal/one_object_4_point_sqrt_heatmap/
+ rsync -az /ocean/projects/cis240052p/pbhowal/2d_Representation_Hierarchical_Policy_Learning/Articubot_Data/one_object_4_point_sqrt_heatmap/2025-11-08-07-52-01.h5 /local/slurm-38431198/local/pbhowal/one_object_4_point_sqrt_heatmap/
+ rsync -az /ocean/projects/cis240052p/pbhowal/2d_Representation_Hierarchical_Policy_Learning/Articubot_Data/one_object_4_point_sqrt_heatmap/2025-11-08-07-57-12.h5 /local/slurm-38431198/local/pbhowal/one_object_4_point_sqrt_heatmap/
+ rsync -az /ocean/projects/cis240052p/pbhowal/2d_Representation_Hierarchical_Policy_Learning/Articubot_Data/one_object_4_point_sqrt_heatmap/2025-11-08-08-21-25.h5 /local/slurm-38431198/local/pbhowal/one_object_4_point_sqrt_heatmap/
+ rsync -az /ocean/projects/cis240052p/pbhowal/2d_Representation_Hierarchical_Policy_Learning/Articubot_Data/one_object_4_point_sqrt_heatmap/2025-11-08-08-24-48.h5 /local/slurm-38431198/local/pbhowal/one_object_4_point_sqrt_heatmap/
+ rsync -az /ocean/projects/cis240052p/pbhowal/2d_Representation_Hierarchical_Policy_Learning/Articubot_Data/one_object_4_point_sqrt_heatmap/2025-11-08-07-56-03.h5 /local/slurm-38431198/local/pbhowal/one_object_4_point_sqrt_heatmap/
+ rsync -az /ocean/projects/cis240052p/pbhowal/2d_Representation_Hierarchical_Policy_Learning/Articubot_Data/one_object_4_point_sqrt_heatmap/2025-11-08-08-02-46.h5 /local/slurm-38431198/local/pbhowal/one_object_4_point_sqrt_heatmap/
+ rsync -az /ocean/projects/cis240052p/pbhowal/2d_Representation_Hierarchical_Policy_Learning/Articubot_Data/one_object_4_point_sqrt_heatmap/2025-11-08-08-04-34.h5 /local/slurm-38431198/local/pbhowal/one_object_4_point_sqrt_heatmap/
+ rsync -az /ocean/projects/cis240052p/pbhowal/2d_Representation_Hierarchical_Policy_Learning/Articubot_Data/one_object_4_point_sqrt_heatmap/2025-11-08-07-58-12.h5 /local/slurm-38431198/local/pbhowal/one_object_4_point_sqrt_heatmap/
+ rsync -az /ocean/projects/cis240052p/pbhowal/2d_Representation_Hierarchical_Policy_Learning/Articubot_Data/one_object_4_point_sqrt_heatmap/2025-11-08-08-10-36.h5 /local/slurm-38431198/local/pbhowal/one_object_4_point_sqrt_heatmap/
+ rsync -az /ocean/projects/cis240052p/pbhowal/2d_Representation_Hierarchical_Policy_Learning/Articubot_Data/one_object_4_point_sqrt_heatmap/2025-11-08-08-18-43.h5 /local/slurm-38431198/local/pbhowal/one_object_4_point_sqrt_heatmap/
+ rsync -az /ocean/projects/cis240052p/pbhowal/2d_Representation_Hierarchical_Policy_Learning/Articubot_Data/one_object_4_point_sqrt_heatmap/2025-11-08-08-15-11.h5 /local/slurm-38431198/local/pbhowal/one_object_4_point_sqrt_heatmap/
+ rsync -az /ocean/projects/cis240052p/pbhowal/2d_Representation_Hierarchical_Policy_Learning/Articubot_Data/one_object_4_point_sqrt_heatmap/2025-11-08-08-17-10.h5 /local/slurm-38431198/local/pbhowal/one_object_4_point_sqrt_heatmap/
+ rsync -az /ocean/projects/cis240052p/pbhowal/2d_Representation_Hierarchical_Policy_Learning/Articubot_Data/one_object_4_point_sqrt_heatmap/2025-11-08-08-27-37.h5 /local/slurm-38431198/local/pbhowal/one_object_4_point_sqrt_heatmap/
+ for f in "$SRC_DIR"/*.h5
+ for f in "$SRC_DIR"/*.h5
+ for f in "$SRC_DIR"/*.h5
+ for f in "$SRC_DIR"/*.h5
+ rsync -az /ocean/projects/cis240052p/pbhowal/2d_Representation_Hierarchical_Policy_Learning/Articubot_Data/one_object_4_point_sqrt_heatmap/2025-11-08-08-30-36.h5 /local/slurm-38431198/local/pbhowal/one_object_4_point_sqrt_heatmap/
+ for f in "$SRC_DIR"/*.h5
+ for f in "$SRC_DIR"/*.h5
+ for f in "$SRC_DIR"/*.h5
+ for f in "$SRC_DIR"/*.h5
+ for f in "$SRC_DIR"/*.h5
+ for f in "$SRC_DIR"/*.h5
+ for f in "$SRC_DIR"/*.h5
+ rsync -az /ocean/projects/cis240052p/pbhowal/2d_Representation_Hierarchical_Policy_Learning/Articubot_Data/one_object_4_point_sqrt_heatmap/2025-11-08-08-20-11.h5 /local/slurm-38431198/local/pbhowal/one_object_4_point_sqrt_heatmap/
+ for f in "$SRC_DIR"/*.h5
+ for f in "$SRC_DIR"/*.h5
+ for f in "$SRC_DIR"/*.h5
+ for f in "$SRC_DIR"/*.h5
+ for f in "$SRC_DIR"/*.h5
+ for f in "$SRC_DIR"/*.h5
+ for f in "$SRC_DIR"/*.h5
+ for f in "$SRC_DIR"/*.h5
+ for f in "$SRC_DIR"/*.h5
+ for f in "$SRC_DIR"/*.h5
+ for f in "$SRC_DIR"/*.h5
+ for f in "$SRC_DIR"/*.h5
+ for f in "$SRC_DIR"/*.h5
+ for f in "$SRC_DIR"/*.h5
+ for f in "$SRC_DIR"/*.h5
+ for f in "$SRC_DIR"/*.h5
+ for f in "$SRC_DIR"/*.h5
+ for f in "$SRC_DIR"/*.h5
+ for f in "$SRC_DIR"/*.h5
+ for f in "$SRC_DIR"/*.h5
+ rsync -az /ocean/projects/cis240052p/pbhowal/2d_Representation_Hierarchical_Policy_Learning/Articubot_Data/one_object_4_point_sqrt_heatmap/2025-11-08-08-09-13.h5 /local/slurm-38431198/local/pbhowal/one_object_4_point_sqrt_heatmap/
+ rsync -az /ocean/projects/cis240052p/pbhowal/2d_Representation_Hierarchical_Policy_Learning/Articubot_Data/one_object_4_point_sqrt_heatmap/2025-11-08-08-32-53.h5 /local/slurm-38431198/local/pbhowal/one_object_4_point_sqrt_heatmap/
+ rsync -az /ocean/projects/cis240052p/pbhowal/2d_Representation_Hierarchical_Policy_Learning/Articubot_Data/one_object_4_point_sqrt_heatmap/2025-11-08-08-40-38.h5 /local/slurm-38431198/local/pbhowal/one_object_4_point_sqrt_heatmap/
+ rsync -az /ocean/projects/cis240052p/pbhowal/2d_Representation_Hierarchical_Policy_Learning/Articubot_Data/one_object_4_point_sqrt_heatmap/2025-11-08-08-59-50.h5 /local/slurm-38431198/local/pbhowal/one_object_4_point_sqrt_heatmap/
+ rsync -az /ocean/projects/cis240052p/pbhowal/2d_Representation_Hierarchical_Policy_Learning/Articubot_Data/one_object_4_point_sqrt_heatmap/2025-11-08-08-45-11.h5 /local/slurm-38431198/local/pbhowal/one_object_4_point_sqrt_heatmap/
+ rsync -az /ocean/projects/cis240052p/pbhowal/2d_Representation_Hierarchical_Policy_Learning/Articubot_Data/one_object_4_point_sqrt_heatmap/2025-11-08-09-05-22.h5 /local/slurm-38431198/local/pbhowal/one_object_4_point_sqrt_heatmap/
+ rsync -az /ocean/projects/cis240052p/pbhowal/2d_Representation_Hierarchical_Policy_Learning/Articubot_Data/one_object_4_point_sqrt_heatmap/2025-11-08-09-06-23.h5 /local/slurm-38431198/local/pbhowal/one_object_4_point_sqrt_heatmap/
+ rsync -az /ocean/projects/cis240052p/pbhowal/2d_Representation_Hierarchical_Policy_Learning/Articubot_Data/one_object_4_point_sqrt_heatmap/2025-11-08-09-26-11.h5 /local/slurm-38431198/local/pbhowal/one_object_4_point_sqrt_heatmap/
+ rsync -az /ocean/projects/cis240052p/pbhowal/2d_Representation_Hierarchical_Policy_Learning/Articubot_Data/one_object_4_point_sqrt_heatmap/2025-11-08-08-42-23.h5 /local/slurm-38431198/local/pbhowal/one_object_4_point_sqrt_heatmap/
+ rsync -az /ocean/projects/cis240052p/pbhowal/2d_Representation_Hierarchical_Policy_Learning/Articubot_Data/one_object_4_point_sqrt_heatmap/2025-11-08-08-36-38.h5 /local/slurm-38431198/local/pbhowal/one_object_4_point_sqrt_heatmap/
+ rsync -az /ocean/projects/cis240052p/pbhowal/2d_Representation_Hierarchical_Policy_Learning/Articubot_Data/one_object_4_point_sqrt_heatmap/2025-11-08-08-47-58.h5 /local/slurm-38431198/local/pbhowal/one_object_4_point_sqrt_heatmap/
+ rsync -az /ocean/projects/cis240052p/pbhowal/2d_Representation_Hierarchical_Policy_Learning/Articubot_Data/one_object_4_point_sqrt_heatmap/2025-11-08-09-01-25.h5 /local/slurm-38431198/local/pbhowal/one_object_4_point_sqrt_heatmap/
+ rsync -az /ocean/projects/cis240052p/pbhowal/2d_Representation_Hierarchical_Policy_Learning/Articubot_Data/one_object_4_point_sqrt_heatmap/2025-11-08-09-09-33.h5 /local/slurm-38431198/local/pbhowal/one_object_4_point_sqrt_heatmap/
+ rsync -az /ocean/projects/cis240052p/pbhowal/2d_Representation_Hierarchical_Policy_Learning/Articubot_Data/one_object_4_point_sqrt_heatmap/2025-11-08-09-12-39.h5 /local/slurm-38431198/local/pbhowal/one_object_4_point_sqrt_heatmap/
+ rsync -az /ocean/projects/cis240052p/pbhowal/2d_Representation_Hierarchical_Policy_Learning/Articubot_Data/one_object_4_point_sqrt_heatmap/2025-11-08-09-20-38.h5 /local/slurm-38431198/local/pbhowal/one_object_4_point_sqrt_heatmap/
+ rsync -az /ocean/projects/cis240052p/pbhowal/2d_Representation_Hierarchical_Policy_Learning/Articubot_Data/one_object_4_point_sqrt_heatmap/2025-11-08-09-22-01.h5 /local/slurm-38431198/local/pbhowal/one_object_4_point_sqrt_heatmap/
+ rsync -az /ocean/projects/cis240052p/pbhowal/2d_Representation_Hierarchical_Policy_Learning/Articubot_Data/one_object_4_point_sqrt_heatmap/2025-11-08-09-08-00.h5 /local/slurm-38431198/local/pbhowal/one_object_4_point_sqrt_heatmap/
+ rsync -az /ocean/projects/cis240052p/pbhowal/2d_Representation_Hierarchical_Policy_Learning/Articubot_Data/one_object_4_point_sqrt_heatmap/2025-11-08-08-37-52.h5 /local/slurm-38431198/local/pbhowal/one_object_4_point_sqrt_heatmap/
+ rsync -az /ocean/projects/cis240052p/pbhowal/2d_Representation_Hierarchical_Policy_Learning/Articubot_Data/one_object_4_point_sqrt_heatmap/2025-11-08-09-16-30.h5 /local/slurm-38431198/local/pbhowal/one_object_4_point_sqrt_heatmap/
+ rsync -az /ocean/projects/cis240052p/pbhowal/2d_Representation_Hierarchical_Policy_Learning/Articubot_Data/one_object_4_point_sqrt_heatmap/2025-11-08-08-39-02.h5 /local/slurm-38431198/local/pbhowal/one_object_4_point_sqrt_heatmap/
+ rsync -az /ocean/projects/cis240052p/pbhowal/2d_Representation_Hierarchical_Policy_Learning/Articubot_Data/one_object_4_point_sqrt_heatmap/2025-11-08-08-49-37.h5 /local/slurm-38431198/local/pbhowal/one_object_4_point_sqrt_heatmap/
+ rsync -az /ocean/projects/cis240052p/pbhowal/2d_Representation_Hierarchical_Policy_Learning/Articubot_Data/one_object_4_point_sqrt_heatmap/2025-11-08-09-02-57.h5 /local/slurm-38431198/local/pbhowal/one_object_4_point_sqrt_heatmap/
+ rsync -az /ocean/projects/cis240052p/pbhowal/2d_Representation_Hierarchical_Policy_Learning/Articubot_Data/one_object_4_point_sqrt_heatmap/2025-11-08-09-13-56.h5 /local/slurm-38431198/local/pbhowal/one_object_4_point_sqrt_heatmap/
+ rsync -az /ocean/projects/cis240052p/pbhowal/2d_Representation_Hierarchical_Policy_Learning/Articubot_Data/one_object_4_point_sqrt_heatmap/2025-11-08-09-17-33.h5 /local/slurm-38431198/local/pbhowal/one_object_4_point_sqrt_heatmap/
+ rsync -az /ocean/projects/cis240052p/pbhowal/2d_Representation_Hierarchical_Policy_Learning/Articubot_Data/one_object_4_point_sqrt_heatmap/2025-11-08-08-55-45.h5 /local/slurm-38431198/local/pbhowal/one_object_4_point_sqrt_heatmap/
+ rsync -az /ocean/projects/cis240052p/pbhowal/2d_Representation_Hierarchical_Policy_Learning/Articubot_Data/one_object_4_point_sqrt_heatmap/2025-11-08-09-19-01.h5 /local/slurm-38431198/local/pbhowal/one_object_4_point_sqrt_heatmap/
+ rsync -az /ocean/projects/cis240052p/pbhowal/2d_Representation_Hierarchical_Policy_Learning/Articubot_Data/one_object_4_point_sqrt_heatmap/2025-11-08-08-57-14.h5 /local/slurm-38431198/local/pbhowal/one_object_4_point_sqrt_heatmap/
+ rsync -az /ocean/projects/cis240052p/pbhowal/2d_Representation_Hierarchical_Policy_Learning/Articubot_Data/one_object_4_point_sqrt_heatmap/2025-11-08-08-58-10.h5 /local/slurm-38431198/local/pbhowal/one_object_4_point_sqrt_heatmap/
+ rsync -az /ocean/projects/cis240052p/pbhowal/2d_Representation_Hierarchical_Policy_Learning/Articubot_Data/one_object_4_point_sqrt_heatmap/2025-11-08-08-51-12.h5 /local/slurm-38431198/local/pbhowal/one_object_4_point_sqrt_heatmap/
+ rsync -az /ocean/projects/cis240052p/pbhowal/2d_Representation_Hierarchical_Policy_Learning/Articubot_Data/one_object_4_point_sqrt_heatmap/2025-11-08-08-54-23.h5 /local/slurm-38431198/local/pbhowal/one_object_4_point_sqrt_heatmap/
+ rsync -az /ocean/projects/cis240052p/pbhowal/2d_Representation_Hierarchical_Policy_Learning/Articubot_Data/one_object_4_point_sqrt_heatmap/2025-11-08-09-15-11.h5 /local/slurm-38431198/local/pbhowal/one_object_4_point_sqrt_heatmap/
+ for f in "$SRC_DIR"/*.h5
+ for f in "$SRC_DIR"/*.h5
+ for f in "$SRC_DIR"/*.h5
+ for f in "$SRC_DIR"/*.h5
+ for f in "$SRC_DIR"/*.h5
+ for f in "$SRC_DIR"/*.h5
+ for f in "$SRC_DIR"/*.h5
+ for f in "$SRC_DIR"/*.h5
+ for f in "$SRC_DIR"/*.h5
+ for f in "$SRC_DIR"/*.h5
+ for f in "$SRC_DIR"/*.h5
+ for f in "$SRC_DIR"/*.h5
+ for f in "$SRC_DIR"/*.h5
+ for f in "$SRC_DIR"/*.h5
+ for f in "$SRC_DIR"/*.h5
+ for f in "$SRC_DIR"/*.h5
+ for f in "$SRC_DIR"/*.h5
+ for f in "$SRC_DIR"/*.h5
+ for f in "$SRC_DIR"/*.h5
+ for f in "$SRC_DIR"/*.h5
+ for f in "$SRC_DIR"/*.h5
+ for f in "$SRC_DIR"/*.h5
+ for f in "$SRC_DIR"/*.h5
+ for f in "$SRC_DIR"/*.h5
+ for f in "$SRC_DIR"/*.h5
+ for f in "$SRC_DIR"/*.h5
+ for f in "$SRC_DIR"/*.h5
+ for f in "$SRC_DIR"/*.h5
+ for f in "$SRC_DIR"/*.h5
+ rsync -az /ocean/projects/cis240052p/pbhowal/2d_Representation_Hierarchical_Policy_Learning/Articubot_Data/one_object_4_point_sqrt_heatmap/2025-11-08-09-24-42.h5 /local/slurm-38431198/local/pbhowal/one_object_4_point_sqrt_heatmap/
+ rsync -az /ocean/projects/cis240052p/pbhowal/2d_Representation_Hierarchical_Policy_Learning/Articubot_Data/one_object_4_point_sqrt_heatmap/2025-11-08-10-16-03.h5 /local/slurm-38431198/local/pbhowal/one_object_4_point_sqrt_heatmap/
+ rsync -az /ocean/projects/cis240052p/pbhowal/2d_Representation_Hierarchical_Policy_Learning/Articubot_Data/one_object_4_point_sqrt_heatmap/2025-11-08-09-36-40.h5 /local/slurm-38431198/local/pbhowal/one_object_4_point_sqrt_heatmap/
+ rsync -az /ocean/projects/cis240052p/pbhowal/2d_Representation_Hierarchical_Policy_Learning/Articubot_Data/one_object_4_point_sqrt_heatmap/2025-11-08-09-38-12.h5 /local/slurm-38431198/local/pbhowal/one_object_4_point_sqrt_heatmap/
+ rsync -az /ocean/projects/cis240052p/pbhowal/2d_Representation_Hierarchical_Policy_Learning/Articubot_Data/one_object_4_point_sqrt_heatmap/2025-11-08-10-04-10.h5 /local/slurm-38431198/local/pbhowal/one_object_4_point_sqrt_heatmap/
+ rsync -az /ocean/projects/cis240052p/pbhowal/2d_Representation_Hierarchical_Policy_Learning/Articubot_Data/one_object_4_point_sqrt_heatmap/2025-11-08-10-08-34.h5 /local/slurm-38431198/local/pbhowal/one_object_4_point_sqrt_heatmap/
+ rsync -az /ocean/projects/cis240052p/pbhowal/2d_Representation_Hierarchical_Policy_Learning/Articubot_Data/one_object_4_point_sqrt_heatmap/2025-11-08-09-29-32.h5 /local/slurm-38431198/local/pbhowal/one_object_4_point_sqrt_heatmap/
+ rsync -az /ocean/projects/cis240052p/pbhowal/2d_Representation_Hierarchical_Policy_Learning/Articubot_Data/one_object_4_point_sqrt_heatmap/2025-11-08-09-30-55.h5 /local/slurm-38431198/local/pbhowal/one_object_4_point_sqrt_heatmap/
+ rsync -az /ocean/projects/cis240052p/pbhowal/2d_Representation_Hierarchical_Policy_Learning/Articubot_Data/one_object_4_point_sqrt_heatmap/2025-11-08-09-33-54.h5 /local/slurm-38431198/local/pbhowal/one_object_4_point_sqrt_heatmap/
+ rsync -az /ocean/projects/cis240052p/pbhowal/2d_Representation_Hierarchical_Policy_Learning/Articubot_Data/one_object_4_point_sqrt_heatmap/2025-11-08-09-48-40.h5 /local/slurm-38431198/local/pbhowal/one_object_4_point_sqrt_heatmap/
+ rsync -az /ocean/projects/cis240052p/pbhowal/2d_Representation_Hierarchical_Policy_Learning/Articubot_Data/one_object_4_point_sqrt_heatmap/2025-11-08-09-50-07.h5 /local/slurm-38431198/local/pbhowal/one_object_4_point_sqrt_heatmap/
+ rsync -az /ocean/projects/cis240052p/pbhowal/2d_Representation_Hierarchical_Policy_Learning/Articubot_Data/one_object_4_point_sqrt_heatmap/2025-11-08-09-53-23.h5 /local/slurm-38431198/local/pbhowal/one_object_4_point_sqrt_heatmap/
+ rsync -az /ocean/projects/cis240052p/pbhowal/2d_Representation_Hierarchical_Policy_Learning/Articubot_Data/one_object_4_point_sqrt_heatmap/2025-11-08-10-13-04.h5 /local/slurm-38431198/local/pbhowal/one_object_4_point_sqrt_heatmap/
+ rsync -az /ocean/projects/cis240052p/pbhowal/2d_Representation_Hierarchical_Policy_Learning/Articubot_Data/one_object_4_point_sqrt_heatmap/2025-11-08-09-39-50.h5 /local/slurm-38431198/local/pbhowal/one_object_4_point_sqrt_heatmap/
+ rsync -az /ocean/projects/cis240052p/pbhowal/2d_Representation_Hierarchical_Policy_Learning/Articubot_Data/one_object_4_point_sqrt_heatmap/2025-11-08-09-41-15.h5 /local/slurm-38431198/local/pbhowal/one_object_4_point_sqrt_heatmap/
+ rsync -az /ocean/projects/cis240052p/pbhowal/2d_Representation_Hierarchical_Policy_Learning/Articubot_Data/one_object_4_point_sqrt_heatmap/2025-11-08-10-10-09.h5 /local/slurm-38431198/local/pbhowal/one_object_4_point_sqrt_heatmap/
+ rsync -az /ocean/projects/cis240052p/pbhowal/2d_Representation_Hierarchical_Policy_Learning/Articubot_Data/one_object_4_point_sqrt_heatmap/2025-11-08-10-14-27.h5 /local/slurm-38431198/local/pbhowal/one_object_4_point_sqrt_heatmap/
+ rsync -az /ocean/projects/cis240052p/pbhowal/2d_Representation_Hierarchical_Policy_Learning/Articubot_Data/one_object_4_point_sqrt_heatmap/2025-11-08-10-19-02.h5 /local/slurm-38431198/local/pbhowal/one_object_4_point_sqrt_heatmap/
+ for f in "$SRC_DIR"/*.h5
+ for f in "$SRC_DIR"/*.h5
+ for f in "$SRC_DIR"/*.h5
+ for f in "$SRC_DIR"/*.h5
+ for f in "$SRC_DIR"/*.h5
+ for f in "$SRC_DIR"/*.h5
+ for f in "$SRC_DIR"/*.h5
+ for f in "$SRC_DIR"/*.h5
+ for f in "$SRC_DIR"/*.h5
+ for f in "$SRC_DIR"/*.h5
+ for f in "$SRC_DIR"/*.h5
+ for f in "$SRC_DIR"/*.h5
+ for f in "$SRC_DIR"/*.h5
+ for f in "$SRC_DIR"/*.h5
+ for f in "$SRC_DIR"/*.h5
+ for f in "$SRC_DIR"/*.h5
+ for f in "$SRC_DIR"/*.h5
+ for f in "$SRC_DIR"/*.h5
+ for f in "$SRC_DIR"/*.h5
+ for f in "$SRC_DIR"/*.h5
+ for f in "$SRC_DIR"/*.h5
+ for f in "$SRC_DIR"/*.h5
+ for f in "$SRC_DIR"/*.h5
+ for f in "$SRC_DIR"/*.h5
+ for f in "$SRC_DIR"/*.h5
+ for f in "$SRC_DIR"/*.h5
+ for f in "$SRC_DIR"/*.h5
+ for f in "$SRC_DIR"/*.h5
+ for f in "$SRC_DIR"/*.h5
+ for f in "$SRC_DIR"/*.h5
+ rsync -az /ocean/projects/cis240052p/pbhowal/2d_Representation_Hierarchical_Policy_Learning/Articubot_Data/one_object_4_point_sqrt_heatmap/2025-11-08-09-27-43.h5 /local/slurm-38431198/local/pbhowal/one_object_4_point_sqrt_heatmap/
+ rsync -az /ocean/projects/cis240052p/pbhowal/2d_Representation_Hierarchical_Policy_Learning/Articubot_Data/one_object_4_point_sqrt_heatmap/2025-11-08-10-02-37.h5 /local/slurm-38431198/local/pbhowal/one_object_4_point_sqrt_heatmap/
+ rsync -az /ocean/projects/cis240052p/pbhowal/2d_Representation_Hierarchical_Policy_Learning/Articubot_Data/one_object_4_point_sqrt_heatmap/2025-11-08-09-42-42.h5 /local/slurm-38431198/local/pbhowal/one_object_4_point_sqrt_heatmap/
+ rsync -az /ocean/projects/cis240052p/pbhowal/2d_Representation_Hierarchical_Policy_Learning/Articubot_Data/one_object_4_point_sqrt_heatmap/2025-11-08-09-54-33.h5 /local/slurm-38431198/local/pbhowal/one_object_4_point_sqrt_heatmap/
+ rsync -az /ocean/projects/cis240052p/pbhowal/2d_Representation_Hierarchical_Policy_Learning/Articubot_Data/one_object_4_point_sqrt_heatmap/2025-11-08-09-55-58.h5 /local/slurm-38431198/local/pbhowal/one_object_4_point_sqrt_heatmap/
+ rsync -az /ocean/projects/cis240052p/pbhowal/2d_Representation_Hierarchical_Policy_Learning/Articubot_Data/one_object_4_point_sqrt_heatmap/2025-11-08-10-11-36.h5 /local/slurm-38431198/local/pbhowal/one_object_4_point_sqrt_heatmap/
+ rsync -az /ocean/projects/cis240052p/pbhowal/2d_Representation_Hierarchical_Policy_Learning/Articubot_Data/one_object_4_point_sqrt_heatmap/2025-11-08-09-35-10.h5 /local/slurm-38431198/local/pbhowal/one_object_4_point_sqrt_heatmap/
+ rsync -az /ocean/projects/cis240052p/pbhowal/2d_Representation_Hierarchical_Policy_Learning/Articubot_Data/one_object_4_point_sqrt_heatmap/2025-11-08-09-59-05.h5 /local/slurm-38431198/local/pbhowal/one_object_4_point_sqrt_heatmap/
+ rsync -az /ocean/projects/cis240052p/pbhowal/2d_Representation_Hierarchical_Policy_Learning/Articubot_Data/one_object_4_point_sqrt_heatmap/2025-11-08-10-00-08.h5 /local/slurm-38431198/local/pbhowal/one_object_4_point_sqrt_heatmap/
+ rsync -az /ocean/projects/cis240052p/pbhowal/2d_Representation_Hierarchical_Policy_Learning/Articubot_Data/one_object_4_point_sqrt_heatmap/2025-11-08-10-01-30.h5 /local/slurm-38431198/local/pbhowal/one_object_4_point_sqrt_heatmap/
+ rsync -az /ocean/projects/cis240052p/pbhowal/2d_Representation_Hierarchical_Policy_Learning/Articubot_Data/one_object_4_point_sqrt_heatmap/2025-11-08-10-17-33.h5 /local/slurm-38431198/local/pbhowal/one_object_4_point_sqrt_heatmap/
+ rsync -az /ocean/projects/cis240052p/pbhowal/2d_Representation_Hierarchical_Policy_Learning/Articubot_Data/one_object_4_point_sqrt_heatmap/2025-11-08-10-23-21.h5 /local/slurm-38431198/local/pbhowal/one_object_4_point_sqrt_heatmap/
+ rsync -az /ocean/projects/cis240052p/pbhowal/2d_Representation_Hierarchical_Policy_Learning/Articubot_Data/one_object_4_point_sqrt_heatmap/2025-11-08-10-24-15.h5 /local/slurm-38431198/local/pbhowal/one_object_4_point_sqrt_heatmap/
+ rsync -az /ocean/projects/cis240052p/pbhowal/2d_Representation_Hierarchical_Policy_Learning/Articubot_Data/one_object_4_point_sqrt_heatmap/2025-11-08-10-58-37.h5 /local/slurm-38431198/local/pbhowal/one_object_4_point_sqrt_heatmap/
+ rsync -az /ocean/projects/cis240052p/pbhowal/2d_Representation_Hierarchical_Policy_Learning/Articubot_Data/one_object_4_point_sqrt_heatmap/2025-11-08-10-59-29.h5 /local/slurm-38431198/local/pbhowal/one_object_4_point_sqrt_heatmap/
+ rsync -az /ocean/projects/cis240052p/pbhowal/2d_Representation_Hierarchical_Policy_Learning/Articubot_Data/one_object_4_point_sqrt_heatmap/2025-11-08-11-18-26.h5 /local/slurm-38431198/local/pbhowal/one_object_4_point_sqrt_heatmap/
+ rsync -az /ocean/projects/cis240052p/pbhowal/2d_Representation_Hierarchical_Policy_Learning/Articubot_Data/one_object_4_point_sqrt_heatmap/2025-11-08-11-20-09.h5 /local/slurm-38431198/local/pbhowal/one_object_4_point_sqrt_heatmap/
+ rsync -az /ocean/projects/cis240052p/pbhowal/2d_Representation_Hierarchical_Policy_Learning/Articubot_Data/one_object_4_point_sqrt_heatmap/2025-11-08-11-16-56.h5 /local/slurm-38431198/local/pbhowal/one_object_4_point_sqrt_heatmap/
+ rsync -az /ocean/projects/cis240052p/pbhowal/2d_Representation_Hierarchical_Policy_Learning/Articubot_Data/one_object_4_point_sqrt_heatmap/2025-11-08-10-53-43.h5 /local/slurm-38431198/local/pbhowal/one_object_4_point_sqrt_heatmap/
+ rsync -az /ocean/projects/cis240052p/pbhowal/2d_Representation_Hierarchical_Policy_Learning/Articubot_Data/one_object_4_point_sqrt_heatmap/2025-11-08-11-05-15.h5 /local/slurm-38431198/local/pbhowal/one_object_4_point_sqrt_heatmap/
+ rsync -az /ocean/projects/cis240052p/pbhowal/2d_Representation_Hierarchical_Policy_Learning/Articubot_Data/one_object_4_point_sqrt_heatmap/2025-11-08-11-06-32.h5 /local/slurm-38431198/local/pbhowal/one_object_4_point_sqrt_heatmap/
+ rsync -az /ocean/projects/cis240052p/pbhowal/2d_Representation_Hierarchical_Policy_Learning/Articubot_Data/one_object_4_point_sqrt_heatmap/2025-11-08-10-39-42.h5 /local/slurm-38431198/local/pbhowal/one_object_4_point_sqrt_heatmap/
+ rsync -az /ocean/projects/cis240052p/pbhowal/2d_Representation_Hierarchical_Policy_Learning/Articubot_Data/one_object_4_point_sqrt_heatmap/2025-11-08-10-43-42.h5 /local/slurm-38431198/local/pbhowal/one_object_4_point_sqrt_heatmap/
+ rsync -az /ocean/projects/cis240052p/pbhowal/2d_Representation_Hierarchical_Policy_Learning/Articubot_Data/one_object_4_point_sqrt_heatmap/2025-11-08-11-14-36.h5 /local/slurm-38431198/local/pbhowal/one_object_4_point_sqrt_heatmap/
+ rsync -az /ocean/projects/cis240052p/pbhowal/2d_Representation_Hierarchical_Policy_Learning/Articubot_Data/one_object_4_point_sqrt_heatmap/2025-11-08-10-49-17.h5 /local/slurm-38431198/local/pbhowal/one_object_4_point_sqrt_heatmap/
+ rsync -az /ocean/projects/cis240052p/pbhowal/2d_Representation_Hierarchical_Policy_Learning/Articubot_Data/one_object_4_point_sqrt_heatmap/2025-11-08-10-56-07.h5 /local/slurm-38431198/local/pbhowal/one_object_4_point_sqrt_heatmap/
+ rsync -az /ocean/projects/cis240052p/pbhowal/2d_Representation_Hierarchical_Policy_Learning/Articubot_Data/one_object_4_point_sqrt_heatmap/2025-11-08-10-50-42.h5 /local/slurm-38431198/local/pbhowal/one_object_4_point_sqrt_heatmap/
+ rsync -az /ocean/projects/cis240052p/pbhowal/2d_Representation_Hierarchical_Policy_Learning/Articubot_Data/one_object_4_point_sqrt_heatmap/2025-11-08-11-09-33.h5 /local/slurm-38431198/local/pbhowal/one_object_4_point_sqrt_heatmap/
+ rsync -az /ocean/projects/cis240052p/pbhowal/2d_Representation_Hierarchical_Policy_Learning/Articubot_Data/one_object_4_point_sqrt_heatmap/2025-11-08-11-24-37.h5 /local/slurm-38431198/local/pbhowal/one_object_4_point_sqrt_heatmap/
+ rsync -az /ocean/projects/cis240052p/pbhowal/2d_Representation_Hierarchical_Policy_Learning/Articubot_Data/one_object_4_point_sqrt_heatmap/2025-11-08-10-27-46.h5 /local/slurm-38431198/local/pbhowal/one_object_4_point_sqrt_heatmap/
+ rsync -az /ocean/projects/cis240052p/pbhowal/2d_Representation_Hierarchical_Policy_Learning/Articubot_Data/one_object_4_point_sqrt_heatmap/2025-11-08-10-29-34.h5 /local/slurm-38431198/local/pbhowal/one_object_4_point_sqrt_heatmap/
+ rsync -az /ocean/projects/cis240052p/pbhowal/2d_Representation_Hierarchical_Policy_Learning/Articubot_Data/one_object_4_point_sqrt_heatmap/2025-11-08-10-32-43.h5 /local/slurm-38431198/local/pbhowal/one_object_4_point_sqrt_heatmap/
+ rsync -az /ocean/projects/cis240052p/pbhowal/2d_Representation_Hierarchical_Policy_Learning/Articubot_Data/one_object_4_point_sqrt_heatmap/2025-11-08-10-38-52.h5 /local/slurm-38431198/local/pbhowal/one_object_4_point_sqrt_heatmap/
+ rsync -az /ocean/projects/cis240052p/pbhowal/2d_Representation_Hierarchical_Policy_Learning/Articubot_Data/one_object_4_point_sqrt_heatmap/2025-11-08-10-41-21.h5 /local/slurm-38431198/local/pbhowal/one_object_4_point_sqrt_heatmap/
+ rsync -az /ocean/projects/cis240052p/pbhowal/2d_Representation_Hierarchical_Policy_Learning/Articubot_Data/one_object_4_point_sqrt_heatmap/2025-11-08-10-45-02.h5 /local/slurm-38431198/local/pbhowal/one_object_4_point_sqrt_heatmap/
+ rsync -az /ocean/projects/cis240052p/pbhowal/2d_Representation_Hierarchical_Policy_Learning/Articubot_Data/one_object_4_point_sqrt_heatmap/2025-11-08-10-47-44.h5 /local/slurm-38431198/local/pbhowal/one_object_4_point_sqrt_heatmap/
+ rsync -az /ocean/projects/cis240052p/pbhowal/2d_Representation_Hierarchical_Policy_Learning/Articubot_Data/one_object_4_point_sqrt_heatmap/2025-11-08-11-01-23.h5 /local/slurm-38431198/local/pbhowal/one_object_4_point_sqrt_heatmap/
+ rsync -az /ocean/projects/cis240052p/pbhowal/2d_Representation_Hierarchical_Policy_Learning/Articubot_Data/one_object_4_point_sqrt_heatmap/2025-11-08-10-57-09.h5 /local/slurm-38431198/local/pbhowal/one_object_4_point_sqrt_heatmap/
+ rsync -az /ocean/projects/cis240052p/pbhowal/2d_Representation_Hierarchical_Policy_Learning/Articubot_Data/one_object_4_point_sqrt_heatmap/2025-11-08-11-13-07.h5 /local/slurm-38431198/local/pbhowal/one_object_4_point_sqrt_heatmap/
+ rsync -az /ocean/projects/cis240052p/pbhowal/2d_Representation_Hierarchical_Policy_Learning/Articubot_Data/one_object_4_point_sqrt_heatmap/2025-11-08-11-22-56.h5 /local/slurm-38431198/local/pbhowal/one_object_4_point_sqrt_heatmap/
+ rsync -az /ocean/projects/cis240052p/pbhowal/2d_Representation_Hierarchical_Policy_Learning/Articubot_Data/one_object_4_point_sqrt_heatmap/2025-11-08-11-26-51.h5 /local/slurm-38431198/local/pbhowal/one_object_4_point_sqrt_heatmap/
+ rsync -az /ocean/projects/cis240052p/pbhowal/2d_Representation_Hierarchical_Policy_Learning/Articubot_Data/one_object_4_point_sqrt_heatmap/2025-11-08-10-52-19.h5 /local/slurm-38431198/local/pbhowal/one_object_4_point_sqrt_heatmap/
+ rsync -az /ocean/projects/cis240052p/pbhowal/2d_Representation_Hierarchical_Policy_Learning/Articubot_Data/one_object_4_point_sqrt_heatmap/2025-11-08-11-03-02.h5 /local/slurm-38431198/local/pbhowal/one_object_4_point_sqrt_heatmap/
+ for f in "$SRC_DIR"/*.h5
+ for f in "$SRC_DIR"/*.h5
+ for f in "$SRC_DIR"/*.h5
+ for f in "$SRC_DIR"/*.h5
+ for f in "$SRC_DIR"/*.h5
+ for f in "$SRC_DIR"/*.h5
+ for f in "$SRC_DIR"/*.h5
+ for f in "$SRC_DIR"/*.h5
+ for f in "$SRC_DIR"/*.h5
+ for f in "$SRC_DIR"/*.h5
+ for f in "$SRC_DIR"/*.h5
+ for f in "$SRC_DIR"/*.h5
+ for f in "$SRC_DIR"/*.h5
+ for f in "$SRC_DIR"/*.h5
+ for f in "$SRC_DIR"/*.h5
+ for f in "$SRC_DIR"/*.h5
+ for f in "$SRC_DIR"/*.h5
+ for f in "$SRC_DIR"/*.h5
+ for f in "$SRC_DIR"/*.h5
+ for f in "$SRC_DIR"/*.h5
+ for f in "$SRC_DIR"/*.h5
+ for f in "$SRC_DIR"/*.h5
+ for f in "$SRC_DIR"/*.h5
+ for f in "$SRC_DIR"/*.h5
+ for f in "$SRC_DIR"/*.h5
+ for f in "$SRC_DIR"/*.h5
+ for f in "$SRC_DIR"/*.h5
+ for f in "$SRC_DIR"/*.h5
+ for f in "$SRC_DIR"/*.h5
+ for f in "$SRC_DIR"/*.h5
+ rsync -az /ocean/projects/cis240052p/pbhowal/2d_Representation_Hierarchical_Policy_Learning/Articubot_Data/one_object_4_point_sqrt_heatmap/2025-11-08-12-04-23.h5 /local/slurm-38431198/local/pbhowal/one_object_4_point_sqrt_heatmap/
+ rsync -az /ocean/projects/cis240052p/pbhowal/2d_Representation_Hierarchical_Policy_Learning/Articubot_Data/one_object_4_point_sqrt_heatmap/2025-11-08-11-28-14.h5 /local/slurm-38431198/local/pbhowal/one_object_4_point_sqrt_heatmap/
+ rsync -az /ocean/projects/cis240052p/pbhowal/2d_Representation_Hierarchical_Policy_Learning/Articubot_Data/one_object_4_point_sqrt_heatmap/2025-11-08-11-59-44.h5 /local/slurm-38431198/local/pbhowal/one_object_4_point_sqrt_heatmap/
+ rsync -az /ocean/projects/cis240052p/pbhowal/2d_Representation_Hierarchical_Policy_Learning/Articubot_Data/one_object_4_point_sqrt_heatmap/2025-11-08-11-29-29.h5 /local/slurm-38431198/local/pbhowal/one_object_4_point_sqrt_heatmap/
+ rsync -az /ocean/projects/cis240052p/pbhowal/2d_Representation_Hierarchical_Policy_Learning/Articubot_Data/one_object_4_point_sqrt_heatmap/2025-11-08-11-32-42.h5 /local/slurm-38431198/local/pbhowal/one_object_4_point_sqrt_heatmap/
+ rsync -az /ocean/projects/cis240052p/pbhowal/2d_Representation_Hierarchical_Policy_Learning/Articubot_Data/one_object_4_point_sqrt_heatmap/2025-11-08-12-12-23.h5 /local/slurm-38431198/local/pbhowal/one_object_4_point_sqrt_heatmap/
+ rsync -az /ocean/projects/cis240052p/pbhowal/2d_Representation_Hierarchical_Policy_Learning/Articubot_Data/one_object_4_point_sqrt_heatmap/2025-11-08-11-34-16.h5 /local/slurm-38431198/local/pbhowal/one_object_4_point_sqrt_heatmap/
+ rsync -az /ocean/projects/cis240052p/pbhowal/2d_Representation_Hierarchical_Policy_Learning/Articubot_Data/one_object_4_point_sqrt_heatmap/2025-11-08-11-36-33.h5 /local/slurm-38431198/local/pbhowal/one_object_4_point_sqrt_heatmap/
+ rsync -az /ocean/projects/cis240052p/pbhowal/2d_Representation_Hierarchical_Policy_Learning/Articubot_Data/one_object_4_point_sqrt_heatmap/2025-11-08-11-41-22.h5 /local/slurm-38431198/local/pbhowal/one_object_4_point_sqrt_heatmap/
+ rsync -az /ocean/projects/cis240052p/pbhowal/2d_Representation_Hierarchical_Policy_Learning/Articubot_Data/one_object_4_point_sqrt_heatmap/2025-11-08-11-58-17.h5 /local/slurm-38431198/local/pbhowal/one_object_4_point_sqrt_heatmap/
+ rsync -az /ocean/projects/cis240052p/pbhowal/2d_Representation_Hierarchical_Policy_Learning/Articubot_Data/one_object_4_point_sqrt_heatmap/2025-11-08-11-50-49.h5 /local/slurm-38431198/local/pbhowal/one_object_4_point_sqrt_heatmap/
+ rsync -az /ocean/projects/cis240052p/pbhowal/2d_Representation_Hierarchical_Policy_Learning/Articubot_Data/one_object_4_point_sqrt_heatmap/2025-11-08-11-37-59.h5 /local/slurm-38431198/local/pbhowal/one_object_4_point_sqrt_heatmap/
+ rsync -az /ocean/projects/cis240052p/pbhowal/2d_Representation_Hierarchical_Policy_Learning/Articubot_Data/one_object_4_point_sqrt_heatmap/2025-11-08-12-01-10.h5 /local/slurm-38431198/local/pbhowal/one_object_4_point_sqrt_heatmap/
+ rsync -az /ocean/projects/cis240052p/pbhowal/2d_Representation_Hierarchical_Policy_Learning/Articubot_Data/one_object_4_point_sqrt_heatmap/2025-11-08-11-53-27.h5 /local/slurm-38431198/local/pbhowal/one_object_4_point_sqrt_heatmap/
+ rsync -az /ocean/projects/cis240052p/pbhowal/2d_Representation_Hierarchical_Policy_Learning/Articubot_Data/one_object_4_point_sqrt_heatmap/2025-11-08-11-49-24.h5 /local/slurm-38431198/local/pbhowal/one_object_4_point_sqrt_heatmap/
+ rsync -az /ocean/projects/cis240052p/pbhowal/2d_Representation_Hierarchical_Policy_Learning/Articubot_Data/one_object_4_point_sqrt_heatmap/2025-11-08-12-24-33.h5 /local/slurm-38431198/local/pbhowal/one_object_4_point_sqrt_heatmap/
+ rsync -az /ocean/projects/cis240052p/pbhowal/2d_Representation_Hierarchical_Policy_Learning/Articubot_Data/one_object_4_point_sqrt_heatmap/2025-11-08-12-02-37.h5 /local/slurm-38431198/local/pbhowal/one_object_4_point_sqrt_heatmap/
+ rsync -az /ocean/projects/cis240052p/pbhowal/2d_Representation_Hierarchical_Policy_Learning/Articubot_Data/one_object_4_point_sqrt_heatmap/2025-11-08-12-26-44.h5 /local/slurm-38431198/local/pbhowal/one_object_4_point_sqrt_heatmap/
+ rsync -az /ocean/projects/cis240052p/pbhowal/2d_Representation_Hierarchical_Policy_Learning/Articubot_Data/one_object_4_point_sqrt_heatmap/2025-11-08-12-33-46.h5 /local/slurm-38431198/local/pbhowal/one_object_4_point_sqrt_heatmap/
+ rsync -az /ocean/projects/cis240052p/pbhowal/2d_Representation_Hierarchical_Policy_Learning/Articubot_Data/one_object_4_point_sqrt_heatmap/2025-11-08-12-29-00.h5 /local/slurm-38431198/local/pbhowal/one_object_4_point_sqrt_heatmap/
+ rsync -az /ocean/projects/cis240052p/pbhowal/2d_Representation_Hierarchical_Policy_Learning/Articubot_Data/one_object_4_point_sqrt_heatmap/2025-11-08-12-32-17.h5 /local/slurm-38431198/local/pbhowal/one_object_4_point_sqrt_heatmap/
+ rsync -az /ocean/projects/cis240052p/pbhowal/2d_Representation_Hierarchical_Policy_Learning/Articubot_Data/one_object_4_point_sqrt_heatmap/2025-11-08-12-18-38.h5 /local/slurm-38431198/local/pbhowal/one_object_4_point_sqrt_heatmap/
+ rsync -az /ocean/projects/cis240052p/pbhowal/2d_Representation_Hierarchical_Policy_Learning/Articubot_Data/one_object_4_point_sqrt_heatmap/2025-11-08-12-22-01.h5 /local/slurm-38431198/local/pbhowal/one_object_4_point_sqrt_heatmap/
+ for f in "$SRC_DIR"/*.h5
+ for f in "$SRC_DIR"/*.h5
+ for f in "$SRC_DIR"/*.h5
+ for f in "$SRC_DIR"/*.h5
+ for f in "$SRC_DIR"/*.h5
+ for f in "$SRC_DIR"/*.h5
+ for f in "$SRC_DIR"/*.h5
+ for f in "$SRC_DIR"/*.h5
+ for f in "$SRC_DIR"/*.h5
+ for f in "$SRC_DIR"/*.h5
+ for f in "$SRC_DIR"/*.h5
+ for f in "$SRC_DIR"/*.h5
+ rsync -az /ocean/projects/cis240052p/pbhowal/2d_Representation_Hierarchical_Policy_Learning/Articubot_Data/one_object_4_point_sqrt_heatmap/2025-11-08-12-23-35.h5 /local/slurm-38431198/local/pbhowal/one_object_4_point_sqrt_heatmap/
+ for f in "$SRC_DIR"/*.h5
+ rsync -az /ocean/projects/cis240052p/pbhowal/2d_Representation_Hierarchical_Policy_Learning/Articubot_Data/one_object_4_point_sqrt_heatmap/2025-11-08-11-56-49.h5 /local/slurm-38431198/local/pbhowal/one_object_4_point_sqrt_heatmap/
+ for f in "$SRC_DIR"/*.h5
+ for f in "$SRC_DIR"/*.h5
+ for f in "$SRC_DIR"/*.h5
+ for f in "$SRC_DIR"/*.h5
+ for f in "$SRC_DIR"/*.h5
+ for f in "$SRC_DIR"/*.h5
+ for f in "$SRC_DIR"/*.h5
+ for f in "$SRC_DIR"/*.h5
+ rsync -az /ocean/projects/cis240052p/pbhowal/2d_Representation_Hierarchical_Policy_Learning/Articubot_Data/one_object_4_point_sqrt_heatmap/2025-11-08-12-08-41.h5 /local/slurm-38431198/local/pbhowal/one_object_4_point_sqrt_heatmap/
+ for f in "$SRC_DIR"/*.h5
+ for f in "$SRC_DIR"/*.h5
+ for f in "$SRC_DIR"/*.h5
+ for f in "$SRC_DIR"/*.h5
+ for f in "$SRC_DIR"/*.h5
+ for f in "$SRC_DIR"/*.h5
+ for f in "$SRC_DIR"/*.h5
+ rsync -az /ocean/projects/cis240052p/pbhowal/2d_Representation_Hierarchical_Policy_Learning/Articubot_Data/one_object_4_point_sqrt_heatmap/2025-11-08-12-28-12.h5 /local/slurm-38431198/local/pbhowal/one_object_4_point_sqrt_heatmap/
+ rsync -az /ocean/projects/cis240052p/pbhowal/2d_Representation_Hierarchical_Policy_Learning/Articubot_Data/one_object_4_point_sqrt_heatmap/2025-11-08-12-15-34.h5 /local/slurm-38431198/local/pbhowal/one_object_4_point_sqrt_heatmap/
+ rsync -az /ocean/projects/cis240052p/pbhowal/2d_Representation_Hierarchical_Policy_Learning/Articubot_Data/one_object_4_point_sqrt_heatmap/2025-11-08-12-36-11.h5 /local/slurm-38431198/local/pbhowal/one_object_4_point_sqrt_heatmap/
+ rsync -az /ocean/projects/cis240052p/pbhowal/2d_Representation_Hierarchical_Policy_Learning/Articubot_Data/one_object_4_point_sqrt_heatmap/2025-11-08-12-17-15.h5 /local/slurm-38431198/local/pbhowal/one_object_4_point_sqrt_heatmap/
+ rsync -az /ocean/projects/cis240052p/pbhowal/2d_Representation_Hierarchical_Policy_Learning/Articubot_Data/one_object_4_point_sqrt_heatmap/2025-11-08-12-43-22.h5 /local/slurm-38431198/local/pbhowal/one_object_4_point_sqrt_heatmap/
+ rsync -az /ocean/projects/cis240052p/pbhowal/2d_Representation_Hierarchical_Policy_Learning/Articubot_Data/one_object_4_point_sqrt_heatmap/2025-11-08-13-04-34.h5 /local/slurm-38431198/local/pbhowal/one_object_4_point_sqrt_heatmap/
+ rsync -az /ocean/projects/cis240052p/pbhowal/2d_Representation_Hierarchical_Policy_Learning/Articubot_Data/one_object_4_point_sqrt_heatmap/2025-11-08-13-05-49.h5 /local/slurm-38431198/local/pbhowal/one_object_4_point_sqrt_heatmap/
+ rsync -az /ocean/projects/cis240052p/pbhowal/2d_Representation_Hierarchical_Policy_Learning/Articubot_Data/one_object_4_point_sqrt_heatmap/2025-11-08-13-21-56.h5 /local/slurm-38431198/local/pbhowal/one_object_4_point_sqrt_heatmap/
+ rsync -az /ocean/projects/cis240052p/pbhowal/2d_Representation_Hierarchical_Policy_Learning/Articubot_Data/one_object_4_point_sqrt_heatmap/2025-11-08-13-01-43.h5 /local/slurm-38431198/local/pbhowal/one_object_4_point_sqrt_heatmap/
+ rsync -az /ocean/projects/cis240052p/pbhowal/2d_Representation_Hierarchical_Policy_Learning/Articubot_Data/one_object_4_point_sqrt_heatmap/2025-11-08-12-55-39.h5 /local/slurm-38431198/local/pbhowal/one_object_4_point_sqrt_heatmap/
+ rsync -az /ocean/projects/cis240052p/pbhowal/2d_Representation_Hierarchical_Policy_Learning/Articubot_Data/one_object_4_point_sqrt_heatmap/2025-11-08-12-53-17.h5 /local/slurm-38431198/local/pbhowal/one_object_4_point_sqrt_heatmap/
+ rsync -az /ocean/projects/cis240052p/pbhowal/2d_Representation_Hierarchical_Policy_Learning/Articubot_Data/one_object_4_point_sqrt_heatmap/2025-11-08-13-03-35.h5 /local/slurm-38431198/local/pbhowal/one_object_4_point_sqrt_heatmap/
+ rsync -az /ocean/projects/cis240052p/pbhowal/2d_Representation_Hierarchical_Policy_Learning/Articubot_Data/one_object_4_point_sqrt_heatmap/2025-11-08-13-00-06.h5 /local/slurm-38431198/local/pbhowal/one_object_4_point_sqrt_heatmap/
+ rsync -az /ocean/projects/cis240052p/pbhowal/2d_Representation_Hierarchical_Policy_Learning/Articubot_Data/one_object_4_point_sqrt_heatmap/2025-11-08-13-17-22.h5 /local/slurm-38431198/local/pbhowal/one_object_4_point_sqrt_heatmap/
+ rsync -az /ocean/projects/cis240052p/pbhowal/2d_Representation_Hierarchical_Policy_Learning/Articubot_Data/one_object_4_point_sqrt_heatmap/2025-11-08-12-56-53.h5 /local/slurm-38431198/local/pbhowal/one_object_4_point_sqrt_heatmap/
+ rsync -az /ocean/projects/cis240052p/pbhowal/2d_Representation_Hierarchical_Policy_Learning/Articubot_Data/one_object_4_point_sqrt_heatmap/2025-11-08-13-22-50.h5 /local/slurm-38431198/local/pbhowal/one_object_4_point_sqrt_heatmap/
+ rsync -az /ocean/projects/cis240052p/pbhowal/2d_Representation_Hierarchical_Policy_Learning/Articubot_Data/one_object_4_point_sqrt_heatmap/2025-11-08-12-37-47.h5 /local/slurm-38431198/local/pbhowal/one_object_4_point_sqrt_heatmap/
+ rsync -az /ocean/projects/cis240052p/pbhowal/2d_Representation_Hierarchical_Policy_Learning/Articubot_Data/one_object_4_point_sqrt_heatmap/2025-11-08-12-39-17.h5 /local/slurm-38431198/local/pbhowal/one_object_4_point_sqrt_heatmap/
+ rsync -az /ocean/projects/cis240052p/pbhowal/2d_Representation_Hierarchical_Policy_Learning/Articubot_Data/one_object_4_point_sqrt_heatmap/2025-11-08-12-40-55.h5 /local/slurm-38431198/local/pbhowal/one_object_4_point_sqrt_heatmap/
+ rsync -az /ocean/projects/cis240052p/pbhowal/2d_Representation_Hierarchical_Policy_Learning/Articubot_Data/one_object_4_point_sqrt_heatmap/2025-11-08-12-41-56.h5 /local/slurm-38431198/local/pbhowal/one_object_4_point_sqrt_heatmap/
+ rsync -az /ocean/projects/cis240052p/pbhowal/2d_Representation_Hierarchical_Policy_Learning/Articubot_Data/one_object_4_point_sqrt_heatmap/2025-11-08-12-46-39.h5 /local/slurm-38431198/local/pbhowal/one_object_4_point_sqrt_heatmap/
+ rsync -az /ocean/projects/cis240052p/pbhowal/2d_Representation_Hierarchical_Policy_Learning/Articubot_Data/one_object_4_point_sqrt_heatmap/2025-11-08-12-48-43.h5 /local/slurm-38431198/local/pbhowal/one_object_4_point_sqrt_heatmap/
+ rsync -az /ocean/projects/cis240052p/pbhowal/2d_Representation_Hierarchical_Policy_Learning/Articubot_Data/one_object_4_point_sqrt_heatmap/2025-11-08-12-50-11.h5 /local/slurm-38431198/local/pbhowal/one_object_4_point_sqrt_heatmap/
+ rsync -az /ocean/projects/cis240052p/pbhowal/2d_Representation_Hierarchical_Policy_Learning/Articubot_Data/one_object_4_point_sqrt_heatmap/2025-11-08-12-45-01.h5 /local/slurm-38431198/local/pbhowal/one_object_4_point_sqrt_heatmap/
+ rsync -az /ocean/projects/cis240052p/pbhowal/2d_Representation_Hierarchical_Policy_Learning/Articubot_Data/one_object_4_point_sqrt_heatmap/2025-11-08-12-51-38.h5 /local/slurm-38431198/local/pbhowal/one_object_4_point_sqrt_heatmap/
+ rsync -az /ocean/projects/cis240052p/pbhowal/2d_Representation_Hierarchical_Policy_Learning/Articubot_Data/one_object_4_point_sqrt_heatmap/2025-11-08-13-14-51.h5 /local/slurm-38431198/local/pbhowal/one_object_4_point_sqrt_heatmap/
+ rsync -az /ocean/projects/cis240052p/pbhowal/2d_Representation_Hierarchical_Policy_Learning/Articubot_Data/one_object_4_point_sqrt_heatmap/2025-11-08-13-18-46.h5 /local/slurm-38431198/local/pbhowal/one_object_4_point_sqrt_heatmap/
+ rsync -az /ocean/projects/cis240052p/pbhowal/2d_Representation_Hierarchical_Policy_Learning/Articubot_Data/one_object_4_point_sqrt_heatmap/2025-11-08-13-19-36.h5 /local/slurm-38431198/local/pbhowal/one_object_4_point_sqrt_heatmap/
+ for f in "$SRC_DIR"/*.h5
+ for f in "$SRC_DIR"/*.h5
+ for f in "$SRC_DIR"/*.h5
+ for f in "$SRC_DIR"/*.h5
+ for f in "$SRC_DIR"/*.h5
+ for f in "$SRC_DIR"/*.h5
+ for f in "$SRC_DIR"/*.h5
+ for f in "$SRC_DIR"/*.h5
+ for f in "$SRC_DIR"/*.h5
+ for f in "$SRC_DIR"/*.h5
+ for f in "$SRC_DIR"/*.h5
+ for f in "$SRC_DIR"/*.h5
+ for f in "$SRC_DIR"/*.h5
+ for f in "$SRC_DIR"/*.h5
+ for f in "$SRC_DIR"/*.h5
+ for f in "$SRC_DIR"/*.h5
+ for f in "$SRC_DIR"/*.h5
+ for f in "$SRC_DIR"/*.h5
+ for f in "$SRC_DIR"/*.h5
+ for f in "$SRC_DIR"/*.h5
+ rsync -az /ocean/projects/cis240052p/pbhowal/2d_Representation_Hierarchical_Policy_Learning/Articubot_Data/one_object_4_point_sqrt_heatmap/2025-11-08-13-07-21.h5 /local/slurm-38431198/local/pbhowal/one_object_4_point_sqrt_heatmap/
+ for f in "$SRC_DIR"/*.h5
+ for f in "$SRC_DIR"/*.h5
+ for f in "$SRC_DIR"/*.h5
+ rsync -az /ocean/projects/cis240052p/pbhowal/2d_Representation_Hierarchical_Policy_Learning/Articubot_Data/one_object_4_point_sqrt_heatmap/2025-11-08-13-09-07.h5 /local/slurm-38431198/local/pbhowal/one_object_4_point_sqrt_heatmap/
+ rsync -az /ocean/projects/cis240052p/pbhowal/2d_Representation_Hierarchical_Policy_Learning/Articubot_Data/one_object_4_point_sqrt_heatmap/2025-11-08-13-10-45.h5 /local/slurm-38431198/local/pbhowal/one_object_4_point_sqrt_heatmap/
+ rsync -az /ocean/projects/cis240052p/pbhowal/2d_Representation_Hierarchical_Policy_Learning/Articubot_Data/one_object_4_point_sqrt_heatmap/2025-11-08-13-52-36.h5 /local/slurm-38431198/local/pbhowal/one_object_4_point_sqrt_heatmap/
+ rsync -az /ocean/projects/cis240052p/pbhowal/2d_Representation_Hierarchical_Policy_Learning/Articubot_Data/one_object_4_point_sqrt_heatmap/2025-11-08-13-32-06.h5 /local/slurm-38431198/local/pbhowal/one_object_4_point_sqrt_heatmap/
+ rsync -az /ocean/projects/cis240052p/pbhowal/2d_Representation_Hierarchical_Policy_Learning/Articubot_Data/one_object_4_point_sqrt_heatmap/2025-11-08-13-38-09.h5 /local/slurm-38431198/local/pbhowal/one_object_4_point_sqrt_heatmap/
+ rsync -az /ocean/projects/cis240052p/pbhowal/2d_Representation_Hierarchical_Policy_Learning/Articubot_Data/one_object_4_point_sqrt_heatmap/2025-11-08-13-45-55.h5 /local/slurm-38431198/local/pbhowal/one_object_4_point_sqrt_heatmap/
+ for f in "$SRC_DIR"/*.h5
+ rsync -az /ocean/projects/cis240052p/pbhowal/2d_Representation_Hierarchical_Policy_Learning/Articubot_Data/one_object_4_point_sqrt_heatmap/2025-11-08-13-55-33.h5 /local/slurm-38431198/local/pbhowal/one_object_4_point_sqrt_heatmap/
+ for f in "$SRC_DIR"/*.h5
+ for f in "$SRC_DIR"/*.h5
+ for f in "$SRC_DIR"/*.h5
+ for f in "$SRC_DIR"/*.h5
+ for f in "$SRC_DIR"/*.h5
+ for f in "$SRC_DIR"/*.h5
+ rsync -az /ocean/projects/cis240052p/pbhowal/2d_Representation_Hierarchical_Policy_Learning/Articubot_Data/one_object_4_point_sqrt_heatmap/2025-11-08-14-00-30.h5 /local/slurm-38431198/local/pbhowal/one_object_4_point_sqrt_heatmap/
+ for f in "$SRC_DIR"/*.h5
+ for f in "$SRC_DIR"/*.h5
+ for f in "$SRC_DIR"/*.h5
+ for f in "$SRC_DIR"/*.h5
+ for f in "$SRC_DIR"/*.h5
+ for f in "$SRC_DIR"/*.h5
+ rsync -az /ocean/projects/cis240052p/pbhowal/2d_Representation_Hierarchical_Policy_Learning/Articubot_Data/one_object_4_point_sqrt_heatmap/2025-11-08-14-03-40.h5 /local/slurm-38431198/local/pbhowal/one_object_4_point_sqrt_heatmap/
+ for f in "$SRC_DIR"/*.h5
+ for f in "$SRC_DIR"/*.h5
+ for f in "$SRC_DIR"/*.h5
+ for f in "$SRC_DIR"/*.h5
+ for f in "$SRC_DIR"/*.h5
+ for f in "$SRC_DIR"/*.h5
+ for f in "$SRC_DIR"/*.h5
+ rsync -az /ocean/projects/cis240052p/pbhowal/2d_Representation_Hierarchical_Policy_Learning/Articubot_Data/one_object_4_point_sqrt_heatmap/2025-11-08-14-05-25.h5 /local/slurm-38431198/local/pbhowal/one_object_4_point_sqrt_heatmap/
+ for f in "$SRC_DIR"/*.h5
+ for f in "$SRC_DIR"/*.h5
+ for f in "$SRC_DIR"/*.h5
+ for f in "$SRC_DIR"/*.h5
+ for f in "$SRC_DIR"/*.h5
+ for f in "$SRC_DIR"/*.h5
+ for f in "$SRC_DIR"/*.h5
+ for f in "$SRC_DIR"/*.h5
+ for f in "$SRC_DIR"/*.h5
+ for f in "$SRC_DIR"/*.h5
+ rsync -az /ocean/projects/cis240052p/pbhowal/2d_Representation_Hierarchical_Policy_Learning/Articubot_Data/one_object_4_point_sqrt_heatmap/2025-11-08-13-42-11.h5 /local/slurm-38431198/local/pbhowal/one_object_4_point_sqrt_heatmap/
+ rsync -az /ocean/projects/cis240052p/pbhowal/2d_Representation_Hierarchical_Policy_Learning/Articubot_Data/one_object_4_point_sqrt_heatmap/2025-11-08-13-44-29.h5 /local/slurm-38431198/local/pbhowal/one_object_4_point_sqrt_heatmap/
+ rsync -az /ocean/projects/cis240052p/pbhowal/2d_Representation_Hierarchical_Policy_Learning/Articubot_Data/one_object_4_point_sqrt_heatmap/2025-11-08-13-50-08.h5 /local/slurm-38431198/local/pbhowal/one_object_4_point_sqrt_heatmap/
+ rsync -az /ocean/projects/cis240052p/pbhowal/2d_Representation_Hierarchical_Policy_Learning/Articubot_Data/one_object_4_point_sqrt_heatmap/2025-11-08-13-51-40.h5 /local/slurm-38431198/local/pbhowal/one_object_4_point_sqrt_heatmap/
+ rsync -az /ocean/projects/cis240052p/pbhowal/2d_Representation_Hierarchical_Policy_Learning/Articubot_Data/one_object_4_point_sqrt_heatmap/2025-11-08-13-29-06.h5 /local/slurm-38431198/local/pbhowal/one_object_4_point_sqrt_heatmap/
+ rsync -az /ocean/projects/cis240052p/pbhowal/2d_Representation_Hierarchical_Policy_Learning/Articubot_Data/one_object_4_point_sqrt_heatmap/2025-11-08-13-30-28.h5 /local/slurm-38431198/local/pbhowal/one_object_4_point_sqrt_heatmap/
+ rsync -az /ocean/projects/cis240052p/pbhowal/2d_Representation_Hierarchical_Policy_Learning/Articubot_Data/one_object_4_point_sqrt_heatmap/2025-11-08-13-53-52.h5 /local/slurm-38431198/local/pbhowal/one_object_4_point_sqrt_heatmap/
+ rsync -az /ocean/projects/cis240052p/pbhowal/2d_Representation_Hierarchical_Policy_Learning/Articubot_Data/one_object_4_point_sqrt_heatmap/2025-11-08-13-33-37.h5 /local/slurm-38431198/local/pbhowal/one_object_4_point_sqrt_heatmap/
+ rsync -az /ocean/projects/cis240052p/pbhowal/2d_Representation_Hierarchical_Policy_Learning/Articubot_Data/one_object_4_point_sqrt_heatmap/2025-11-08-13-39-45.h5 /local/slurm-38431198/local/pbhowal/one_object_4_point_sqrt_heatmap/
+ rsync -az /ocean/projects/cis240052p/pbhowal/2d_Representation_Hierarchical_Policy_Learning/Articubot_Data/one_object_4_point_sqrt_heatmap/2025-11-08-13-57-12.h5 /local/slurm-38431198/local/pbhowal/one_object_4_point_sqrt_heatmap/
+ rsync -az /ocean/projects/cis240052p/pbhowal/2d_Representation_Hierarchical_Policy_Learning/Articubot_Data/one_object_4_point_sqrt_heatmap/2025-11-08-13-35-36.h5 /local/slurm-38431198/local/pbhowal/one_object_4_point_sqrt_heatmap/
+ rsync -az /ocean/projects/cis240052p/pbhowal/2d_Representation_Hierarchical_Policy_Learning/Articubot_Data/one_object_4_point_sqrt_heatmap/2025-11-08-13-36-36.h5 /local/slurm-38431198/local/pbhowal/one_object_4_point_sqrt_heatmap/
+ rsync -az /ocean/projects/cis240052p/pbhowal/2d_Representation_Hierarchical_Policy_Learning/Articubot_Data/one_object_4_point_sqrt_heatmap/2025-11-08-13-47-04.h5 /local/slurm-38431198/local/pbhowal/one_object_4_point_sqrt_heatmap/
+ rsync -az /ocean/projects/cis240052p/pbhowal/2d_Representation_Hierarchical_Policy_Learning/Articubot_Data/one_object_4_point_sqrt_heatmap/2025-11-08-13-58-34.h5 /local/slurm-38431198/local/pbhowal/one_object_4_point_sqrt_heatmap/
+ rsync -az /ocean/projects/cis240052p/pbhowal/2d_Representation_Hierarchical_Policy_Learning/Articubot_Data/one_object_4_point_sqrt_heatmap/2025-11-08-13-48-35.h5 /local/slurm-38431198/local/pbhowal/one_object_4_point_sqrt_heatmap/
+ rsync -az /ocean/projects/cis240052p/pbhowal/2d_Representation_Hierarchical_Policy_Learning/Articubot_Data/one_object_4_point_sqrt_heatmap/2025-11-08-13-27-32.h5 /local/slurm-38431198/local/pbhowal/one_object_4_point_sqrt_heatmap/
+ rsync -az /ocean/projects/cis240052p/pbhowal/2d_Representation_Hierarchical_Policy_Learning/Articubot_Data/one_object_4_point_sqrt_heatmap/2025-11-08-14-08-15.h5 /local/slurm-38431198/local/pbhowal/one_object_4_point_sqrt_heatmap/
+ rsync -az /ocean/projects/cis240052p/pbhowal/2d_Representation_Hierarchical_Policy_Learning/Articubot_Data/one_object_4_point_sqrt_heatmap/2025-11-08-14-09-46.h5 /local/slurm-38431198/local/pbhowal/one_object_4_point_sqrt_heatmap/
+ rsync -az /ocean/projects/cis240052p/pbhowal/2d_Representation_Hierarchical_Policy_Learning/Articubot_Data/one_object_4_point_sqrt_heatmap/2025-11-08-14-26-35.h5 /local/slurm-38431198/local/pbhowal/one_object_4_point_sqrt_heatmap/
+ rsync -az /ocean/projects/cis240052p/pbhowal/2d_Representation_Hierarchical_Policy_Learning/Articubot_Data/one_object_4_point_sqrt_heatmap/2025-11-08-14-50-12.h5 /local/slurm-38431198/local/pbhowal/one_object_4_point_sqrt_heatmap/
+ rsync -az /ocean/projects/cis240052p/pbhowal/2d_Representation_Hierarchical_Policy_Learning/Articubot_Data/one_object_4_point_sqrt_heatmap/2025-11-08-14-31-05.h5 /local/slurm-38431198/local/pbhowal/one_object_4_point_sqrt_heatmap/
+ rsync -az /ocean/projects/cis240052p/pbhowal/2d_Representation_Hierarchical_Policy_Learning/Articubot_Data/one_object_4_point_sqrt_heatmap/2025-11-08-14-34-46.h5 /local/slurm-38431198/local/pbhowal/one_object_4_point_sqrt_heatmap/
+ rsync -az /ocean/projects/cis240052p/pbhowal/2d_Representation_Hierarchical_Policy_Learning/Articubot_Data/one_object_4_point_sqrt_heatmap/2025-11-08-14-15-32.h5 /local/slurm-38431198/local/pbhowal/one_object_4_point_sqrt_heatmap/
+ rsync -az /ocean/projects/cis240052p/pbhowal/2d_Representation_Hierarchical_Policy_Learning/Articubot_Data/one_object_4_point_sqrt_heatmap/2025-11-08-14-37-44.h5 /local/slurm-38431198/local/pbhowal/one_object_4_point_sqrt_heatmap/
+ rsync -az /ocean/projects/cis240052p/pbhowal/2d_Representation_Hierarchical_Policy_Learning/Articubot_Data/one_object_4_point_sqrt_heatmap/2025-11-08-14-39-08.h5 /local/slurm-38431198/local/pbhowal/one_object_4_point_sqrt_heatmap/
+ rsync -az /ocean/projects/cis240052p/pbhowal/2d_Representation_Hierarchical_Policy_Learning/Articubot_Data/one_object_4_point_sqrt_heatmap/2025-11-08-14-18-33.h5 /local/slurm-38431198/local/pbhowal/one_object_4_point_sqrt_heatmap/
+ rsync -az /ocean/projects/cis240052p/pbhowal/2d_Representation_Hierarchical_Policy_Learning/Articubot_Data/one_object_4_point_sqrt_heatmap/2025-11-08-14-06-52.h5 /local/slurm-38431198/local/pbhowal/one_object_4_point_sqrt_heatmap/
+ rsync -az /ocean/projects/cis240052p/pbhowal/2d_Representation_Hierarchical_Policy_Learning/Articubot_Data/one_object_4_point_sqrt_heatmap/2025-11-08-14-25-05.h5 /local/slurm-38431198/local/pbhowal/one_object_4_point_sqrt_heatmap/
+ rsync -az /ocean/projects/cis240052p/pbhowal/2d_Representation_Hierarchical_Policy_Learning/Articubot_Data/one_object_4_point_sqrt_heatmap/2025-11-08-14-44-03.h5 /local/slurm-38431198/local/pbhowal/one_object_4_point_sqrt_heatmap/
+ rsync -az /ocean/projects/cis240052p/pbhowal/2d_Representation_Hierarchical_Policy_Learning/Articubot_Data/one_object_4_point_sqrt_heatmap/2025-11-08-14-46-00.h5 /local/slurm-38431198/local/pbhowal/one_object_4_point_sqrt_heatmap/
+ rsync -az /ocean/projects/cis240052p/pbhowal/2d_Representation_Hierarchical_Policy_Learning/Articubot_Data/one_object_4_point_sqrt_heatmap/2025-11-08-14-51-40.h5 /local/slurm-38431198/local/pbhowal/one_object_4_point_sqrt_heatmap/
+ rsync -az /ocean/projects/cis240052p/pbhowal/2d_Representation_Hierarchical_Policy_Learning/Articubot_Data/one_object_4_point_sqrt_heatmap/2025-11-08-14-23-34.h5 /local/slurm-38431198/local/pbhowal/one_object_4_point_sqrt_heatmap/
+ rsync -az /ocean/projects/cis240052p/pbhowal/2d_Representation_Hierarchical_Policy_Learning/Articubot_Data/one_object_4_point_sqrt_heatmap/2025-11-08-14-29-39.h5 /local/slurm-38431198/local/pbhowal/one_object_4_point_sqrt_heatmap/
+ rsync -az /ocean/projects/cis240052p/pbhowal/2d_Representation_Hierarchical_Policy_Learning/Articubot_Data/one_object_4_point_sqrt_heatmap/2025-11-08-14-36-20.h5 /local/slurm-38431198/local/pbhowal/one_object_4_point_sqrt_heatmap/
+ rsync -az /ocean/projects/cis240052p/pbhowal/2d_Representation_Hierarchical_Policy_Learning/Articubot_Data/one_object_4_point_sqrt_heatmap/2025-11-08-14-47-41.h5 /local/slurm-38431198/local/pbhowal/one_object_4_point_sqrt_heatmap/
+ rsync -az /ocean/projects/cis240052p/pbhowal/2d_Representation_Hierarchical_Policy_Learning/Articubot_Data/one_object_4_point_sqrt_heatmap/2025-11-08-14-49-12.h5 /local/slurm-38431198/local/pbhowal/one_object_4_point_sqrt_heatmap/
+ rsync -az /ocean/projects/cis240052p/pbhowal/2d_Representation_Hierarchical_Policy_Learning/Articubot_Data/one_object_4_point_sqrt_heatmap/2025-11-08-14-42-16.h5 /local/slurm-38431198/local/pbhowal/one_object_4_point_sqrt_heatmap/
+ rsync -az /ocean/projects/cis240052p/pbhowal/2d_Representation_Hierarchical_Policy_Learning/Articubot_Data/one_object_4_point_sqrt_heatmap/2025-11-08-14-52-57.h5 /local/slurm-38431198/local/pbhowal/one_object_4_point_sqrt_heatmap/
+ rsync -az /ocean/projects/cis240052p/pbhowal/2d_Representation_Hierarchical_Policy_Learning/Articubot_Data/one_object_4_point_sqrt_heatmap/2025-11-08-14-56-44.h5 /local/slurm-38431198/local/pbhowal/one_object_4_point_sqrt_heatmap/
+ rsync -az /ocean/projects/cis240052p/pbhowal/2d_Representation_Hierarchical_Policy_Learning/Articubot_Data/one_object_4_point_sqrt_heatmap/2025-11-08-14-54-59.h5 /local/slurm-38431198/local/pbhowal/one_object_4_point_sqrt_heatmap/
+ rsync -az /ocean/projects/cis240052p/pbhowal/2d_Representation_Hierarchical_Policy_Learning/Articubot_Data/one_object_4_point_sqrt_heatmap/2025-11-08-14-58-10.h5 /local/slurm-38431198/local/pbhowal/one_object_4_point_sqrt_heatmap/
+ rsync -az /ocean/projects/cis240052p/pbhowal/2d_Representation_Hierarchical_Policy_Learning/Articubot_Data/one_object_4_point_sqrt_heatmap/2025-11-08-14-10-44.h5 /local/slurm-38431198/local/pbhowal/one_object_4_point_sqrt_heatmap/
+ rsync -az /ocean/projects/cis240052p/pbhowal/2d_Representation_Hierarchical_Policy_Learning/Articubot_Data/one_object_4_point_sqrt_heatmap/2025-11-08-14-13-45.h5 /local/slurm-38431198/local/pbhowal/one_object_4_point_sqrt_heatmap/
+ rsync -az /ocean/projects/cis240052p/pbhowal/2d_Representation_Hierarchical_Policy_Learning/Articubot_Data/one_object_4_point_sqrt_heatmap/2025-11-08-14-28-05.h5 /local/slurm-38431198/local/pbhowal/one_object_4_point_sqrt_heatmap/
+ rsync -az /ocean/projects/cis240052p/pbhowal/2d_Representation_Hierarchical_Policy_Learning/Articubot_Data/one_object_4_point_sqrt_heatmap/2025-11-08-15-01-09.h5 /local/slurm-38431198/local/pbhowal/one_object_4_point_sqrt_heatmap/
+ for f in "$SRC_DIR"/*.h5
+ for f in "$SRC_DIR"/*.h5
+ for f in "$SRC_DIR"/*.h5
+ for f in "$SRC_DIR"/*.h5
+ for f in "$SRC_DIR"/*.h5
+ for f in "$SRC_DIR"/*.h5
+ for f in "$SRC_DIR"/*.h5
+ for f in "$SRC_DIR"/*.h5
+ for f in "$SRC_DIR"/*.h5
+ for f in "$SRC_DIR"/*.h5
+ for f in "$SRC_DIR"/*.h5
+ for f in "$SRC_DIR"/*.h5
+ for f in "$SRC_DIR"/*.h5
+ for f in "$SRC_DIR"/*.h5
+ for f in "$SRC_DIR"/*.h5
+ for f in "$SRC_DIR"/*.h5
+ rsync -az /ocean/projects/cis240052p/pbhowal/2d_Representation_Hierarchical_Policy_Learning/Articubot_Data/one_object_4_point_sqrt_heatmap/2025-11-08-14-59-26.h5 /local/slurm-38431198/local/pbhowal/one_object_4_point_sqrt_heatmap/
+ for f in "$SRC_DIR"/*.h5
+ for f in "$SRC_DIR"/*.h5
+ for f in "$SRC_DIR"/*.h5
+ for f in "$SRC_DIR"/*.h5
+ for f in "$SRC_DIR"/*.h5
+ for f in "$SRC_DIR"/*.h5
+ for f in "$SRC_DIR"/*.h5
+ for f in "$SRC_DIR"/*.h5
+ for f in "$SRC_DIR"/*.h5
+ rsync -az /ocean/projects/cis240052p/pbhowal/2d_Representation_Hierarchical_Policy_Learning/Articubot_Data/one_object_4_point_sqrt_heatmap/2025-11-08-15-24-04.h5 /local/slurm-38431198/local/pbhowal/one_object_4_point_sqrt_heatmap/
+ rsync -az /ocean/projects/cis240052p/pbhowal/2d_Representation_Hierarchical_Policy_Learning/Articubot_Data/one_object_4_point_sqrt_heatmap/2025-11-08-15-25-34.h5 /local/slurm-38431198/local/pbhowal/one_object_4_point_sqrt_heatmap/
+ rsync -az /ocean/projects/cis240052p/pbhowal/2d_Representation_Hierarchical_Policy_Learning/Articubot_Data/one_object_4_point_sqrt_heatmap/2025-11-08-15-39-36.h5 /local/slurm-38431198/local/pbhowal/one_object_4_point_sqrt_heatmap/
+ rsync -az /ocean/projects/cis240052p/pbhowal/2d_Representation_Hierarchical_Policy_Learning/Articubot_Data/one_object_4_point_sqrt_heatmap/2025-11-08-15-41-39.h5 /local/slurm-38431198/local/pbhowal/one_object_4_point_sqrt_heatmap/
+ rsync -az /ocean/projects/cis240052p/pbhowal/2d_Representation_Hierarchical_Policy_Learning/Articubot_Data/one_object_4_point_sqrt_heatmap/2025-11-08-15-44-51.h5 /local/slurm-38431198/local/pbhowal/one_object_4_point_sqrt_heatmap/
+ rsync -az /ocean/projects/cis240052p/pbhowal/2d_Representation_Hierarchical_Policy_Learning/Articubot_Data/one_object_4_point_sqrt_heatmap/2025-11-08-15-07-33.h5 /local/slurm-38431198/local/pbhowal/one_object_4_point_sqrt_heatmap/
+ rsync -az /ocean/projects/cis240052p/pbhowal/2d_Representation_Hierarchical_Policy_Learning/Articubot_Data/one_object_4_point_sqrt_heatmap/2025-11-08-15-50-43.h5 /local/slurm-38431198/local/pbhowal/one_object_4_point_sqrt_heatmap/
+ rsync -az /ocean/projects/cis240052p/pbhowal/2d_Representation_Hierarchical_Policy_Learning/Articubot_Data/one_object_4_point_sqrt_heatmap/2025-11-08-15-53-14.h5 /local/slurm-38431198/local/pbhowal/one_object_4_point_sqrt_heatmap/
+ rsync -az /ocean/projects/cis240052p/pbhowal/2d_Representation_Hierarchical_Policy_Learning/Articubot_Data/one_object_4_point_sqrt_heatmap/2025-11-08-15-46-27.h5 /local/slurm-38431198/local/pbhowal/one_object_4_point_sqrt_heatmap/
+ rsync -az /ocean/projects/cis240052p/pbhowal/2d_Representation_Hierarchical_Policy_Learning/Articubot_Data/one_object_4_point_sqrt_heatmap/2025-11-08-15-47-57.h5 /local/slurm-38431198/local/pbhowal/one_object_4_point_sqrt_heatmap/
+ rsync -az /ocean/projects/cis240052p/pbhowal/2d_Representation_Hierarchical_Policy_Learning/Articubot_Data/one_object_4_point_sqrt_heatmap/2025-11-08-15-36-32.h5 /local/slurm-38431198/local/pbhowal/one_object_4_point_sqrt_heatmap/
+ rsync -az /ocean/projects/cis240052p/pbhowal/2d_Representation_Hierarchical_Policy_Learning/Articubot_Data/one_object_4_point_sqrt_heatmap/2025-11-08-15-54-28.h5 /local/slurm-38431198/local/pbhowal/one_object_4_point_sqrt_heatmap/
+ rsync -az /ocean/projects/cis240052p/pbhowal/2d_Representation_Hierarchical_Policy_Learning/Articubot_Data/one_object_4_point_sqrt_heatmap/2025-11-08-15-49-13.h5 /local/slurm-38431198/local/pbhowal/one_object_4_point_sqrt_heatmap/
+ rsync -az /ocean/projects/cis240052p/pbhowal/2d_Representation_Hierarchical_Policy_Learning/Articubot_Data/one_object_4_point_sqrt_heatmap/2025-11-08-15-38-10.h5 /local/slurm-38431198/local/pbhowal/one_object_4_point_sqrt_heatmap/
+ rsync -az /ocean/projects/cis240052p/pbhowal/2d_Representation_Hierarchical_Policy_Learning/Articubot_Data/one_object_4_point_sqrt_heatmap/2025-11-08-15-31-27.h5 /local/slurm-38431198/local/pbhowal/one_object_4_point_sqrt_heatmap/
+ rsync -az /ocean/projects/cis240052p/pbhowal/2d_Representation_Hierarchical_Policy_Learning/Articubot_Data/one_object_4_point_sqrt_heatmap/2025-11-08-15-33-31.h5 /local/slurm-38431198/local/pbhowal/one_object_4_point_sqrt_heatmap/
+ rsync -az /ocean/projects/cis240052p/pbhowal/2d_Representation_Hierarchical_Policy_Learning/Articubot_Data/one_object_4_point_sqrt_heatmap/2025-11-08-15-02-36.h5 /local/slurm-38431198/local/pbhowal/one_object_4_point_sqrt_heatmap/
+ rsync -az /ocean/projects/cis240052p/pbhowal/2d_Representation_Hierarchical_Policy_Learning/Articubot_Data/one_object_4_point_sqrt_heatmap/2025-11-08-15-12-28.h5 /local/slurm-38431198/local/pbhowal/one_object_4_point_sqrt_heatmap/
+ rsync -az /ocean/projects/cis240052p/pbhowal/2d_Representation_Hierarchical_Policy_Learning/Articubot_Data/one_object_4_point_sqrt_heatmap/2025-11-08-15-13-22.h5 /local/slurm-38431198/local/pbhowal/one_object_4_point_sqrt_heatmap/
+ rsync -az /ocean/projects/cis240052p/pbhowal/2d_Representation_Hierarchical_Policy_Learning/Articubot_Data/one_object_4_point_sqrt_heatmap/2025-11-08-15-14-52.h5 /local/slurm-38431198/local/pbhowal/one_object_4_point_sqrt_heatmap/
+ rsync -az /ocean/projects/cis240052p/pbhowal/2d_Representation_Hierarchical_Policy_Learning/Articubot_Data/one_object_4_point_sqrt_heatmap/2025-11-08-15-16-19.h5 /local/slurm-38431198/local/pbhowal/one_object_4_point_sqrt_heatmap/
+ rsync -az /ocean/projects/cis240052p/pbhowal/2d_Representation_Hierarchical_Policy_Learning/Articubot_Data/one_object_4_point_sqrt_heatmap/2025-11-08-15-21-06.h5 /local/slurm-38431198/local/pbhowal/one_object_4_point_sqrt_heatmap/
+ rsync -az /ocean/projects/cis240052p/pbhowal/2d_Representation_Hierarchical_Policy_Learning/Articubot_Data/one_object_4_point_sqrt_heatmap/2025-11-08-15-27-03.h5 /local/slurm-38431198/local/pbhowal/one_object_4_point_sqrt_heatmap/
+ rsync -az /ocean/projects/cis240052p/pbhowal/2d_Representation_Hierarchical_Policy_Learning/Articubot_Data/one_object_4_point_sqrt_heatmap/2025-11-08-15-27-57.h5 /local/slurm-38431198/local/pbhowal/one_object_4_point_sqrt_heatmap/
+ rsync -az /ocean/projects/cis240052p/pbhowal/2d_Representation_Hierarchical_Policy_Learning/Articubot_Data/one_object_4_point_sqrt_heatmap/2025-11-08-15-29-34.h5 /local/slurm-38431198/local/pbhowal/one_object_4_point_sqrt_heatmap/
+ for f in "$SRC_DIR"/*.h5
+ for f in "$SRC_DIR"/*.h5
+ for f in "$SRC_DIR"/*.h5
+ for f in "$SRC_DIR"/*.h5
+ for f in "$SRC_DIR"/*.h5
+ for f in "$SRC_DIR"/*.h5
+ for f in "$SRC_DIR"/*.h5
+ for f in "$SRC_DIR"/*.h5
+ for f in "$SRC_DIR"/*.h5
+ for f in "$SRC_DIR"/*.h5
+ for f in "$SRC_DIR"/*.h5
+ for f in "$SRC_DIR"/*.h5
+ for f in "$SRC_DIR"/*.h5
+ for f in "$SRC_DIR"/*.h5
+ for f in "$SRC_DIR"/*.h5
+ for f in "$SRC_DIR"/*.h5
+ for f in "$SRC_DIR"/*.h5
+ for f in "$SRC_DIR"/*.h5
+ for f in "$SRC_DIR"/*.h5
+ for f in "$SRC_DIR"/*.h5
+ for f in "$SRC_DIR"/*.h5
+ for f in "$SRC_DIR"/*.h5
+ for f in "$SRC_DIR"/*.h5
+ for f in "$SRC_DIR"/*.h5
+ for f in "$SRC_DIR"/*.h5
+ rsync -az /ocean/projects/cis240052p/pbhowal/2d_Representation_Hierarchical_Policy_Learning/Articubot_Data/one_object_4_point_sqrt_heatmap/2025-11-08-16-21-53.h5 /local/slurm-38431198/local/pbhowal/one_object_4_point_sqrt_heatmap/
+ for f in "$SRC_DIR"/*.h5
+ for f in "$SRC_DIR"/*.h5
+ for f in "$SRC_DIR"/*.h5
+ for f in "$SRC_DIR"/*.h5
+ rsync -az /ocean/projects/cis240052p/pbhowal/2d_Representation_Hierarchical_Policy_Learning/Articubot_Data/one_object_4_point_sqrt_heatmap/2025-11-08-16-24-55.h5 /local/slurm-38431198/local/pbhowal/one_object_4_point_sqrt_heatmap/
+ for f in "$SRC_DIR"/*.h5
+ for f in "$SRC_DIR"/*.h5
+ for f in "$SRC_DIR"/*.h5
+ for f in "$SRC_DIR"/*.h5
+ for f in "$SRC_DIR"/*.h5
+ for f in "$SRC_DIR"/*.h5
+ for f in "$SRC_DIR"/*.h5
+ rsync -az /ocean/projects/cis240052p/pbhowal/2d_Representation_Hierarchical_Policy_Learning/Articubot_Data/one_object_4_point_sqrt_heatmap/2025-11-08-16-36-44.h5 /local/slurm-38431198/local/pbhowal/one_object_4_point_sqrt_heatmap/
+ for f in "$SRC_DIR"/*.h5
+ for f in "$SRC_DIR"/*.h5
+ for f in "$SRC_DIR"/*.h5
+ for f in "$SRC_DIR"/*.h5
+ for f in "$SRC_DIR"/*.h5
+ for f in "$SRC_DIR"/*.h5
+ for f in "$SRC_DIR"/*.h5
+ for f in "$SRC_DIR"/*.h5
+ for f in "$SRC_DIR"/*.h5
+ for f in "$SRC_DIR"/*.h5
+ for f in "$SRC_DIR"/*.h5
+ for f in "$SRC_DIR"/*.h5
+ for f in "$SRC_DIR"/*.h5
+ for f in "$SRC_DIR"/*.h5
+ for f in "$SRC_DIR"/*.h5
+ for f in "$SRC_DIR"/*.h5
+ for f in "$SRC_DIR"/*.h5
+ for f in "$SRC_DIR"/*.h5
+ for f in "$SRC_DIR"/*.h5
+ for f in "$SRC_DIR"/*.h5
+ for f in "$SRC_DIR"/*.h5
+ for f in "$SRC_DIR"/*.h5
+ for f in "$SRC_DIR"/*.h5
+ for f in "$SRC_DIR"/*.h5
+ for f in "$SRC_DIR"/*.h5
+ for f in "$SRC_DIR"/*.h5
+ for f in "$SRC_DIR"/*.h5
+ for f in "$SRC_DIR"/*.h5
+ for f in "$SRC_DIR"/*.h5
+ for f in "$SRC_DIR"/*.h5
+ for f in "$SRC_DIR"/*.h5
+ for f in "$SRC_DIR"/*.h5
+ for f in "$SRC_DIR"/*.h5
+ for f in "$SRC_DIR"/*.h5
+ for f in "$SRC_DIR"/*.h5
+ for f in "$SRC_DIR"/*.h5
+ for f in "$SRC_DIR"/*.h5
+ for f in "$SRC_DIR"/*.h5
+ for f in "$SRC_DIR"/*.h5
+ for f in "$SRC_DIR"/*.h5
+ for f in "$SRC_DIR"/*.h5
+ for f in "$SRC_DIR"/*.h5
+ for f in "$SRC_DIR"/*.h5
+ for f in "$SRC_DIR"/*.h5
+ for f in "$SRC_DIR"/*.h5
+ rsync -az /ocean/projects/cis240052p/pbhowal/2d_Representation_Hierarchical_Policy_Learning/Articubot_Data/one_object_4_point_sqrt_heatmap/2025-11-08-16-10-13.h5 /local/slurm-38431198/local/pbhowal/one_object_4_point_sqrt_heatmap/
+ rsync -az /ocean/projects/cis240052p/pbhowal/2d_Representation_Hierarchical_Policy_Learning/Articubot_Data/one_object_4_point_sqrt_heatmap/2025-11-08-16-11-46.h5 /local/slurm-38431198/local/pbhowal/one_object_4_point_sqrt_heatmap/
+ rsync -az /ocean/projects/cis240052p/pbhowal/2d_Representation_Hierarchical_Policy_Learning/Articubot_Data/one_object_4_point_sqrt_heatmap/2025-11-08-16-14-29.h5 /local/slurm-38431198/local/pbhowal/one_object_4_point_sqrt_heatmap/
+ rsync -az /ocean/projects/cis240052p/pbhowal/2d_Representation_Hierarchical_Policy_Learning/Articubot_Data/one_object_4_point_sqrt_heatmap/2025-11-08-16-34-47.h5 /local/slurm-38431198/local/pbhowal/one_object_4_point_sqrt_heatmap/
+ rsync -az /ocean/projects/cis240052p/pbhowal/2d_Representation_Hierarchical_Policy_Learning/Articubot_Data/one_object_4_point_sqrt_heatmap/2025-11-08-16-29-03.h5 /local/slurm-38431198/local/pbhowal/one_object_4_point_sqrt_heatmap/
+ rsync -az /ocean/projects/cis240052p/pbhowal/2d_Representation_Hierarchical_Policy_Learning/Articubot_Data/one_object_4_point_sqrt_heatmap/2025-11-08-16-39-43.h5 /local/slurm-38431198/local/pbhowal/one_object_4_point_sqrt_heatmap/
+ rsync -az /ocean/projects/cis240052p/pbhowal/2d_Representation_Hierarchical_Policy_Learning/Articubot_Data/one_object_4_point_sqrt_heatmap/2025-11-08-15-56-55.h5 /local/slurm-38431198/local/pbhowal/one_object_4_point_sqrt_heatmap/
+ rsync -az /ocean/projects/cis240052p/pbhowal/2d_Representation_Hierarchical_Policy_Learning/Articubot_Data/one_object_4_point_sqrt_heatmap/2025-11-08-16-22-59.h5 /local/slurm-38431198/local/pbhowal/one_object_4_point_sqrt_heatmap/
+ rsync -az /ocean/projects/cis240052p/pbhowal/2d_Representation_Hierarchical_Policy_Learning/Articubot_Data/one_object_4_point_sqrt_heatmap/2025-11-08-16-00-20.h5 /local/slurm-38431198/local/pbhowal/one_object_4_point_sqrt_heatmap/
+ rsync -az /ocean/projects/cis240052p/pbhowal/2d_Representation_Hierarchical_Policy_Learning/Articubot_Data/one_object_4_point_sqrt_heatmap/2025-11-08-16-33-08.h5 /local/slurm-38431198/local/pbhowal/one_object_4_point_sqrt_heatmap/
+ rsync -az /ocean/projects/cis240052p/pbhowal/2d_Representation_Hierarchical_Policy_Learning/Articubot_Data/one_object_4_point_sqrt_heatmap/2025-11-08-16-08-45.h5 /local/slurm-38431198/local/pbhowal/one_object_4_point_sqrt_heatmap/
+ rsync -az /ocean/projects/cis240052p/pbhowal/2d_Representation_Hierarchical_Policy_Learning/Articubot_Data/one_object_4_point_sqrt_heatmap/2025-11-08-15-55-48.h5 /local/slurm-38431198/local/pbhowal/one_object_4_point_sqrt_heatmap/
+ rsync -az /ocean/projects/cis240052p/pbhowal/2d_Representation_Hierarchical_Policy_Learning/Articubot_Data/one_object_4_point_sqrt_heatmap/2025-11-08-16-01-55.h5 /local/slurm-38431198/local/pbhowal/one_object_4_point_sqrt_heatmap/
+ rsync -az /ocean/projects/cis240052p/pbhowal/2d_Representation_Hierarchical_Policy_Learning/Articubot_Data/one_object_4_point_sqrt_heatmap/2025-11-08-16-03-28.h5 /local/slurm-38431198/local/pbhowal/one_object_4_point_sqrt_heatmap/
+ rsync -az /ocean/projects/cis240052p/pbhowal/2d_Representation_Hierarchical_Policy_Learning/Articubot_Data/one_object_4_point_sqrt_heatmap/2025-11-08-16-07-06.h5 /local/slurm-38431198/local/pbhowal/one_object_4_point_sqrt_heatmap/
+ rsync -az /ocean/projects/cis240052p/pbhowal/2d_Representation_Hierarchical_Policy_Learning/Articubot_Data/one_object_4_point_sqrt_heatmap/2025-11-08-16-31-41.h5 /local/slurm-38431198/local/pbhowal/one_object_4_point_sqrt_heatmap/
+ rsync -az /ocean/projects/cis240052p/pbhowal/2d_Representation_Hierarchical_Policy_Learning/Articubot_Data/one_object_4_point_sqrt_heatmap/2025-11-08-16-04-24.h5 /local/slurm-38431198/local/pbhowal/one_object_4_point_sqrt_heatmap/
+ rsync -az /ocean/projects/cis240052p/pbhowal/2d_Representation_Hierarchical_Policy_Learning/Articubot_Data/one_object_4_point_sqrt_heatmap/2025-11-08-16-27-36.h5 /local/slurm-38431198/local/pbhowal/one_object_4_point_sqrt_heatmap/
+ rsync -az /ocean/projects/cis240052p/pbhowal/2d_Representation_Hierarchical_Policy_Learning/Articubot_Data/one_object_4_point_sqrt_heatmap/2025-11-08-16-30-32.h5 /local/slurm-38431198/local/pbhowal/one_object_4_point_sqrt_heatmap/
+ rsync -az /ocean/projects/cis240052p/pbhowal/2d_Representation_Hierarchical_Policy_Learning/Articubot_Data/one_object_4_point_sqrt_heatmap/2025-11-08-16-16-01.h5 /local/slurm-38431198/local/pbhowal/one_object_4_point_sqrt_heatmap/
+ rsync -az /ocean/projects/cis240052p/pbhowal/2d_Representation_Hierarchical_Policy_Learning/Articubot_Data/one_object_4_point_sqrt_heatmap/2025-11-08-16-17-26.h5 /local/slurm-38431198/local/pbhowal/one_object_4_point_sqrt_heatmap/
+ rsync -az /ocean/projects/cis240052p/pbhowal/2d_Representation_Hierarchical_Policy_Learning/Articubot_Data/one_object_4_point_sqrt_heatmap/2025-11-08-16-23-53.h5 /local/slurm-38431198/local/pbhowal/one_object_4_point_sqrt_heatmap/
+ rsync -az /ocean/projects/cis240052p/pbhowal/2d_Representation_Hierarchical_Policy_Learning/Articubot_Data/one_object_4_point_sqrt_heatmap/2025-11-08-16-41-22.h5 /local/slurm-38431198/local/pbhowal/one_object_4_point_sqrt_heatmap/
+ rsync -az /ocean/projects/cis240052p/pbhowal/2d_Representation_Hierarchical_Policy_Learning/Articubot_Data/one_object_4_point_sqrt_heatmap/2025-11-08-16-43-12.h5 /local/slurm-38431198/local/pbhowal/one_object_4_point_sqrt_heatmap/
+ rsync -az /ocean/projects/cis240052p/pbhowal/2d_Representation_Hierarchical_Policy_Learning/Articubot_Data/one_object_4_point_sqrt_heatmap/2025-11-08-17-15-08.h5 /local/slurm-38431198/local/pbhowal/one_object_4_point_sqrt_heatmap/
+ rsync -az /ocean/projects/cis240052p/pbhowal/2d_Representation_Hierarchical_Policy_Learning/Articubot_Data/one_object_4_point_sqrt_heatmap/2025-11-08-17-04-04.h5 /local/slurm-38431198/local/pbhowal/one_object_4_point_sqrt_heatmap/
+ rsync -az /ocean/projects/cis240052p/pbhowal/2d_Representation_Hierarchical_Policy_Learning/Articubot_Data/one_object_4_point_sqrt_heatmap/2025-11-08-17-16-08.h5 /local/slurm-38431198/local/pbhowal/one_object_4_point_sqrt_heatmap/
+ rsync -az /ocean/projects/cis240052p/pbhowal/2d_Representation_Hierarchical_Policy_Learning/Articubot_Data/one_object_4_point_sqrt_heatmap/2025-11-08-17-07-17.h5 /local/slurm-38431198/local/pbhowal/one_object_4_point_sqrt_heatmap/
+ rsync -az /ocean/projects/cis240052p/pbhowal/2d_Representation_Hierarchical_Policy_Learning/Articubot_Data/one_object_4_point_sqrt_heatmap/2025-11-08-17-08-59.h5 /local/slurm-38431198/local/pbhowal/one_object_4_point_sqrt_heatmap/
+ rsync -az /ocean/projects/cis240052p/pbhowal/2d_Representation_Hierarchical_Policy_Learning/Articubot_Data/one_object_4_point_sqrt_heatmap/2025-11-08-17-10-26.h5 /local/slurm-38431198/local/pbhowal/one_object_4_point_sqrt_heatmap/
+ rsync -az /ocean/projects/cis240052p/pbhowal/2d_Representation_Hierarchical_Policy_Learning/Articubot_Data/one_object_4_point_sqrt_heatmap/2025-11-08-17-00-43.h5 /local/slurm-38431198/local/pbhowal/one_object_4_point_sqrt_heatmap/
+ rsync -az /ocean/projects/cis240052p/pbhowal/2d_Representation_Hierarchical_Policy_Learning/Articubot_Data/one_object_4_point_sqrt_heatmap/2025-11-08-17-02-09.h5 /local/slurm-38431198/local/pbhowal/one_object_4_point_sqrt_heatmap/
+ rsync -az /ocean/projects/cis240052p/pbhowal/2d_Representation_Hierarchical_Policy_Learning/Articubot_Data/one_object_4_point_sqrt_heatmap/2025-11-08-16-55-22.h5 /local/slurm-38431198/local/pbhowal/one_object_4_point_sqrt_heatmap/
+ rsync -az /ocean/projects/cis240052p/pbhowal/2d_Representation_Hierarchical_Policy_Learning/Articubot_Data/one_object_4_point_sqrt_heatmap/2025-11-08-17-19-01.h5 /local/slurm-38431198/local/pbhowal/one_object_4_point_sqrt_heatmap/
+ rsync -az /ocean/projects/cis240052p/pbhowal/2d_Representation_Hierarchical_Policy_Learning/Articubot_Data/one_object_4_point_sqrt_heatmap/2025-11-08-16-49-43.h5 /local/slurm-38431198/local/pbhowal/one_object_4_point_sqrt_heatmap/
+ rsync -az /ocean/projects/cis240052p/pbhowal/2d_Representation_Hierarchical_Policy_Learning/Articubot_Data/one_object_4_point_sqrt_heatmap/2025-11-08-16-46-54.h5 /local/slurm-38431198/local/pbhowal/one_object_4_point_sqrt_heatmap/
+ rsync -az /ocean/projects/cis240052p/pbhowal/2d_Representation_Hierarchical_Policy_Learning/Articubot_Data/one_object_4_point_sqrt_heatmap/2025-11-08-16-52-50.h5 /local/slurm-38431198/local/pbhowal/one_object_4_point_sqrt_heatmap/
+ rsync -az /ocean/projects/cis240052p/pbhowal/2d_Representation_Hierarchical_Policy_Learning/Articubot_Data/one_object_4_point_sqrt_heatmap/2025-11-08-16-48-08.h5 /local/slurm-38431198/local/pbhowal/one_object_4_point_sqrt_heatmap/
+ rsync -az /ocean/projects/cis240052p/pbhowal/2d_Representation_Hierarchical_Policy_Learning/Articubot_Data/one_object_4_point_sqrt_heatmap/2025-11-08-16-54-24.h5 /local/slurm-38431198/local/pbhowal/one_object_4_point_sqrt_heatmap/
+ rsync -az /ocean/projects/cis240052p/pbhowal/2d_Representation_Hierarchical_Policy_Learning/Articubot_Data/one_object_4_point_sqrt_heatmap/2025-11-08-16-57-01.h5 /local/slurm-38431198/local/pbhowal/one_object_4_point_sqrt_heatmap/
+ rsync -az /ocean/projects/cis240052p/pbhowal/2d_Representation_Hierarchical_Policy_Learning/Articubot_Data/one_object_4_point_sqrt_heatmap/2025-11-08-16-59-22.h5 /local/slurm-38431198/local/pbhowal/one_object_4_point_sqrt_heatmap/
+ rsync -az /ocean/projects/cis240052p/pbhowal/2d_Representation_Hierarchical_Policy_Learning/Articubot_Data/one_object_4_point_sqrt_heatmap/2025-11-08-17-20-20.h5 /local/slurm-38431198/local/pbhowal/one_object_4_point_sqrt_heatmap/
+ rsync -az /ocean/projects/cis240052p/pbhowal/2d_Representation_Hierarchical_Policy_Learning/Articubot_Data/one_object_4_point_sqrt_heatmap/2025-11-08-17-28-53.h5 /local/slurm-38431198/local/pbhowal/one_object_4_point_sqrt_heatmap/
+ rsync -az /ocean/projects/cis240052p/pbhowal/2d_Representation_Hierarchical_Policy_Learning/Articubot_Data/one_object_4_point_sqrt_heatmap/2025-11-08-17-21-45.h5 /local/slurm-38431198/local/pbhowal/one_object_4_point_sqrt_heatmap/
+ rsync -az /ocean/projects/cis240052p/pbhowal/2d_Representation_Hierarchical_Policy_Learning/Articubot_Data/one_object_4_point_sqrt_heatmap/2025-11-08-16-44-25.h5 /local/slurm-38431198/local/pbhowal/one_object_4_point_sqrt_heatmap/
+ rsync -az /ocean/projects/cis240052p/pbhowal/2d_Representation_Hierarchical_Policy_Learning/Articubot_Data/one_object_4_point_sqrt_heatmap/2025-11-08-16-45-55.h5 /local/slurm-38431198/local/pbhowal/one_object_4_point_sqrt_heatmap/
+ rsync -az /ocean/projects/cis240052p/pbhowal/2d_Representation_Hierarchical_Policy_Learning/Articubot_Data/one_object_4_point_sqrt_heatmap/2025-11-08-16-51-15.h5 /local/slurm-38431198/local/pbhowal/one_object_4_point_sqrt_heatmap/
+ rsync -az /ocean/projects/cis240052p/pbhowal/2d_Representation_Hierarchical_Policy_Learning/Articubot_Data/one_object_4_point_sqrt_heatmap/2025-11-08-17-12-02.h5 /local/slurm-38431198/local/pbhowal/one_object_4_point_sqrt_heatmap/
+ rsync -az /ocean/projects/cis240052p/pbhowal/2d_Representation_Hierarchical_Policy_Learning/Articubot_Data/one_object_4_point_sqrt_heatmap/2025-11-08-17-13-32.h5 /local/slurm-38431198/local/pbhowal/one_object_4_point_sqrt_heatmap/
+ rsync -az /ocean/projects/cis240052p/pbhowal/2d_Representation_Hierarchical_Policy_Learning/Articubot_Data/one_object_4_point_sqrt_heatmap/2025-11-08-17-23-13.h5 /local/slurm-38431198/local/pbhowal/one_object_4_point_sqrt_heatmap/
+ rsync -az /ocean/projects/cis240052p/pbhowal/2d_Representation_Hierarchical_Policy_Learning/Articubot_Data/one_object_4_point_sqrt_heatmap/2025-11-08-17-24-35.h5 /local/slurm-38431198/local/pbhowal/one_object_4_point_sqrt_heatmap/
+ rsync -az /ocean/projects/cis240052p/pbhowal/2d_Representation_Hierarchical_Policy_Learning/Articubot_Data/one_object_4_point_sqrt_heatmap/2025-11-08-17-26-06.h5 /local/slurm-38431198/local/pbhowal/one_object_4_point_sqrt_heatmap/
+ rsync -az /ocean/projects/cis240052p/pbhowal/2d_Representation_Hierarchical_Policy_Learning/Articubot_Data/one_object_4_point_sqrt_heatmap/2025-11-08-17-37-17.h5 /local/slurm-38431198/local/pbhowal/one_object_4_point_sqrt_heatmap/
+ rsync -az /ocean/projects/cis240052p/pbhowal/2d_Representation_Hierarchical_Policy_Learning/Articubot_Data/one_object_4_point_sqrt_heatmap/2025-11-08-17-31-11.h5 /local/slurm-38431198/local/pbhowal/one_object_4_point_sqrt_heatmap/
+ rsync -az /ocean/projects/cis240052p/pbhowal/2d_Representation_Hierarchical_Policy_Learning/Articubot_Data/one_object_4_point_sqrt_heatmap/2025-11-08-17-30-16.h5 /local/slurm-38431198/local/pbhowal/one_object_4_point_sqrt_heatmap/
+ rsync -az /ocean/projects/cis240052p/pbhowal/2d_Representation_Hierarchical_Policy_Learning/Articubot_Data/one_object_4_point_sqrt_heatmap/2025-11-08-17-35-44.h5 /local/slurm-38431198/local/pbhowal/one_object_4_point_sqrt_heatmap/
+ rsync -az /ocean/projects/cis240052p/pbhowal/2d_Representation_Hierarchical_Policy_Learning/Articubot_Data/one_object_4_point_sqrt_heatmap/2025-11-08-17-44-25.h5 /local/slurm-38431198/local/pbhowal/one_object_4_point_sqrt_heatmap/
+ rsync -az /ocean/projects/cis240052p/pbhowal/2d_Representation_Hierarchical_Policy_Learning/Articubot_Data/one_object_4_point_sqrt_heatmap/2025-11-08-17-38-51.h5 /local/slurm-38431198/local/pbhowal/one_object_4_point_sqrt_heatmap/
+ rsync -az /ocean/projects/cis240052p/pbhowal/2d_Representation_Hierarchical_Policy_Learning/Articubot_Data/one_object_4_point_sqrt_heatmap/2025-11-08-17-41-15.h5 /local/slurm-38431198/local/pbhowal/one_object_4_point_sqrt_heatmap/
+ rsync -az /ocean/projects/cis240052p/pbhowal/2d_Representation_Hierarchical_Policy_Learning/Articubot_Data/one_object_4_point_sqrt_heatmap/2025-11-08-17-47-42.h5 /local/slurm-38431198/local/pbhowal/one_object_4_point_sqrt_heatmap/
+ rsync -az /ocean/projects/cis240052p/pbhowal/2d_Representation_Hierarchical_Policy_Learning/Articubot_Data/one_object_4_point_sqrt_heatmap/2025-11-08-17-49-25.h5 /local/slurm-38431198/local/pbhowal/one_object_4_point_sqrt_heatmap/
+ rsync -az /ocean/projects/cis240052p/pbhowal/2d_Representation_Hierarchical_Policy_Learning/Articubot_Data/one_object_4_point_sqrt_heatmap/2025-11-08-17-46-02.h5 /local/slurm-38431198/local/pbhowal/one_object_4_point_sqrt_heatmap/
+ rsync -az /ocean/projects/cis240052p/pbhowal/2d_Representation_Hierarchical_Policy_Learning/Articubot_Data/one_object_4_point_sqrt_heatmap/2025-11-08-17-54-06.h5 /local/slurm-38431198/local/pbhowal/one_object_4_point_sqrt_heatmap/
+ rsync -az /ocean/projects/cis240052p/pbhowal/2d_Representation_Hierarchical_Policy_Learning/Articubot_Data/one_object_4_point_sqrt_heatmap/2025-11-08-17-56-16.h5 /local/slurm-38431198/local/pbhowal/one_object_4_point_sqrt_heatmap/
+ rsync -az /ocean/projects/cis240052p/pbhowal/2d_Representation_Hierarchical_Policy_Learning/Articubot_Data/one_object_4_point_sqrt_heatmap/2025-11-08-17-42-21.h5 /local/slurm-38431198/local/pbhowal/one_object_4_point_sqrt_heatmap/
+ rsync -az /ocean/projects/cis240052p/pbhowal/2d_Representation_Hierarchical_Policy_Learning/Articubot_Data/one_object_4_point_sqrt_heatmap/2025-11-08-17-52-40.h5 /local/slurm-38431198/local/pbhowal/one_object_4_point_sqrt_heatmap/
+ rsync -az /ocean/projects/cis240052p/pbhowal/2d_Representation_Hierarchical_Policy_Learning/Articubot_Data/one_object_4_point_sqrt_heatmap/2025-11-08-17-59-01.h5 /local/slurm-38431198/local/pbhowal/one_object_4_point_sqrt_heatmap/
+ rsync -az /ocean/projects/cis240052p/pbhowal/2d_Representation_Hierarchical_Policy_Learning/Articubot_Data/one_object_4_point_sqrt_heatmap/2025-11-08-17-51-10.h5 /local/slurm-38431198/local/pbhowal/one_object_4_point_sqrt_heatmap/
+ rsync -az /ocean/projects/cis240052p/pbhowal/2d_Representation_Hierarchical_Policy_Learning/Articubot_Data/one_object_4_point_sqrt_heatmap/2025-11-08-18-06-00.h5 /local/slurm-38431198/local/pbhowal/one_object_4_point_sqrt_heatmap/
+ rsync -az /ocean/projects/cis240052p/pbhowal/2d_Representation_Hierarchical_Policy_Learning/Articubot_Data/one_object_4_point_sqrt_heatmap/2025-11-08-18-07-04.h5 /local/slurm-38431198/local/pbhowal/one_object_4_point_sqrt_heatmap/
+ rsync -az /ocean/projects/cis240052p/pbhowal/2d_Representation_Hierarchical_Policy_Learning/Articubot_Data/one_object_4_point_sqrt_heatmap/2025-11-08-18-00-29.h5 /local/slurm-38431198/local/pbhowal/one_object_4_point_sqrt_heatmap/
+ rsync -az /ocean/projects/cis240052p/pbhowal/2d_Representation_Hierarchical_Policy_Learning/Articubot_Data/one_object_4_point_sqrt_heatmap/2025-11-08-18-02-02.h5 /local/slurm-38431198/local/pbhowal/one_object_4_point_sqrt_heatmap/
+ rsync -az /ocean/projects/cis240052p/pbhowal/2d_Representation_Hierarchical_Policy_Learning/Articubot_Data/one_object_4_point_sqrt_heatmap/2025-11-08-18-09-43.h5 /local/slurm-38431198/local/pbhowal/one_object_4_point_sqrt_heatmap/
+ rsync -az /ocean/projects/cis240052p/pbhowal/2d_Representation_Hierarchical_Policy_Learning/Articubot_Data/one_object_4_point_sqrt_heatmap/2025-11-08-18-12-10.h5 /local/slurm-38431198/local/pbhowal/one_object_4_point_sqrt_heatmap/
+ rsync -az /ocean/projects/cis240052p/pbhowal/2d_Representation_Hierarchical_Policy_Learning/Articubot_Data/one_object_4_point_sqrt_heatmap/2025-11-08-18-13-43.h5 /local/slurm-38431198/local/pbhowal/one_object_4_point_sqrt_heatmap/
+ rsync -az /ocean/projects/cis240052p/pbhowal/2d_Representation_Hierarchical_Policy_Learning/Articubot_Data/one_object_4_point_sqrt_heatmap/2025-11-08-18-15-15.h5 /local/slurm-38431198/local/pbhowal/one_object_4_point_sqrt_heatmap/
+ rsync -az /ocean/projects/cis240052p/pbhowal/2d_Representation_Hierarchical_Policy_Learning/Articubot_Data/one_object_4_point_sqrt_heatmap/2025-11-08-18-17-22.h5 /local/slurm-38431198/local/pbhowal/one_object_4_point_sqrt_heatmap/
+ rsync -az /ocean/projects/cis240052p/pbhowal/2d_Representation_Hierarchical_Policy_Learning/Articubot_Data/one_object_4_point_sqrt_heatmap/2025-11-08-18-18-56.h5 /local/slurm-38431198/local/pbhowal/one_object_4_point_sqrt_heatmap/
+ for f in "$SRC_DIR"/*.h5
+ for f in "$SRC_DIR"/*.h5
+ for f in "$SRC_DIR"/*.h5
+ for f in "$SRC_DIR"/*.h5
+ for f in "$SRC_DIR"/*.h5
+ for f in "$SRC_DIR"/*.h5
+ for f in "$SRC_DIR"/*.h5
+ for f in "$SRC_DIR"/*.h5
+ for f in "$SRC_DIR"/*.h5
+ for f in "$SRC_DIR"/*.h5
+ for f in "$SRC_DIR"/*.h5
+ for f in "$SRC_DIR"/*.h5
+ for f in "$SRC_DIR"/*.h5
+ for f in "$SRC_DIR"/*.h5
+ for f in "$SRC_DIR"/*.h5
+ for f in "$SRC_DIR"/*.h5
+ for f in "$SRC_DIR"/*.h5
+ for f in "$SRC_DIR"/*.h5
+ for f in "$SRC_DIR"/*.h5
+ for f in "$SRC_DIR"/*.h5
+ for f in "$SRC_DIR"/*.h5
+ for f in "$SRC_DIR"/*.h5
+ for f in "$SRC_DIR"/*.h5
+ for f in "$SRC_DIR"/*.h5
+ for f in "$SRC_DIR"/*.h5
+ for f in "$SRC_DIR"/*.h5
+ for f in "$SRC_DIR"/*.h5
+ for f in "$SRC_DIR"/*.h5
+ for f in "$SRC_DIR"/*.h5
+ for f in "$SRC_DIR"/*.h5
+ for f in "$SRC_DIR"/*.h5
+ rsync -az /ocean/projects/cis240052p/pbhowal/2d_Representation_Hierarchical_Policy_Learning/Articubot_Data/one_object_4_point_sqrt_heatmap/2025-11-08-18-38-54.h5 /local/slurm-38431198/local/pbhowal/one_object_4_point_sqrt_heatmap/
+ rsync -az /ocean/projects/cis240052p/pbhowal/2d_Representation_Hierarchical_Policy_Learning/Articubot_Data/one_object_4_point_sqrt_heatmap/2025-11-08-18-46-09.h5 /local/slurm-38431198/local/pbhowal/one_object_4_point_sqrt_heatmap/
+ rsync -az /ocean/projects/cis240052p/pbhowal/2d_Representation_Hierarchical_Policy_Learning/Articubot_Data/one_object_4_point_sqrt_heatmap/2025-11-08-18-47-36.h5 /local/slurm-38431198/local/pbhowal/one_object_4_point_sqrt_heatmap/
+ rsync -az /ocean/projects/cis240052p/pbhowal/2d_Representation_Hierarchical_Policy_Learning/Articubot_Data/one_object_4_point_sqrt_heatmap/2025-11-08-18-52-18.h5 /local/slurm-38431198/local/pbhowal/one_object_4_point_sqrt_heatmap/
+ rsync -az /ocean/projects/cis240052p/pbhowal/2d_Representation_Hierarchical_Policy_Learning/Articubot_Data/one_object_4_point_sqrt_heatmap/2025-11-08-18-53-46.h5 /local/slurm-38431198/local/pbhowal/one_object_4_point_sqrt_heatmap/
+ rsync -az /ocean/projects/cis240052p/pbhowal/2d_Representation_Hierarchical_Policy_Learning/Articubot_Data/one_object_4_point_sqrt_heatmap/2025-11-08-18-41-29.h5 /local/slurm-38431198/local/pbhowal/one_object_4_point_sqrt_heatmap/
+ rsync -az /ocean/projects/cis240052p/pbhowal/2d_Representation_Hierarchical_Policy_Learning/Articubot_Data/one_object_4_point_sqrt_heatmap/2025-11-08-19-01-24.h5 /local/slurm-38431198/local/pbhowal/one_object_4_point_sqrt_heatmap/
+ rsync -az /ocean/projects/cis240052p/pbhowal/2d_Representation_Hierarchical_Policy_Learning/Articubot_Data/one_object_4_point_sqrt_heatmap/2025-11-08-19-06-41.h5 /local/slurm-38431198/local/pbhowal/one_object_4_point_sqrt_heatmap/
+ rsync -az /ocean/projects/cis240052p/pbhowal/2d_Representation_Hierarchical_Policy_Learning/Articubot_Data/one_object_4_point_sqrt_heatmap/2025-11-08-19-08-08.h5 /local/slurm-38431198/local/pbhowal/one_object_4_point_sqrt_heatmap/
+ rsync -az /ocean/projects/cis240052p/pbhowal/2d_Representation_Hierarchical_Policy_Learning/Articubot_Data/one_object_4_point_sqrt_heatmap/2025-11-08-19-09-42.h5 /local/slurm-38431198/local/pbhowal/one_object_4_point_sqrt_heatmap/
+ rsync -az /ocean/projects/cis240052p/pbhowal/2d_Representation_Hierarchical_Policy_Learning/Articubot_Data/one_object_4_point_sqrt_heatmap/2025-11-08-18-50-45.h5 /local/slurm-38431198/local/pbhowal/one_object_4_point_sqrt_heatmap/
+ rsync -az /ocean/projects/cis240052p/pbhowal/2d_Representation_Hierarchical_Policy_Learning/Articubot_Data/one_object_4_point_sqrt_heatmap/2025-11-08-18-56-45.h5 /local/slurm-38431198/local/pbhowal/one_object_4_point_sqrt_heatmap/
+ rsync -az /ocean/projects/cis240052p/pbhowal/2d_Representation_Hierarchical_Policy_Learning/Articubot_Data/one_object_4_point_sqrt_heatmap/2025-11-08-18-58-18.h5 /local/slurm-38431198/local/pbhowal/one_object_4_point_sqrt_heatmap/
+ rsync -az /ocean/projects/cis240052p/pbhowal/2d_Representation_Hierarchical_Policy_Learning/Articubot_Data/one_object_4_point_sqrt_heatmap/2025-11-08-18-59-51.h5 /local/slurm-38431198/local/pbhowal/one_object_4_point_sqrt_heatmap/
+ rsync -az /ocean/projects/cis240052p/pbhowal/2d_Representation_Hierarchical_Policy_Learning/Articubot_Data/one_object_4_point_sqrt_heatmap/2025-11-08-18-20-26.h5 /local/slurm-38431198/local/pbhowal/one_object_4_point_sqrt_heatmap/
+ rsync -az /ocean/projects/cis240052p/pbhowal/2d_Representation_Hierarchical_Policy_Learning/Articubot_Data/one_object_4_point_sqrt_heatmap/2025-11-08-18-22-07.h5 /local/slurm-38431198/local/pbhowal/one_object_4_point_sqrt_heatmap/
+ rsync -az /ocean/projects/cis240052p/pbhowal/2d_Representation_Hierarchical_Policy_Learning/Articubot_Data/one_object_4_point_sqrt_heatmap/2025-11-08-18-28-59.h5 /local/slurm-38431198/local/pbhowal/one_object_4_point_sqrt_heatmap/
+ rsync -az /ocean/projects/cis240052p/pbhowal/2d_Representation_Hierarchical_Policy_Learning/Articubot_Data/one_object_4_point_sqrt_heatmap/2025-11-08-18-30-26.h5 /local/slurm-38431198/local/pbhowal/one_object_4_point_sqrt_heatmap/
+ rsync -az /ocean/projects/cis240052p/pbhowal/2d_Representation_Hierarchical_Policy_Learning/Articubot_Data/one_object_4_point_sqrt_heatmap/2025-11-08-18-35-41.h5 /local/slurm-38431198/local/pbhowal/one_object_4_point_sqrt_heatmap/
+ rsync -az /ocean/projects/cis240052p/pbhowal/2d_Representation_Hierarchical_Policy_Learning/Articubot_Data/one_object_4_point_sqrt_heatmap/2025-11-08-18-37-20.h5 /local/slurm-38431198/local/pbhowal/one_object_4_point_sqrt_heatmap/
+ rsync -az /ocean/projects/cis240052p/pbhowal/2d_Representation_Hierarchical_Policy_Learning/Articubot_Data/one_object_4_point_sqrt_heatmap/2025-11-08-18-40-00.h5 /local/slurm-38431198/local/pbhowal/one_object_4_point_sqrt_heatmap/
+ rsync -az /ocean/projects/cis240052p/pbhowal/2d_Representation_Hierarchical_Policy_Learning/Articubot_Data/one_object_4_point_sqrt_heatmap/2025-11-08-18-43-06.h5 /local/slurm-38431198/local/pbhowal/one_object_4_point_sqrt_heatmap/
+ rsync -az /ocean/projects/cis240052p/pbhowal/2d_Representation_Hierarchical_Policy_Learning/Articubot_Data/one_object_4_point_sqrt_heatmap/2025-11-08-18-44-37.h5 /local/slurm-38431198/local/pbhowal/one_object_4_point_sqrt_heatmap/
+ rsync -az /ocean/projects/cis240052p/pbhowal/2d_Representation_Hierarchical_Policy_Learning/Articubot_Data/one_object_4_point_sqrt_heatmap/2025-11-08-18-49-02.h5 /local/slurm-38431198/local/pbhowal/one_object_4_point_sqrt_heatmap/
+ rsync -az /ocean/projects/cis240052p/pbhowal/2d_Representation_Hierarchical_Policy_Learning/Articubot_Data/one_object_4_point_sqrt_heatmap/2025-11-08-19-04-05.h5 /local/slurm-38431198/local/pbhowal/one_object_4_point_sqrt_heatmap/
+ rsync -az /ocean/projects/cis240052p/pbhowal/2d_Representation_Hierarchical_Policy_Learning/Articubot_Data/one_object_4_point_sqrt_heatmap/2025-11-08-19-05-11.h5 /local/slurm-38431198/local/pbhowal/one_object_4_point_sqrt_heatmap/
+ rsync -az /ocean/projects/cis240052p/pbhowal/2d_Representation_Hierarchical_Policy_Learning/Articubot_Data/one_object_4_point_sqrt_heatmap/2025-11-08-19-14-28.h5 /local/slurm-38431198/local/pbhowal/one_object_4_point_sqrt_heatmap/
+ rsync -az /ocean/projects/cis240052p/pbhowal/2d_Representation_Hierarchical_Policy_Learning/Articubot_Data/one_object_4_point_sqrt_heatmap/2025-11-08-19-10-53.h5 /local/slurm-38431198/local/pbhowal/one_object_4_point_sqrt_heatmap/
+ rsync -az /ocean/projects/cis240052p/pbhowal/2d_Representation_Hierarchical_Policy_Learning/Articubot_Data/one_object_4_point_sqrt_heatmap/2025-11-08-19-17-12.h5 /local/slurm-38431198/local/pbhowal/one_object_4_point_sqrt_heatmap/
+ rsync -az /ocean/projects/cis240052p/pbhowal/2d_Representation_Hierarchical_Policy_Learning/Articubot_Data/one_object_4_point_sqrt_heatmap/2025-11-08-19-16-10.h5 /local/slurm-38431198/local/pbhowal/one_object_4_point_sqrt_heatmap/
+ rsync -az /ocean/projects/cis240052p/pbhowal/2d_Representation_Hierarchical_Policy_Learning/Articubot_Data/one_object_4_point_sqrt_heatmap/2025-11-08-19-13-01.h5 /local/slurm-38431198/local/pbhowal/one_object_4_point_sqrt_heatmap/
+ for f in "$SRC_DIR"/*.h5
+ for f in "$SRC_DIR"/*.h5
+ for f in "$SRC_DIR"/*.h5
+ for f in "$SRC_DIR"/*.h5
+ for f in "$SRC_DIR"/*.h5
+ for f in "$SRC_DIR"/*.h5
+ for f in "$SRC_DIR"/*.h5
+ for f in "$SRC_DIR"/*.h5
+ for f in "$SRC_DIR"/*.h5
+ for f in "$SRC_DIR"/*.h5
+ for f in "$SRC_DIR"/*.h5
+ for f in "$SRC_DIR"/*.h5
+ for f in "$SRC_DIR"/*.h5
+ for f in "$SRC_DIR"/*.h5
+ for f in "$SRC_DIR"/*.h5
+ for f in "$SRC_DIR"/*.h5
+ for f in "$SRC_DIR"/*.h5
+ for f in "$SRC_DIR"/*.h5
+ for f in "$SRC_DIR"/*.h5
+ for f in "$SRC_DIR"/*.h5
+ for f in "$SRC_DIR"/*.h5
+ for f in "$SRC_DIR"/*.h5
+ for f in "$SRC_DIR"/*.h5
+ for f in "$SRC_DIR"/*.h5
+ for f in "$SRC_DIR"/*.h5
+ for f in "$SRC_DIR"/*.h5
+ rsync -az /ocean/projects/cis240052p/pbhowal/2d_Representation_Hierarchical_Policy_Learning/Articubot_Data/one_object_4_point_sqrt_heatmap/2025-11-08-20-10-52.h5 /local/slurm-38431198/local/pbhowal/one_object_4_point_sqrt_heatmap/
+ rsync -az /ocean/projects/cis240052p/pbhowal/2d_Representation_Hierarchical_Policy_Learning/Articubot_Data/one_object_4_point_sqrt_heatmap/2025-11-08-20-12-59.h5 /local/slurm-38431198/local/pbhowal/one_object_4_point_sqrt_heatmap/
+ rsync -az /ocean/projects/cis240052p/pbhowal/2d_Representation_Hierarchical_Policy_Learning/Articubot_Data/one_object_4_point_sqrt_heatmap/2025-11-08-19-46-37.h5 /local/slurm-38431198/local/pbhowal/one_object_4_point_sqrt_heatmap/
+ rsync -az /ocean/projects/cis240052p/pbhowal/2d_Representation_Hierarchical_Policy_Learning/Articubot_Data/one_object_4_point_sqrt_heatmap/2025-11-08-19-48-02.h5 /local/slurm-38431198/local/pbhowal/one_object_4_point_sqrt_heatmap/
+ rsync -az /ocean/projects/cis240052p/pbhowal/2d_Representation_Hierarchical_Policy_Learning/Articubot_Data/one_object_4_point_sqrt_heatmap/2025-11-08-19-32-25.h5 /local/slurm-38431198/local/pbhowal/one_object_4_point_sqrt_heatmap/
+ rsync -az /ocean/projects/cis240052p/pbhowal/2d_Representation_Hierarchical_Policy_Learning/Articubot_Data/one_object_4_point_sqrt_heatmap/2025-11-08-20-00-40.h5 /local/slurm-38431198/local/pbhowal/one_object_4_point_sqrt_heatmap/
+ rsync -az /ocean/projects/cis240052p/pbhowal/2d_Representation_Hierarchical_Policy_Learning/Articubot_Data/one_object_4_point_sqrt_heatmap/2025-11-08-20-03-33.h5 /local/slurm-38431198/local/pbhowal/one_object_4_point_sqrt_heatmap/
+ rsync -az /ocean/projects/cis240052p/pbhowal/2d_Representation_Hierarchical_Policy_Learning/Articubot_Data/one_object_4_point_sqrt_heatmap/2025-11-08-19-18-42.h5 /local/slurm-38431198/local/pbhowal/one_object_4_point_sqrt_heatmap/
+ rsync -az /ocean/projects/cis240052p/pbhowal/2d_Representation_Hierarchical_Policy_Learning/Articubot_Data/one_object_4_point_sqrt_heatmap/2025-11-08-19-20-26.h5 /local/slurm-38431198/local/pbhowal/one_object_4_point_sqrt_heatmap/
+ rsync -az /ocean/projects/cis240052p/pbhowal/2d_Representation_Hierarchical_Policy_Learning/Articubot_Data/one_object_4_point_sqrt_heatmap/2025-11-08-19-21-47.h5 /local/slurm-38431198/local/pbhowal/one_object_4_point_sqrt_heatmap/
+ rsync -az /ocean/projects/cis240052p/pbhowal/2d_Representation_Hierarchical_Policy_Learning/Articubot_Data/one_object_4_point_sqrt_heatmap/2025-11-08-19-23-12.h5 /local/slurm-38431198/local/pbhowal/one_object_4_point_sqrt_heatmap/
+ rsync -az /ocean/projects/cis240052p/pbhowal/2d_Representation_Hierarchical_Policy_Learning/Articubot_Data/one_object_4_point_sqrt_heatmap/2025-11-08-19-25-51.h5 /local/slurm-38431198/local/pbhowal/one_object_4_point_sqrt_heatmap/
+ rsync -az /ocean/projects/cis240052p/pbhowal/2d_Representation_Hierarchical_Policy_Learning/Articubot_Data/one_object_4_point_sqrt_heatmap/2025-11-08-19-27-21.h5 /local/slurm-38431198/local/pbhowal/one_object_4_point_sqrt_heatmap/
+ rsync -az /ocean/projects/cis240052p/pbhowal/2d_Representation_Hierarchical_Policy_Learning/Articubot_Data/one_object_4_point_sqrt_heatmap/2025-11-08-19-28-45.h5 /local/slurm-38431198/local/pbhowal/one_object_4_point_sqrt_heatmap/
+ rsync -az /ocean/projects/cis240052p/pbhowal/2d_Representation_Hierarchical_Policy_Learning/Articubot_Data/one_object_4_point_sqrt_heatmap/2025-11-08-19-31-00.h5 /local/slurm-38431198/local/pbhowal/one_object_4_point_sqrt_heatmap/
+ rsync -az /ocean/projects/cis240052p/pbhowal/2d_Representation_Hierarchical_Policy_Learning/Articubot_Data/one_object_4_point_sqrt_heatmap/2025-11-08-19-37-19.h5 /local/slurm-38431198/local/pbhowal/one_object_4_point_sqrt_heatmap/
+ rsync -az /ocean/projects/cis240052p/pbhowal/2d_Representation_Hierarchical_Policy_Learning/Articubot_Data/one_object_4_point_sqrt_heatmap/2025-11-08-19-39-03.h5 /local/slurm-38431198/local/pbhowal/one_object_4_point_sqrt_heatmap/
+ rsync -az /ocean/projects/cis240052p/pbhowal/2d_Representation_Hierarchical_Policy_Learning/Articubot_Data/one_object_4_point_sqrt_heatmap/2025-11-08-19-42-38.h5 /local/slurm-38431198/local/pbhowal/one_object_4_point_sqrt_heatmap/
+ rsync -az /ocean/projects/cis240052p/pbhowal/2d_Representation_Hierarchical_Policy_Learning/Articubot_Data/one_object_4_point_sqrt_heatmap/2025-11-08-19-44-19.h5 /local/slurm-38431198/local/pbhowal/one_object_4_point_sqrt_heatmap/
+ rsync -az /ocean/projects/cis240052p/pbhowal/2d_Representation_Hierarchical_Policy_Learning/Articubot_Data/one_object_4_point_sqrt_heatmap/2025-11-08-20-15-36.h5 /local/slurm-38431198/local/pbhowal/one_object_4_point_sqrt_heatmap/
+ rsync -az /ocean/projects/cis240052p/pbhowal/2d_Representation_Hierarchical_Policy_Learning/Articubot_Data/one_object_4_point_sqrt_heatmap/2025-11-08-19-35-38.h5 /local/slurm-38431198/local/pbhowal/one_object_4_point_sqrt_heatmap/
+ rsync -az /ocean/projects/cis240052p/pbhowal/2d_Representation_Hierarchical_Policy_Learning/Articubot_Data/one_object_4_point_sqrt_heatmap/2025-11-08-19-41-05.h5 /local/slurm-38431198/local/pbhowal/one_object_4_point_sqrt_heatmap/
+ rsync -az /ocean/projects/cis240052p/pbhowal/2d_Representation_Hierarchical_Policy_Learning/Articubot_Data/one_object_4_point_sqrt_heatmap/2025-11-08-19-54-14.h5 /local/slurm-38431198/local/pbhowal/one_object_4_point_sqrt_heatmap/
+ rsync -az /ocean/projects/cis240052p/pbhowal/2d_Representation_Hierarchical_Policy_Learning/Articubot_Data/one_object_4_point_sqrt_heatmap/2025-11-08-19-55-42.h5 /local/slurm-38431198/local/pbhowal/one_object_4_point_sqrt_heatmap/
+ for f in "$SRC_DIR"/*.h5
+ for f in "$SRC_DIR"/*.h5
+ for f in "$SRC_DIR"/*.h5
+ for f in "$SRC_DIR"/*.h5
+ for f in "$SRC_DIR"/*.h5
+ for f in "$SRC_DIR"/*.h5
+ for f in "$SRC_DIR"/*.h5
+ for f in "$SRC_DIR"/*.h5
+ for f in "$SRC_DIR"/*.h5
+ for f in "$SRC_DIR"/*.h5
+ for f in "$SRC_DIR"/*.h5
+ for f in "$SRC_DIR"/*.h5
+ for f in "$SRC_DIR"/*.h5
+ for f in "$SRC_DIR"/*.h5
+ for f in "$SRC_DIR"/*.h5
+ for f in "$SRC_DIR"/*.h5
+ for f in "$SRC_DIR"/*.h5
+ for f in "$SRC_DIR"/*.h5
+ for f in "$SRC_DIR"/*.h5
+ for f in "$SRC_DIR"/*.h5
+ for f in "$SRC_DIR"/*.h5
+ for f in "$SRC_DIR"/*.h5
+ for f in "$SRC_DIR"/*.h5
+ for f in "$SRC_DIR"/*.h5
+ for f in "$SRC_DIR"/*.h5
+ for f in "$SRC_DIR"/*.h5
+ for f in "$SRC_DIR"/*.h5
+ for f in "$SRC_DIR"/*.h5
+ for f in "$SRC_DIR"/*.h5
+ for f in "$SRC_DIR"/*.h5
+ for f in "$SRC_DIR"/*.h5
+ rsync -az /ocean/projects/cis240052p/pbhowal/2d_Representation_Hierarchical_Policy_Learning/Articubot_Data/one_object_4_point_sqrt_heatmap/2025-11-08-19-49-32.h5 /local/slurm-38431198/local/pbhowal/one_object_4_point_sqrt_heatmap/
+ rsync -az /ocean/projects/cis240052p/pbhowal/2d_Representation_Hierarchical_Policy_Learning/Articubot_Data/one_object_4_point_sqrt_heatmap/2025-11-08-19-58-59.h5 /local/slurm-38431198/local/pbhowal/one_object_4_point_sqrt_heatmap/
+ rsync -az /ocean/projects/cis240052p/pbhowal/2d_Representation_Hierarchical_Policy_Learning/Articubot_Data/one_object_4_point_sqrt_heatmap/2025-11-08-20-54-08.h5 /local/slurm-38431198/local/pbhowal/one_object_4_point_sqrt_heatmap/
+ rsync -az /ocean/projects/cis240052p/pbhowal/2d_Representation_Hierarchical_Policy_Learning/Articubot_Data/one_object_4_point_sqrt_heatmap/2025-11-08-20-25-19.h5 /local/slurm-38431198/local/pbhowal/one_object_4_point_sqrt_heatmap/
+ rsync -az /ocean/projects/cis240052p/pbhowal/2d_Representation_Hierarchical_Policy_Learning/Articubot_Data/one_object_4_point_sqrt_heatmap/2025-11-08-20-38-23.h5 /local/slurm-38431198/local/pbhowal/one_object_4_point_sqrt_heatmap/
+ rsync -az /ocean/projects/cis240052p/pbhowal/2d_Representation_Hierarchical_Policy_Learning/Articubot_Data/one_object_4_point_sqrt_heatmap/2025-11-08-20-40-10.h5 /local/slurm-38431198/local/pbhowal/one_object_4_point_sqrt_heatmap/
+ rsync -az /ocean/projects/cis240052p/pbhowal/2d_Representation_Hierarchical_Policy_Learning/Articubot_Data/one_object_4_point_sqrt_heatmap/2025-11-08-20-44-29.h5 /local/slurm-38431198/local/pbhowal/one_object_4_point_sqrt_heatmap/
+ rsync -az /ocean/projects/cis240052p/pbhowal/2d_Representation_Hierarchical_Policy_Learning/Articubot_Data/one_object_4_point_sqrt_heatmap/2025-11-08-20-46-54.h5 /local/slurm-38431198/local/pbhowal/one_object_4_point_sqrt_heatmap/
+ rsync -az /ocean/projects/cis240052p/pbhowal/2d_Representation_Hierarchical_Policy_Learning/Articubot_Data/one_object_4_point_sqrt_heatmap/2025-11-08-21-00-49.h5 /local/slurm-38431198/local/pbhowal/one_object_4_point_sqrt_heatmap/
+ rsync -az /ocean/projects/cis240052p/pbhowal/2d_Representation_Hierarchical_Policy_Learning/Articubot_Data/one_object_4_point_sqrt_heatmap/2025-11-08-21-02-15.h5 /local/slurm-38431198/local/pbhowal/one_object_4_point_sqrt_heatmap/
+ rsync -az /ocean/projects/cis240052p/pbhowal/2d_Representation_Hierarchical_Policy_Learning/Articubot_Data/one_object_4_point_sqrt_heatmap/2025-11-08-20-55-40.h5 /local/slurm-38431198/local/pbhowal/one_object_4_point_sqrt_heatmap/
+ rsync -az /ocean/projects/cis240052p/pbhowal/2d_Representation_Hierarchical_Policy_Learning/Articubot_Data/one_object_4_point_sqrt_heatmap/2025-11-08-20-22-32.h5 /local/slurm-38431198/local/pbhowal/one_object_4_point_sqrt_heatmap/
+ rsync -az /ocean/projects/cis240052p/pbhowal/2d_Representation_Hierarchical_Policy_Learning/Articubot_Data/one_object_4_point_sqrt_heatmap/2025-11-08-20-56-38.h5 /local/slurm-38431198/local/pbhowal/one_object_4_point_sqrt_heatmap/
+ rsync -az /ocean/projects/cis240052p/pbhowal/2d_Representation_Hierarchical_Policy_Learning/Articubot_Data/one_object_4_point_sqrt_heatmap/2025-11-08-20-23-55.h5 /local/slurm-38431198/local/pbhowal/one_object_4_point_sqrt_heatmap/
+ rsync -az /ocean/projects/cis240052p/pbhowal/2d_Representation_Hierarchical_Policy_Learning/Articubot_Data/one_object_4_point_sqrt_heatmap/2025-11-08-20-49-27.h5 /local/slurm-38431198/local/pbhowal/one_object_4_point_sqrt_heatmap/
+ rsync -az /ocean/projects/cis240052p/pbhowal/2d_Representation_Hierarchical_Policy_Learning/Articubot_Data/one_object_4_point_sqrt_heatmap/2025-11-08-20-34-22.h5 /local/slurm-38431198/local/pbhowal/one_object_4_point_sqrt_heatmap/
+ rsync -az /ocean/projects/cis240052p/pbhowal/2d_Representation_Hierarchical_Policy_Learning/Articubot_Data/one_object_4_point_sqrt_heatmap/2025-11-08-20-17-25.h5 /local/slurm-38431198/local/pbhowal/one_object_4_point_sqrt_heatmap/
+ rsync -az /ocean/projects/cis240052p/pbhowal/2d_Representation_Hierarchical_Policy_Learning/Articubot_Data/one_object_4_point_sqrt_heatmap/2025-11-08-20-47-57.h5 /local/slurm-38431198/local/pbhowal/one_object_4_point_sqrt_heatmap/
+ rsync -az /ocean/projects/cis240052p/pbhowal/2d_Representation_Hierarchical_Policy_Learning/Articubot_Data/one_object_4_point_sqrt_heatmap/2025-11-08-20-18-49.h5 /local/slurm-38431198/local/pbhowal/one_object_4_point_sqrt_heatmap/
+ rsync -az /ocean/projects/cis240052p/pbhowal/2d_Representation_Hierarchical_Policy_Learning/Articubot_Data/one_object_4_point_sqrt_heatmap/2025-11-08-21-04-48.h5 /local/slurm-38431198/local/pbhowal/one_object_4_point_sqrt_heatmap/
+ rsync -az /ocean/projects/cis240052p/pbhowal/2d_Representation_Hierarchical_Policy_Learning/Articubot_Data/one_object_4_point_sqrt_heatmap/2025-11-08-20-20-10.h5 /local/slurm-38431198/local/pbhowal/one_object_4_point_sqrt_heatmap/
+ rsync -az /ocean/projects/cis240052p/pbhowal/2d_Representation_Hierarchical_Policy_Learning/Articubot_Data/one_object_4_point_sqrt_heatmap/2025-11-08-20-21-38.h5 /local/slurm-38431198/local/pbhowal/one_object_4_point_sqrt_heatmap/
+ rsync -az /ocean/projects/cis240052p/pbhowal/2d_Representation_Hierarchical_Policy_Learning/Articubot_Data/one_object_4_point_sqrt_heatmap/2025-11-08-20-26-41.h5 /local/slurm-38431198/local/pbhowal/one_object_4_point_sqrt_heatmap/
+ rsync -az /ocean/projects/cis240052p/pbhowal/2d_Representation_Hierarchical_Policy_Learning/Articubot_Data/one_object_4_point_sqrt_heatmap/2025-11-08-20-28-03.h5 /local/slurm-38431198/local/pbhowal/one_object_4_point_sqrt_heatmap/
+ rsync -az /ocean/projects/cis240052p/pbhowal/2d_Representation_Hierarchical_Policy_Learning/Articubot_Data/one_object_4_point_sqrt_heatmap/2025-11-08-20-33-28.h5 /local/slurm-38431198/local/pbhowal/one_object_4_point_sqrt_heatmap/
+ rsync -az /ocean/projects/cis240052p/pbhowal/2d_Representation_Hierarchical_Policy_Learning/Articubot_Data/one_object_4_point_sqrt_heatmap/2025-11-08-20-43-08.h5 /local/slurm-38431198/local/pbhowal/one_object_4_point_sqrt_heatmap/
+ rsync -az /ocean/projects/cis240052p/pbhowal/2d_Representation_Hierarchical_Policy_Learning/Articubot_Data/one_object_4_point_sqrt_heatmap/2025-11-08-20-58-13.h5 /local/slurm-38431198/local/pbhowal/one_object_4_point_sqrt_heatmap/
+ rsync -az /ocean/projects/cis240052p/pbhowal/2d_Representation_Hierarchical_Policy_Learning/Articubot_Data/one_object_4_point_sqrt_heatmap/2025-11-08-20-59-18.h5 /local/slurm-38431198/local/pbhowal/one_object_4_point_sqrt_heatmap/
+ rsync -az /ocean/projects/cis240052p/pbhowal/2d_Representation_Hierarchical_Policy_Learning/Articubot_Data/one_object_4_point_sqrt_heatmap/2025-11-08-21-06-23.h5 /local/slurm-38431198/local/pbhowal/one_object_4_point_sqrt_heatmap/
+ rsync -az /ocean/projects/cis240052p/pbhowal/2d_Representation_Hierarchical_Policy_Learning/Articubot_Data/one_object_4_point_sqrt_heatmap/2025-11-08-21-09-14.h5 /local/slurm-38431198/local/pbhowal/one_object_4_point_sqrt_heatmap/
+ rsync -az /ocean/projects/cis240052p/pbhowal/2d_Representation_Hierarchical_Policy_Learning/Articubot_Data/one_object_4_point_sqrt_heatmap/2025-11-08-21-07-50.h5 /local/slurm-38431198/local/pbhowal/one_object_4_point_sqrt_heatmap/
+ for f in "$SRC_DIR"/*.h5
+ for f in "$SRC_DIR"/*.h5
+ for f in "$SRC_DIR"/*.h5
+ for f in "$SRC_DIR"/*.h5
+ for f in "$SRC_DIR"/*.h5
+ for f in "$SRC_DIR"/*.h5
+ for f in "$SRC_DIR"/*.h5
+ for f in "$SRC_DIR"/*.h5
+ for f in "$SRC_DIR"/*.h5
+ for f in "$SRC_DIR"/*.h5
+ for f in "$SRC_DIR"/*.h5
+ for f in "$SRC_DIR"/*.h5
+ for f in "$SRC_DIR"/*.h5
+ for f in "$SRC_DIR"/*.h5
+ for f in "$SRC_DIR"/*.h5
+ for f in "$SRC_DIR"/*.h5
+ for f in "$SRC_DIR"/*.h5
+ for f in "$SRC_DIR"/*.h5
+ for f in "$SRC_DIR"/*.h5
+ for f in "$SRC_DIR"/*.h5
+ for f in "$SRC_DIR"/*.h5
+ for f in "$SRC_DIR"/*.h5
+ for f in "$SRC_DIR"/*.h5
+ for f in "$SRC_DIR"/*.h5
+ for f in "$SRC_DIR"/*.h5
+ for f in "$SRC_DIR"/*.h5
+ for f in "$SRC_DIR"/*.h5
+ rsync -az /ocean/projects/cis240052p/pbhowal/2d_Representation_Hierarchical_Policy_Learning/Articubot_Data/one_object_4_point_sqrt_heatmap/2025-11-08-21-12-21.h5 /local/slurm-38431198/local/pbhowal/one_object_4_point_sqrt_heatmap/
+ rsync -az /ocean/projects/cis240052p/pbhowal/2d_Representation_Hierarchical_Policy_Learning/Articubot_Data/one_object_4_point_sqrt_heatmap/2025-11-08-21-30-44.h5 /local/slurm-38431198/local/pbhowal/one_object_4_point_sqrt_heatmap/
+ rsync -az /ocean/projects/cis240052p/pbhowal/2d_Representation_Hierarchical_Policy_Learning/Articubot_Data/one_object_4_point_sqrt_heatmap/2025-11-08-21-48-47.h5 /local/slurm-38431198/local/pbhowal/one_object_4_point_sqrt_heatmap/
+ rsync -az /ocean/projects/cis240052p/pbhowal/2d_Representation_Hierarchical_Policy_Learning/Articubot_Data/one_object_4_point_sqrt_heatmap/2025-11-08-21-14-44.h5 /local/slurm-38431198/local/pbhowal/one_object_4_point_sqrt_heatmap/
+ rsync -az /ocean/projects/cis240052p/pbhowal/2d_Representation_Hierarchical_Policy_Learning/Articubot_Data/one_object_4_point_sqrt_heatmap/2025-11-08-21-59-39.h5 /local/slurm-38431198/local/pbhowal/one_object_4_point_sqrt_heatmap/
+ rsync -az /ocean/projects/cis240052p/pbhowal/2d_Representation_Hierarchical_Policy_Learning/Articubot_Data/one_object_4_point_sqrt_heatmap/2025-11-08-21-16-54.h5 /local/slurm-38431198/local/pbhowal/one_object_4_point_sqrt_heatmap/
+ rsync -az /ocean/projects/cis240052p/pbhowal/2d_Representation_Hierarchical_Policy_Learning/Articubot_Data/one_object_4_point_sqrt_heatmap/2025-11-08-21-41-57.h5 /local/slurm-38431198/local/pbhowal/one_object_4_point_sqrt_heatmap/
+ rsync -az /ocean/projects/cis240052p/pbhowal/2d_Representation_Hierarchical_Policy_Learning/Articubot_Data/one_object_4_point_sqrt_heatmap/2025-11-08-21-42-48.h5 /local/slurm-38431198/local/pbhowal/one_object_4_point_sqrt_heatmap/
+ rsync -az /ocean/projects/cis240052p/pbhowal/2d_Representation_Hierarchical_Policy_Learning/Articubot_Data/one_object_4_point_sqrt_heatmap/2025-11-08-21-46-56.h5 /local/slurm-38431198/local/pbhowal/one_object_4_point_sqrt_heatmap/
+ rsync -az /ocean/projects/cis240052p/pbhowal/2d_Representation_Hierarchical_Policy_Learning/Articubot_Data/one_object_4_point_sqrt_heatmap/2025-11-08-21-53-15.h5 /local/slurm-38431198/local/pbhowal/one_object_4_point_sqrt_heatmap/
+ rsync -az /ocean/projects/cis240052p/pbhowal/2d_Representation_Hierarchical_Policy_Learning/Articubot_Data/one_object_4_point_sqrt_heatmap/2025-11-08-21-58-07.h5 /local/slurm-38431198/local/pbhowal/one_object_4_point_sqrt_heatmap/
+ rsync -az /ocean/projects/cis240052p/pbhowal/2d_Representation_Hierarchical_Policy_Learning/Articubot_Data/one_object_4_point_sqrt_heatmap/2025-11-08-21-20-10.h5 /local/slurm-38431198/local/pbhowal/one_object_4_point_sqrt_heatmap/
+ rsync -az /ocean/projects/cis240052p/pbhowal/2d_Representation_Hierarchical_Policy_Learning/Articubot_Data/one_object_4_point_sqrt_heatmap/2025-11-08-21-40-11.h5 /local/slurm-38431198/local/pbhowal/one_object_4_point_sqrt_heatmap/
+ rsync -az /ocean/projects/cis240052p/pbhowal/2d_Representation_Hierarchical_Policy_Learning/Articubot_Data/one_object_4_point_sqrt_heatmap/2025-11-08-21-32-16.h5 /local/slurm-38431198/local/pbhowal/one_object_4_point_sqrt_heatmap/
+ rsync -az /ocean/projects/cis240052p/pbhowal/2d_Representation_Hierarchical_Policy_Learning/Articubot_Data/one_object_4_point_sqrt_heatmap/2025-11-08-21-44-17.h5 /local/slurm-38431198/local/pbhowal/one_object_4_point_sqrt_heatmap/
+ rsync -az /ocean/projects/cis240052p/pbhowal/2d_Representation_Hierarchical_Policy_Learning/Articubot_Data/one_object_4_point_sqrt_heatmap/2025-11-08-21-18-12.h5 /local/slurm-38431198/local/pbhowal/one_object_4_point_sqrt_heatmap/
+ rsync -az /ocean/projects/cis240052p/pbhowal/2d_Representation_Hierarchical_Policy_Learning/Articubot_Data/one_object_4_point_sqrt_heatmap/2025-11-08-21-36-30.h5 /local/slurm-38431198/local/pbhowal/one_object_4_point_sqrt_heatmap/
+ rsync -az /ocean/projects/cis240052p/pbhowal/2d_Representation_Hierarchical_Policy_Learning/Articubot_Data/one_object_4_point_sqrt_heatmap/2025-11-08-21-38-00.h5 /local/slurm-38431198/local/pbhowal/one_object_4_point_sqrt_heatmap/
+ rsync -az /ocean/projects/cis240052p/pbhowal/2d_Representation_Hierarchical_Policy_Learning/Articubot_Data/one_object_4_point_sqrt_heatmap/2025-11-08-21-26-17.h5 /local/slurm-38431198/local/pbhowal/one_object_4_point_sqrt_heatmap/
+ rsync -az /ocean/projects/cis240052p/pbhowal/2d_Representation_Hierarchical_Policy_Learning/Articubot_Data/one_object_4_point_sqrt_heatmap/2025-11-08-21-27-25.h5 /local/slurm-38431198/local/pbhowal/one_object_4_point_sqrt_heatmap/
+ rsync -az /ocean/projects/cis240052p/pbhowal/2d_Representation_Hierarchical_Policy_Learning/Articubot_Data/one_object_4_point_sqrt_heatmap/2025-11-08-21-28-30.h5 /local/slurm-38431198/local/pbhowal/one_object_4_point_sqrt_heatmap/
+ rsync -az /ocean/projects/cis240052p/pbhowal/2d_Representation_Hierarchical_Policy_Learning/Articubot_Data/one_object_4_point_sqrt_heatmap/2025-11-08-21-51-46.h5 /local/slurm-38431198/local/pbhowal/one_object_4_point_sqrt_heatmap/
+ rsync -az /ocean/projects/cis240052p/pbhowal/2d_Representation_Hierarchical_Policy_Learning/Articubot_Data/one_object_4_point_sqrt_heatmap/2025-11-08-22-01-08.h5 /local/slurm-38431198/local/pbhowal/one_object_4_point_sqrt_heatmap/
+ rsync -az /ocean/projects/cis240052p/pbhowal/2d_Representation_Hierarchical_Policy_Learning/Articubot_Data/one_object_4_point_sqrt_heatmap/2025-11-08-21-23-31.h5 /local/slurm-38431198/local/pbhowal/one_object_4_point_sqrt_heatmap/
+ rsync -az /ocean/projects/cis240052p/pbhowal/2d_Representation_Hierarchical_Policy_Learning/Articubot_Data/one_object_4_point_sqrt_heatmap/2025-11-08-21-25-06.h5 /local/slurm-38431198/local/pbhowal/one_object_4_point_sqrt_heatmap/
+ rsync -az /ocean/projects/cis240052p/pbhowal/2d_Representation_Hierarchical_Policy_Learning/Articubot_Data/one_object_4_point_sqrt_heatmap/2025-11-08-21-50-06.h5 /local/slurm-38431198/local/pbhowal/one_object_4_point_sqrt_heatmap/
+ rsync -az /ocean/projects/cis240052p/pbhowal/2d_Representation_Hierarchical_Policy_Learning/Articubot_Data/one_object_4_point_sqrt_heatmap/2025-11-08-22-02-39.h5 /local/slurm-38431198/local/pbhowal/one_object_4_point_sqrt_heatmap/
+ rsync -az /ocean/projects/cis240052p/pbhowal/2d_Representation_Hierarchical_Policy_Learning/Articubot_Data/one_object_4_point_sqrt_heatmap/2025-11-08-21-13-47.h5 /local/slurm-38431198/local/pbhowal/one_object_4_point_sqrt_heatmap/
+ for f in "$SRC_DIR"/*.h5
+ for f in "$SRC_DIR"/*.h5
+ for f in "$SRC_DIR"/*.h5
+ for f in "$SRC_DIR"/*.h5
+ for f in "$SRC_DIR"/*.h5
+ for f in "$SRC_DIR"/*.h5
+ for f in "$SRC_DIR"/*.h5
+ for f in "$SRC_DIR"/*.h5
+ for f in "$SRC_DIR"/*.h5
+ for f in "$SRC_DIR"/*.h5
+ for f in "$SRC_DIR"/*.h5
+ for f in "$SRC_DIR"/*.h5
+ for f in "$SRC_DIR"/*.h5
+ for f in "$SRC_DIR"/*.h5
+ for f in "$SRC_DIR"/*.h5
+ for f in "$SRC_DIR"/*.h5
+ for f in "$SRC_DIR"/*.h5
+ for f in "$SRC_DIR"/*.h5
+ for f in "$SRC_DIR"/*.h5
+ for f in "$SRC_DIR"/*.h5
+ for f in "$SRC_DIR"/*.h5
+ for f in "$SRC_DIR"/*.h5
+ for f in "$SRC_DIR"/*.h5
+ for f in "$SRC_DIR"/*.h5
+ rsync -az /ocean/projects/cis240052p/pbhowal/2d_Representation_Hierarchical_Policy_Learning/Articubot_Data/one_object_4_point_sqrt_heatmap/2025-11-08-22-26-22.h5 /local/slurm-38431198/local/pbhowal/one_object_4_point_sqrt_heatmap/
+ rsync -az /ocean/projects/cis240052p/pbhowal/2d_Representation_Hierarchical_Policy_Learning/Articubot_Data/one_object_4_point_sqrt_heatmap/2025-11-08-22-27-32.h5 /local/slurm-38431198/local/pbhowal/one_object_4_point_sqrt_heatmap/
+ rsync -az /ocean/projects/cis240052p/pbhowal/2d_Representation_Hierarchical_Policy_Learning/Articubot_Data/one_object_4_point_sqrt_heatmap/2025-11-08-22-28-58.h5 /local/slurm-38431198/local/pbhowal/one_object_4_point_sqrt_heatmap/
+ rsync -az /ocean/projects/cis240052p/pbhowal/2d_Representation_Hierarchical_Policy_Learning/Articubot_Data/one_object_4_point_sqrt_heatmap/2025-11-08-22-31-38.h5 /local/slurm-38431198/local/pbhowal/one_object_4_point_sqrt_heatmap/
+ rsync -az /ocean/projects/cis240052p/pbhowal/2d_Representation_Hierarchical_Policy_Learning/Articubot_Data/one_object_4_point_sqrt_heatmap/2025-11-08-22-09-18.h5 /local/slurm-38431198/local/pbhowal/one_object_4_point_sqrt_heatmap/
+ rsync -az /ocean/projects/cis240052p/pbhowal/2d_Representation_Hierarchical_Policy_Learning/Articubot_Data/one_object_4_point_sqrt_heatmap/2025-11-08-22-10-55.h5 /local/slurm-38431198/local/pbhowal/one_object_4_point_sqrt_heatmap/
+ rsync -az /ocean/projects/cis240052p/pbhowal/2d_Representation_Hierarchical_Policy_Learning/Articubot_Data/one_object_4_point_sqrt_heatmap/2025-11-08-22-13-45.h5 /local/slurm-38431198/local/pbhowal/one_object_4_point_sqrt_heatmap/
+ rsync -az /ocean/projects/cis240052p/pbhowal/2d_Representation_Hierarchical_Policy_Learning/Articubot_Data/one_object_4_point_sqrt_heatmap/2025-11-08-22-33-09.h5 /local/slurm-38431198/local/pbhowal/one_object_4_point_sqrt_heatmap/
+ rsync -az /ocean/projects/cis240052p/pbhowal/2d_Representation_Hierarchical_Policy_Learning/Articubot_Data/one_object_4_point_sqrt_heatmap/2025-11-08-22-16-46.h5 /local/slurm-38431198/local/pbhowal/one_object_4_point_sqrt_heatmap/
+ rsync -az /ocean/projects/cis240052p/pbhowal/2d_Representation_Hierarchical_Policy_Learning/Articubot_Data/one_object_4_point_sqrt_heatmap/2025-11-08-22-39-33.h5 /local/slurm-38431198/local/pbhowal/one_object_4_point_sqrt_heatmap/
+ for f in "$SRC_DIR"/*.h5
+ for f in "$SRC_DIR"/*.h5
+ for f in "$SRC_DIR"/*.h5
+ for f in "$SRC_DIR"/*.h5
+ for f in "$SRC_DIR"/*.h5
+ for f in "$SRC_DIR"/*.h5
+ for f in "$SRC_DIR"/*.h5
+ rsync -az /ocean/projects/cis240052p/pbhowal/2d_Representation_Hierarchical_Policy_Learning/Articubot_Data/one_object_4_point_sqrt_heatmap/2025-11-08-22-44-49.h5 /local/slurm-38431198/local/pbhowal/one_object_4_point_sqrt_heatmap/
+ for f in "$SRC_DIR"/*.h5
+ for f in "$SRC_DIR"/*.h5
+ rsync -az /ocean/projects/cis240052p/pbhowal/2d_Representation_Hierarchical_Policy_Learning/Articubot_Data/one_object_4_point_sqrt_heatmap/2025-11-08-22-40-29.h5 /local/slurm-38431198/local/pbhowal/one_object_4_point_sqrt_heatmap/
+ for f in "$SRC_DIR"/*.h5
+ for f in "$SRC_DIR"/*.h5
+ for f in "$SRC_DIR"/*.h5
+ for f in "$SRC_DIR"/*.h5
+ for f in "$SRC_DIR"/*.h5
+ for f in "$SRC_DIR"/*.h5
+ for f in "$SRC_DIR"/*.h5
+ for f in "$SRC_DIR"/*.h5
+ for f in "$SRC_DIR"/*.h5
+ for f in "$SRC_DIR"/*.h5
+ for f in "$SRC_DIR"/*.h5
+ for f in "$SRC_DIR"/*.h5
+ for f in "$SRC_DIR"/*.h5
+ for f in "$SRC_DIR"/*.h5
+ for f in "$SRC_DIR"/*.h5
+ for f in "$SRC_DIR"/*.h5
+ for f in "$SRC_DIR"/*.h5
+ for f in "$SRC_DIR"/*.h5
+ for f in "$SRC_DIR"/*.h5
+ for f in "$SRC_DIR"/*.h5
+ for f in "$SRC_DIR"/*.h5
+ for f in "$SRC_DIR"/*.h5
+ for f in "$SRC_DIR"/*.h5
+ for f in "$SRC_DIR"/*.h5
+ for f in "$SRC_DIR"/*.h5
+ for f in "$SRC_DIR"/*.h5
+ for f in "$SRC_DIR"/*.h5
+ for f in "$SRC_DIR"/*.h5
+ for f in "$SRC_DIR"/*.h5
+ for f in "$SRC_DIR"/*.h5
+ for f in "$SRC_DIR"/*.h5
+ for f in "$SRC_DIR"/*.h5
+ for f in "$SRC_DIR"/*.h5
+ for f in "$SRC_DIR"/*.h5
+ for f in "$SRC_DIR"/*.h5
+ for f in "$SRC_DIR"/*.h5
+ for f in "$SRC_DIR"/*.h5
+ for f in "$SRC_DIR"/*.h5
+ for f in "$SRC_DIR"/*.h5
+ for f in "$SRC_DIR"/*.h5
+ for f in "$SRC_DIR"/*.h5
+ for f in "$SRC_DIR"/*.h5
+ for f in "$SRC_DIR"/*.h5
+ for f in "$SRC_DIR"/*.h5
+ for f in "$SRC_DIR"/*.h5
+ rsync -az /ocean/projects/cis240052p/pbhowal/2d_Representation_Hierarchical_Policy_Learning/Articubot_Data/one_object_4_point_sqrt_heatmap/2025-11-08-22-04-21.h5 /local/slurm-38431198/local/pbhowal/one_object_4_point_sqrt_heatmap/
+ rsync -az /ocean/projects/cis240052p/pbhowal/2d_Representation_Hierarchical_Policy_Learning/Articubot_Data/one_object_4_point_sqrt_heatmap/2025-11-08-22-06-09.h5 /local/slurm-38431198/local/pbhowal/one_object_4_point_sqrt_heatmap/
+ rsync -az /ocean/projects/cis240052p/pbhowal/2d_Representation_Hierarchical_Policy_Learning/Articubot_Data/one_object_4_point_sqrt_heatmap/2025-11-08-22-34-35.h5 /local/slurm-38431198/local/pbhowal/one_object_4_point_sqrt_heatmap/
+ rsync -az /ocean/projects/cis240052p/pbhowal/2d_Representation_Hierarchical_Policy_Learning/Articubot_Data/one_object_4_point_sqrt_heatmap/2025-11-08-22-18-17.h5 /local/slurm-38431198/local/pbhowal/one_object_4_point_sqrt_heatmap/
+ rsync -az /ocean/projects/cis240052p/pbhowal/2d_Representation_Hierarchical_Policy_Learning/Articubot_Data/one_object_4_point_sqrt_heatmap/2025-11-08-22-35-58.h5 /local/slurm-38431198/local/pbhowal/one_object_4_point_sqrt_heatmap/
+ rsync -az /ocean/projects/cis240052p/pbhowal/2d_Representation_Hierarchical_Policy_Learning/Articubot_Data/one_object_4_point_sqrt_heatmap/2025-11-08-22-19-32.h5 /local/slurm-38431198/local/pbhowal/one_object_4_point_sqrt_heatmap/
+ rsync -az /ocean/projects/cis240052p/pbhowal/2d_Representation_Hierarchical_Policy_Learning/Articubot_Data/one_object_4_point_sqrt_heatmap/2025-11-08-22-37-29.h5 /local/slurm-38431198/local/pbhowal/one_object_4_point_sqrt_heatmap/
+ rsync -az /ocean/projects/cis240052p/pbhowal/2d_Representation_Hierarchical_Policy_Learning/Articubot_Data/one_object_4_point_sqrt_heatmap/2025-11-08-22-20-54.h5 /local/slurm-38431198/local/pbhowal/one_object_4_point_sqrt_heatmap/
+ rsync -az /ocean/projects/cis240052p/pbhowal/2d_Representation_Hierarchical_Policy_Learning/Articubot_Data/one_object_4_point_sqrt_heatmap/2025-11-08-22-41-58.h5 /local/slurm-38431198/local/pbhowal/one_object_4_point_sqrt_heatmap/
+ rsync -az /ocean/projects/cis240052p/pbhowal/2d_Representation_Hierarchical_Policy_Learning/Articubot_Data/one_object_4_point_sqrt_heatmap/2025-11-08-22-24-43.h5 /local/slurm-38431198/local/pbhowal/one_object_4_point_sqrt_heatmap/
+ rsync -az /ocean/projects/cis240052p/pbhowal/2d_Representation_Hierarchical_Policy_Learning/Articubot_Data/one_object_4_point_sqrt_heatmap/2025-11-08-22-03-26.h5 /local/slurm-38431198/local/pbhowal/one_object_4_point_sqrt_heatmap/
+ rsync -az /ocean/projects/cis240052p/pbhowal/2d_Representation_Hierarchical_Policy_Learning/Articubot_Data/one_object_4_point_sqrt_heatmap/2025-11-08-22-43-51.h5 /local/slurm-38431198/local/pbhowal/one_object_4_point_sqrt_heatmap/
+ rsync -az /ocean/projects/cis240052p/pbhowal/2d_Representation_Hierarchical_Policy_Learning/Articubot_Data/one_object_4_point_sqrt_heatmap/2025-11-08-22-52-49.h5 /local/slurm-38431198/local/pbhowal/one_object_4_point_sqrt_heatmap/
+ rsync -az /ocean/projects/cis240052p/pbhowal/2d_Representation_Hierarchical_Policy_Learning/Articubot_Data/one_object_4_point_sqrt_heatmap/2025-11-08-22-54-15.h5 /local/slurm-38431198/local/pbhowal/one_object_4_point_sqrt_heatmap/
+ rsync -az /ocean/projects/cis240052p/pbhowal/2d_Representation_Hierarchical_Policy_Learning/Articubot_Data/one_object_4_point_sqrt_heatmap/2025-11-08-22-57-56.h5 /local/slurm-38431198/local/pbhowal/one_object_4_point_sqrt_heatmap/
+ rsync -az /ocean/projects/cis240052p/pbhowal/2d_Representation_Hierarchical_Policy_Learning/Articubot_Data/one_object_4_point_sqrt_heatmap/2026-01-13-21-15-39.h5 /local/slurm-38431198/local/pbhowal/one_object_4_point_sqrt_heatmap/
+ rsync -az /ocean/projects/cis240052p/pbhowal/2d_Representation_Hierarchical_Policy_Learning/Articubot_Data/one_object_4_point_sqrt_heatmap/2026-01-13-21-19-17.h5 /local/slurm-38431198/local/pbhowal/one_object_4_point_sqrt_heatmap/
+ rsync -az /ocean/projects/cis240052p/pbhowal/2d_Representation_Hierarchical_Policy_Learning/Articubot_Data/one_object_4_point_sqrt_heatmap/2026-01-13-21-23-37.h5 /local/slurm-38431198/local/pbhowal/one_object_4_point_sqrt_heatmap/
+ rsync -az /ocean/projects/cis240052p/pbhowal/2d_Representation_Hierarchical_Policy_Learning/Articubot_Data/one_object_4_point_sqrt_heatmap/2025-11-08-22-50-26.h5 /local/slurm-38431198/local/pbhowal/one_object_4_point_sqrt_heatmap/
+ rsync -az /ocean/projects/cis240052p/pbhowal/2d_Representation_Hierarchical_Policy_Learning/Articubot_Data/one_object_4_point_sqrt_heatmap/2025-11-08-23-03-59.h5 /local/slurm-38431198/local/pbhowal/one_object_4_point_sqrt_heatmap/
+ rsync -az /ocean/projects/cis240052p/pbhowal/2d_Representation_Hierarchical_Policy_Learning/Articubot_Data/one_object_4_point_sqrt_heatmap/2026-01-13-21-17-37.h5 /local/slurm-38431198/local/pbhowal/one_object_4_point_sqrt_heatmap/
+ rsync -az /ocean/projects/cis240052p/pbhowal/2d_Representation_Hierarchical_Policy_Learning/Articubot_Data/one_object_4_point_sqrt_heatmap/2025-11-08-22-45-43.h5 /local/slurm-38431198/local/pbhowal/one_object_4_point_sqrt_heatmap/
+ rsync -az /ocean/projects/cis240052p/pbhowal/2d_Representation_Hierarchical_Policy_Learning/Articubot_Data/one_object_4_point_sqrt_heatmap/2025-11-08-22-47-10.h5 /local/slurm-38431198/local/pbhowal/one_object_4_point_sqrt_heatmap/
+ rsync -az /ocean/projects/cis240052p/pbhowal/2d_Representation_Hierarchical_Policy_Learning/Articubot_Data/one_object_4_point_sqrt_heatmap/2025-11-08-22-48-23.h5 /local/slurm-38431198/local/pbhowal/one_object_4_point_sqrt_heatmap/
+ rsync -az /ocean/projects/cis240052p/pbhowal/2d_Representation_Hierarchical_Policy_Learning/Articubot_Data/one_object_4_point_sqrt_heatmap/2025-11-08-22-59-09.h5 /local/slurm-38431198/local/pbhowal/one_object_4_point_sqrt_heatmap/
+ rsync -az /ocean/projects/cis240052p/pbhowal/2d_Representation_Hierarchical_Policy_Learning/Articubot_Data/one_object_4_point_sqrt_heatmap/2025-11-08-23-00-49.h5 /local/slurm-38431198/local/pbhowal/one_object_4_point_sqrt_heatmap/
+ rsync -az /ocean/projects/cis240052p/pbhowal/2d_Representation_Hierarchical_Policy_Learning/Articubot_Data/one_object_4_point_sqrt_heatmap/2025-11-08-23-02-34.h5 /local/slurm-38431198/local/pbhowal/one_object_4_point_sqrt_heatmap/
+ rsync -az /ocean/projects/cis240052p/pbhowal/2d_Representation_Hierarchical_Policy_Learning/Articubot_Data/one_object_4_point_sqrt_heatmap/2025-11-08-23-05-07.h5 /local/slurm-38431198/local/pbhowal/one_object_4_point_sqrt_heatmap/
+ rsync -az /ocean/projects/cis240052p/pbhowal/2d_Representation_Hierarchical_Policy_Learning/Articubot_Data/one_object_4_point_sqrt_heatmap/2026-01-13-21-24-47.h5 /local/slurm-38431198/local/pbhowal/one_object_4_point_sqrt_heatmap/
+ rsync -az /ocean/projects/cis240052p/pbhowal/2d_Representation_Hierarchical_Policy_Learning/Articubot_Data/one_object_4_point_sqrt_heatmap/2026-01-13-21-29-27.h5 /local/slurm-38431198/local/pbhowal/one_object_4_point_sqrt_heatmap/
+ rsync -az /ocean/projects/cis240052p/pbhowal/2d_Representation_Hierarchical_Policy_Learning/Articubot_Data/one_object_4_point_sqrt_heatmap/2025-11-08-22-56-11.h5 /local/slurm-38431198/local/pbhowal/one_object_4_point_sqrt_heatmap/
+ rsync -az /ocean/projects/cis240052p/pbhowal/2d_Representation_Hierarchical_Policy_Learning/Articubot_Data/one_object_4_point_sqrt_heatmap/2025-11-08-23-09-32.h5 /local/slurm-38431198/local/pbhowal/one_object_4_point_sqrt_heatmap/
+ rsync -az /ocean/projects/cis240052p/pbhowal/2d_Representation_Hierarchical_Policy_Learning/Articubot_Data/one_object_4_point_sqrt_heatmap/2025-11-08-23-11-03.h5 /local/slurm-38431198/local/pbhowal/one_object_4_point_sqrt_heatmap/
+ rsync -az /ocean/projects/cis240052p/pbhowal/2d_Representation_Hierarchical_Policy_Learning/Articubot_Data/one_object_4_point_sqrt_heatmap/2026-01-13-21-26-26.h5 /local/slurm-38431198/local/pbhowal/one_object_4_point_sqrt_heatmap/
+ rsync -az /ocean/projects/cis240052p/pbhowal/2d_Representation_Hierarchical_Policy_Learning/Articubot_Data/one_object_4_point_sqrt_heatmap/2026-01-13-21-20-54.h5 /local/slurm-38431198/local/pbhowal/one_object_4_point_sqrt_heatmap/
+ rsync -az /ocean/projects/cis240052p/pbhowal/2d_Representation_Hierarchical_Policy_Learning/Articubot_Data/one_object_4_point_sqrt_heatmap/2026-01-13-21-22-00.h5 /local/slurm-38431198/local/pbhowal/one_object_4_point_sqrt_heatmap/
+ rsync -az /ocean/projects/cis240052p/pbhowal/2d_Representation_Hierarchical_Policy_Learning/Articubot_Data/one_object_4_point_sqrt_heatmap/2025-11-08-22-49-23.h5 /local/slurm-38431198/local/pbhowal/one_object_4_point_sqrt_heatmap/
+ rsync -az /ocean/projects/cis240052p/pbhowal/2d_Representation_Hierarchical_Policy_Learning/Articubot_Data/one_object_4_point_sqrt_heatmap/2025-11-08-23-06-42.h5 /local/slurm-38431198/local/pbhowal/one_object_4_point_sqrt_heatmap/
+ rsync -az /ocean/projects/cis240052p/pbhowal/2d_Representation_Hierarchical_Policy_Learning/Articubot_Data/one_object_4_point_sqrt_heatmap/2026-01-13-21-27-59.h5 /local/slurm-38431198/local/pbhowal/one_object_4_point_sqrt_heatmap/
+ rsync -az /ocean/projects/cis240052p/pbhowal/2d_Representation_Hierarchical_Policy_Learning/Articubot_Data/one_object_4_point_sqrt_heatmap/2026-01-13-21-31-00.h5 /local/slurm-38431198/local/pbhowal/one_object_4_point_sqrt_heatmap/
+ rsync -az /ocean/projects/cis240052p/pbhowal/2d_Representation_Hierarchical_Policy_Learning/Articubot_Data/one_object_4_point_sqrt_heatmap/2026-01-13-21-34-22.h5 /local/slurm-38431198/local/pbhowal/one_object_4_point_sqrt_heatmap/
+ rsync -az /ocean/projects/cis240052p/pbhowal/2d_Representation_Hierarchical_Policy_Learning/Articubot_Data/one_object_4_point_sqrt_heatmap/2026-01-13-21-33-22.h5 /local/slurm-38431198/local/pbhowal/one_object_4_point_sqrt_heatmap/
+ rsync -az /ocean/projects/cis240052p/pbhowal/2d_Representation_Hierarchical_Policy_Learning/Articubot_Data/one_object_4_point_sqrt_heatmap/2026-01-13-21-37-21.h5 /local/slurm-38431198/local/pbhowal/one_object_4_point_sqrt_heatmap/
+ rsync -az /ocean/projects/cis240052p/pbhowal/2d_Representation_Hierarchical_Policy_Learning/Articubot_Data/one_object_4_point_sqrt_heatmap/2026-01-13-21-40-35.h5 /local/slurm-38431198/local/pbhowal/one_object_4_point_sqrt_heatmap/
+ rsync -az /ocean/projects/cis240052p/pbhowal/2d_Representation_Hierarchical_Policy_Learning/Articubot_Data/one_object_4_point_sqrt_heatmap/2026-01-13-21-41-31.h5 /local/slurm-38431198/local/pbhowal/one_object_4_point_sqrt_heatmap/
+ rsync -az /ocean/projects/cis240052p/pbhowal/2d_Representation_Hierarchical_Policy_Learning/Articubot_Data/one_object_4_point_sqrt_heatmap/2026-01-13-21-45-05.h5 /local/slurm-38431198/local/pbhowal/one_object_4_point_sqrt_heatmap/
+ rsync -az /ocean/projects/cis240052p/pbhowal/2d_Representation_Hierarchical_Policy_Learning/Articubot_Data/one_object_4_point_sqrt_heatmap/2026-01-13-21-53-39.h5 /local/slurm-38431198/local/pbhowal/one_object_4_point_sqrt_heatmap/
+ rsync -az /ocean/projects/cis240052p/pbhowal/2d_Representation_Hierarchical_Policy_Learning/Articubot_Data/one_object_4_point_sqrt_heatmap/2026-01-13-21-46-37.h5 /local/slurm-38431198/local/pbhowal/one_object_4_point_sqrt_heatmap/
+ rsync -az /ocean/projects/cis240052p/pbhowal/2d_Representation_Hierarchical_Policy_Learning/Articubot_Data/one_object_4_point_sqrt_heatmap/2026-01-13-21-39-00.h5 /local/slurm-38431198/local/pbhowal/one_object_4_point_sqrt_heatmap/
+ rsync -az /ocean/projects/cis240052p/pbhowal/2d_Representation_Hierarchical_Policy_Learning/Articubot_Data/one_object_4_point_sqrt_heatmap/2026-01-13-21-48-27.h5 /local/slurm-38431198/local/pbhowal/one_object_4_point_sqrt_heatmap/
+ rsync -az /ocean/projects/cis240052p/pbhowal/2d_Representation_Hierarchical_Policy_Learning/Articubot_Data/one_object_4_point_sqrt_heatmap/2026-01-13-21-59-11.h5 /local/slurm-38431198/local/pbhowal/one_object_4_point_sqrt_heatmap/
+ rsync -az /ocean/projects/cis240052p/pbhowal/2d_Representation_Hierarchical_Policy_Learning/Articubot_Data/one_object_4_point_sqrt_heatmap/2026-01-13-21-50-28.h5 /local/slurm-38431198/local/pbhowal/one_object_4_point_sqrt_heatmap/
+ rsync -az /ocean/projects/cis240052p/pbhowal/2d_Representation_Hierarchical_Policy_Learning/Articubot_Data/one_object_4_point_sqrt_heatmap/2026-01-13-21-56-15.h5 /local/slurm-38431198/local/pbhowal/one_object_4_point_sqrt_heatmap/
+ rsync -az /ocean/projects/cis240052p/pbhowal/2d_Representation_Hierarchical_Policy_Learning/Articubot_Data/one_object_4_point_sqrt_heatmap/2026-01-13-22-03-35.h5 /local/slurm-38431198/local/pbhowal/one_object_4_point_sqrt_heatmap/
+ rsync -az /ocean/projects/cis240052p/pbhowal/2d_Representation_Hierarchical_Policy_Learning/Articubot_Data/one_object_4_point_sqrt_heatmap/2026-01-13-22-00-53.h5 /local/slurm-38431198/local/pbhowal/one_object_4_point_sqrt_heatmap/
+ rsync -az /ocean/projects/cis240052p/pbhowal/2d_Representation_Hierarchical_Policy_Learning/Articubot_Data/one_object_4_point_sqrt_heatmap/2026-01-13-22-05-16.h5 /local/slurm-38431198/local/pbhowal/one_object_4_point_sqrt_heatmap/
+ rsync -az /ocean/projects/cis240052p/pbhowal/2d_Representation_Hierarchical_Policy_Learning/Articubot_Data/one_object_4_point_sqrt_heatmap/2026-01-13-22-06-49.h5 /local/slurm-38431198/local/pbhowal/one_object_4_point_sqrt_heatmap/
+ rsync -az /ocean/projects/cis240052p/pbhowal/2d_Representation_Hierarchical_Policy_Learning/Articubot_Data/one_object_4_point_sqrt_heatmap/2026-01-13-22-08-08.h5 /local/slurm-38431198/local/pbhowal/one_object_4_point_sqrt_heatmap/
+ rsync -az /ocean/projects/cis240052p/pbhowal/2d_Representation_Hierarchical_Policy_Learning/Articubot_Data/one_object_4_point_sqrt_heatmap/2026-01-13-22-17-56.h5 /local/slurm-38431198/local/pbhowal/one_object_4_point_sqrt_heatmap/
+ rsync -az /ocean/projects/cis240052p/pbhowal/2d_Representation_Hierarchical_Policy_Learning/Articubot_Data/one_object_4_point_sqrt_heatmap/2026-01-13-22-19-46.h5 /local/slurm-38431198/local/pbhowal/one_object_4_point_sqrt_heatmap/
+ rsync -az /ocean/projects/cis240052p/pbhowal/2d_Representation_Hierarchical_Policy_Learning/Articubot_Data/one_object_4_point_sqrt_heatmap/2026-01-13-22-10-51.h5 /local/slurm-38431198/local/pbhowal/one_object_4_point_sqrt_heatmap/
+ rsync -az /ocean/projects/cis240052p/pbhowal/2d_Representation_Hierarchical_Policy_Learning/Articubot_Data/one_object_4_point_sqrt_heatmap/2026-01-13-22-16-37.h5 /local/slurm-38431198/local/pbhowal/one_object_4_point_sqrt_heatmap/
+ rsync -az /ocean/projects/cis240052p/pbhowal/2d_Representation_Hierarchical_Policy_Learning/Articubot_Data/one_object_4_point_sqrt_heatmap/2026-01-13-22-12-15.h5 /local/slurm-38431198/local/pbhowal/one_object_4_point_sqrt_heatmap/
+ rsync -az /ocean/projects/cis240052p/pbhowal/2d_Representation_Hierarchical_Policy_Learning/Articubot_Data/one_object_4_point_sqrt_heatmap/2026-01-13-22-20-49.h5 /local/slurm-38431198/local/pbhowal/one_object_4_point_sqrt_heatmap/
+ rsync -az /ocean/projects/cis240052p/pbhowal/2d_Representation_Hierarchical_Policy_Learning/Articubot_Data/one_object_4_point_sqrt_heatmap/2026-01-13-22-22-33.h5 /local/slurm-38431198/local/pbhowal/one_object_4_point_sqrt_heatmap/
+ rsync -az /ocean/projects/cis240052p/pbhowal/2d_Representation_Hierarchical_Policy_Learning/Articubot_Data/one_object_4_point_sqrt_heatmap/2026-01-13-22-13-15.h5 /local/slurm-38431198/local/pbhowal/one_object_4_point_sqrt_heatmap/
+ rsync -az /ocean/projects/cis240052p/pbhowal/2d_Representation_Hierarchical_Policy_Learning/Articubot_Data/one_object_4_point_sqrt_heatmap/2026-01-13-22-24-08.h5 /local/slurm-38431198/local/pbhowal/one_object_4_point_sqrt_heatmap/
+ for f in "$SRC_DIR"/*.h5
+ for f in "$SRC_DIR"/*.h5
+ for f in "$SRC_DIR"/*.h5
+ for f in "$SRC_DIR"/*.h5
+ for f in "$SRC_DIR"/*.h5
+ for f in "$SRC_DIR"/*.h5
+ for f in "$SRC_DIR"/*.h5
+ for f in "$SRC_DIR"/*.h5
+ for f in "$SRC_DIR"/*.h5
+ for f in "$SRC_DIR"/*.h5
+ for f in "$SRC_DIR"/*.h5
+ for f in "$SRC_DIR"/*.h5
+ for f in "$SRC_DIR"/*.h5
+ for f in "$SRC_DIR"/*.h5
+ for f in "$SRC_DIR"/*.h5
+ for f in "$SRC_DIR"/*.h5
+ for f in "$SRC_DIR"/*.h5
+ for f in "$SRC_DIR"/*.h5
+ for f in "$SRC_DIR"/*.h5
+ for f in "$SRC_DIR"/*.h5
+ for f in "$SRC_DIR"/*.h5
+ for f in "$SRC_DIR"/*.h5
+ for f in "$SRC_DIR"/*.h5
+ for f in "$SRC_DIR"/*.h5
+ for f in "$SRC_DIR"/*.h5
+ for f in "$SRC_DIR"/*.h5
+ for f in "$SRC_DIR"/*.h5
+ rsync -az /ocean/projects/cis240052p/pbhowal/2d_Representation_Hierarchical_Policy_Learning/Articubot_Data/one_object_4_point_sqrt_heatmap/2026-01-13-23-08-41.h5 /local/slurm-38431198/local/pbhowal/one_object_4_point_sqrt_heatmap/
+ rsync -az /ocean/projects/cis240052p/pbhowal/2d_Representation_Hierarchical_Policy_Learning/Articubot_Data/one_object_4_point_sqrt_heatmap/2026-01-13-23-03-59.h5 /local/slurm-38431198/local/pbhowal/one_object_4_point_sqrt_heatmap/
+ rsync -az /ocean/projects/cis240052p/pbhowal/2d_Representation_Hierarchical_Policy_Learning/Articubot_Data/one_object_4_point_sqrt_heatmap/2026-01-13-22-34-24.h5 /local/slurm-38431198/local/pbhowal/one_object_4_point_sqrt_heatmap/
+ rsync -az /ocean/projects/cis240052p/pbhowal/2d_Representation_Hierarchical_Policy_Learning/Articubot_Data/one_object_4_point_sqrt_heatmap/2026-01-13-22-26-05.h5 /local/slurm-38431198/local/pbhowal/one_object_4_point_sqrt_heatmap/
+ rsync -az /ocean/projects/cis240052p/pbhowal/2d_Representation_Hierarchical_Policy_Learning/Articubot_Data/one_object_4_point_sqrt_heatmap/2026-01-13-22-29-19.h5 /local/slurm-38431198/local/pbhowal/one_object_4_point_sqrt_heatmap/
+ rsync -az /ocean/projects/cis240052p/pbhowal/2d_Representation_Hierarchical_Policy_Learning/Articubot_Data/one_object_4_point_sqrt_heatmap/2026-01-13-22-32-15.h5 /local/slurm-38431198/local/pbhowal/one_object_4_point_sqrt_heatmap/
+ rsync -az /ocean/projects/cis240052p/pbhowal/2d_Representation_Hierarchical_Policy_Learning/Articubot_Data/one_object_4_point_sqrt_heatmap/2026-01-13-22-57-34.h5 /local/slurm-38431198/local/pbhowal/one_object_4_point_sqrt_heatmap/
+ rsync -az /ocean/projects/cis240052p/pbhowal/2d_Representation_Hierarchical_Policy_Learning/Articubot_Data/one_object_4_point_sqrt_heatmap/2026-01-13-22-36-04.h5 /local/slurm-38431198/local/pbhowal/one_object_4_point_sqrt_heatmap/
+ rsync -az /ocean/projects/cis240052p/pbhowal/2d_Representation_Hierarchical_Policy_Learning/Articubot_Data/one_object_4_point_sqrt_heatmap/2026-01-13-22-41-11.h5 /local/slurm-38431198/local/pbhowal/one_object_4_point_sqrt_heatmap/
+ rsync -az /ocean/projects/cis240052p/pbhowal/2d_Representation_Hierarchical_Policy_Learning/Articubot_Data/one_object_4_point_sqrt_heatmap/2026-01-13-22-43-04.h5 /local/slurm-38431198/local/pbhowal/one_object_4_point_sqrt_heatmap/
+ rsync -az /ocean/projects/cis240052p/pbhowal/2d_Representation_Hierarchical_Policy_Learning/Articubot_Data/one_object_4_point_sqrt_heatmap/2026-01-13-22-44-39.h5 /local/slurm-38431198/local/pbhowal/one_object_4_point_sqrt_heatmap/
+ rsync -az /ocean/projects/cis240052p/pbhowal/2d_Representation_Hierarchical_Policy_Learning/Articubot_Data/one_object_4_point_sqrt_heatmap/2026-01-13-23-09-55.h5 /local/slurm-38431198/local/pbhowal/one_object_4_point_sqrt_heatmap/
+ rsync -az /ocean/projects/cis240052p/pbhowal/2d_Representation_Hierarchical_Policy_Learning/Articubot_Data/one_object_4_point_sqrt_heatmap/2026-01-13-23-02-21.h5 /local/slurm-38431198/local/pbhowal/one_object_4_point_sqrt_heatmap/
+ rsync -az /ocean/projects/cis240052p/pbhowal/2d_Representation_Hierarchical_Policy_Learning/Articubot_Data/one_object_4_point_sqrt_heatmap/2026-01-13-23-11-38.h5 /local/slurm-38431198/local/pbhowal/one_object_4_point_sqrt_heatmap/
+ rsync -az /ocean/projects/cis240052p/pbhowal/2d_Representation_Hierarchical_Policy_Learning/Articubot_Data/one_object_4_point_sqrt_heatmap/2026-01-13-22-49-56.h5 /local/slurm-38431198/local/pbhowal/one_object_4_point_sqrt_heatmap/
+ rsync -az /ocean/projects/cis240052p/pbhowal/2d_Representation_Hierarchical_Policy_Learning/Articubot_Data/one_object_4_point_sqrt_heatmap/2026-01-13-22-46-47.h5 /local/slurm-38431198/local/pbhowal/one_object_4_point_sqrt_heatmap/
+ rsync -az /ocean/projects/cis240052p/pbhowal/2d_Representation_Hierarchical_Policy_Learning/Articubot_Data/one_object_4_point_sqrt_heatmap/2026-01-13-22-48-24.h5 /local/slurm-38431198/local/pbhowal/one_object_4_point_sqrt_heatmap/
+ rsync -az /ocean/projects/cis240052p/pbhowal/2d_Representation_Hierarchical_Policy_Learning/Articubot_Data/one_object_4_point_sqrt_heatmap/2026-01-13-22-59-10.h5 /local/slurm-38431198/local/pbhowal/one_object_4_point_sqrt_heatmap/
+ rsync -az /ocean/projects/cis240052p/pbhowal/2d_Representation_Hierarchical_Policy_Learning/Articubot_Data/one_object_4_point_sqrt_heatmap/2026-01-13-23-00-43.h5 /local/slurm-38431198/local/pbhowal/one_object_4_point_sqrt_heatmap/
+ rsync -az /ocean/projects/cis240052p/pbhowal/2d_Representation_Hierarchical_Policy_Learning/Articubot_Data/one_object_4_point_sqrt_heatmap/2026-01-13-23-18-57.h5 /local/slurm-38431198/local/pbhowal/one_object_4_point_sqrt_heatmap/
+ rsync -az /ocean/projects/cis240052p/pbhowal/2d_Representation_Hierarchical_Policy_Learning/Articubot_Data/one_object_4_point_sqrt_heatmap/2026-01-13-22-52-14.h5 /local/slurm-38431198/local/pbhowal/one_object_4_point_sqrt_heatmap/
+ rsync -az /ocean/projects/cis240052p/pbhowal/2d_Representation_Hierarchical_Policy_Learning/Articubot_Data/one_object_4_point_sqrt_heatmap/2026-01-13-22-53-47.h5 /local/slurm-38431198/local/pbhowal/one_object_4_point_sqrt_heatmap/
+ rsync -az /ocean/projects/cis240052p/pbhowal/2d_Representation_Hierarchical_Policy_Learning/Articubot_Data/one_object_4_point_sqrt_heatmap/2026-01-13-22-54-49.h5 /local/slurm-38431198/local/pbhowal/one_object_4_point_sqrt_heatmap/
+ rsync -az /ocean/projects/cis240052p/pbhowal/2d_Representation_Hierarchical_Policy_Learning/Articubot_Data/one_object_4_point_sqrt_heatmap/2026-01-13-22-56-06.h5 /local/slurm-38431198/local/pbhowal/one_object_4_point_sqrt_heatmap/
+ rsync -az /ocean/projects/cis240052p/pbhowal/2d_Representation_Hierarchical_Policy_Learning/Articubot_Data/one_object_4_point_sqrt_heatmap/2026-01-13-23-12-44.h5 /local/slurm-38431198/local/pbhowal/one_object_4_point_sqrt_heatmap/
+ rsync -az /ocean/projects/cis240052p/pbhowal/2d_Representation_Hierarchical_Policy_Learning/Articubot_Data/one_object_4_point_sqrt_heatmap/2026-01-13-23-14-13.h5 /local/slurm-38431198/local/pbhowal/one_object_4_point_sqrt_heatmap/
+ rsync -az /ocean/projects/cis240052p/pbhowal/2d_Representation_Hierarchical_Policy_Learning/Articubot_Data/one_object_4_point_sqrt_heatmap/2026-01-13-23-22-32.h5 /local/slurm-38431198/local/pbhowal/one_object_4_point_sqrt_heatmap/
+ for f in "$SRC_DIR"/*.h5
+ for f in "$SRC_DIR"/*.h5
+ for f in "$SRC_DIR"/*.h5
+ for f in "$SRC_DIR"/*.h5
+ for f in "$SRC_DIR"/*.h5
+ for f in "$SRC_DIR"/*.h5
+ for f in "$SRC_DIR"/*.h5
+ for f in "$SRC_DIR"/*.h5
+ for f in "$SRC_DIR"/*.h5
+ for f in "$SRC_DIR"/*.h5
+ for f in "$SRC_DIR"/*.h5
+ for f in "$SRC_DIR"/*.h5
+ for f in "$SRC_DIR"/*.h5
+ for f in "$SRC_DIR"/*.h5
+ for f in "$SRC_DIR"/*.h5
+ for f in "$SRC_DIR"/*.h5
+ for f in "$SRC_DIR"/*.h5
+ for f in "$SRC_DIR"/*.h5
+ for f in "$SRC_DIR"/*.h5
+ for f in "$SRC_DIR"/*.h5
+ for f in "$SRC_DIR"/*.h5
+ for f in "$SRC_DIR"/*.h5
+ for f in "$SRC_DIR"/*.h5
+ for f in "$SRC_DIR"/*.h5
+ for f in "$SRC_DIR"/*.h5
+ for f in "$SRC_DIR"/*.h5
+ for f in "$SRC_DIR"/*.h5
+ for f in "$SRC_DIR"/*.h5
+ for f in "$SRC_DIR"/*.h5
+ for f in "$SRC_DIR"/*.h5
+ for f in "$SRC_DIR"/*.h5
+ for f in "$SRC_DIR"/*.h5
+ rsync -az /ocean/projects/cis240052p/pbhowal/2d_Representation_Hierarchical_Policy_Learning/Articubot_Data/one_object_4_point_sqrt_heatmap/2026-01-13-23-34-59.h5 /local/slurm-38431198/local/pbhowal/one_object_4_point_sqrt_heatmap/
+ rsync -az /ocean/projects/cis240052p/pbhowal/2d_Representation_Hierarchical_Policy_Learning/Articubot_Data/one_object_4_point_sqrt_heatmap/2026-01-13-23-36-32.h5 /local/slurm-38431198/local/pbhowal/one_object_4_point_sqrt_heatmap/
+ rsync -az /ocean/projects/cis240052p/pbhowal/2d_Representation_Hierarchical_Policy_Learning/Articubot_Data/one_object_4_point_sqrt_heatmap/2026-01-13-23-37-49.h5 /local/slurm-38431198/local/pbhowal/one_object_4_point_sqrt_heatmap/
+ rsync -az /ocean/projects/cis240052p/pbhowal/2d_Representation_Hierarchical_Policy_Learning/Articubot_Data/one_object_4_point_sqrt_heatmap/2026-01-13-23-39-29.h5 /local/slurm-38431198/local/pbhowal/one_object_4_point_sqrt_heatmap/
+ rsync -az /ocean/projects/cis240052p/pbhowal/2d_Representation_Hierarchical_Policy_Learning/Articubot_Data/one_object_4_point_sqrt_heatmap/2026-01-13-23-41-21.h5 /local/slurm-38431198/local/pbhowal/one_object_4_point_sqrt_heatmap/
+ rsync -az /ocean/projects/cis240052p/pbhowal/2d_Representation_Hierarchical_Policy_Learning/Articubot_Data/one_object_4_point_sqrt_heatmap/2026-01-13-23-43-00.h5 /local/slurm-38431198/local/pbhowal/one_object_4_point_sqrt_heatmap/
+ rsync -az /ocean/projects/cis240052p/pbhowal/2d_Representation_Hierarchical_Policy_Learning/Articubot_Data/one_object_4_point_sqrt_heatmap/2026-01-13-23-24-13.h5 /local/slurm-38431198/local/pbhowal/one_object_4_point_sqrt_heatmap/
+ rsync -az /ocean/projects/cis240052p/pbhowal/2d_Representation_Hierarchical_Policy_Learning/Articubot_Data/one_object_4_point_sqrt_heatmap/2026-01-13-23-44-35.h5 /local/slurm-38431198/local/pbhowal/one_object_4_point_sqrt_heatmap/
+ rsync -az /ocean/projects/cis240052p/pbhowal/2d_Representation_Hierarchical_Policy_Learning/Articubot_Data/one_object_4_point_sqrt_heatmap/2026-01-14-00-05-07.h5 /local/slurm-38431198/local/pbhowal/one_object_4_point_sqrt_heatmap/
+ rsync -az /ocean/projects/cis240052p/pbhowal/2d_Representation_Hierarchical_Policy_Learning/Articubot_Data/one_object_4_point_sqrt_heatmap/2026-01-13-23-58-49.h5 /local/slurm-38431198/local/pbhowal/one_object_4_point_sqrt_heatmap/
+ rsync -az /ocean/projects/cis240052p/pbhowal/2d_Representation_Hierarchical_Policy_Learning/Articubot_Data/one_object_4_point_sqrt_heatmap/2026-01-14-00-00-26.h5 /local/slurm-38431198/local/pbhowal/one_object_4_point_sqrt_heatmap/
+ rsync -az /ocean/projects/cis240052p/pbhowal/2d_Representation_Hierarchical_Policy_Learning/Articubot_Data/one_object_4_point_sqrt_heatmap/2026-01-14-00-01-59.h5 /local/slurm-38431198/local/pbhowal/one_object_4_point_sqrt_heatmap/
+ rsync -az /ocean/projects/cis240052p/pbhowal/2d_Representation_Hierarchical_Policy_Learning/Articubot_Data/one_object_4_point_sqrt_heatmap/2026-01-13-23-45-46.h5 /local/slurm-38431198/local/pbhowal/one_object_4_point_sqrt_heatmap/
+ rsync -az /ocean/projects/cis240052p/pbhowal/2d_Representation_Hierarchical_Policy_Learning/Articubot_Data/one_object_4_point_sqrt_heatmap/2026-01-13-23-52-16.h5 /local/slurm-38431198/local/pbhowal/one_object_4_point_sqrt_heatmap/
+ rsync -az /ocean/projects/cis240052p/pbhowal/2d_Representation_Hierarchical_Policy_Learning/Articubot_Data/one_object_4_point_sqrt_heatmap/2026-01-13-23-25-45.h5 /local/slurm-38431198/local/pbhowal/one_object_4_point_sqrt_heatmap/
+ rsync -az /ocean/projects/cis240052p/pbhowal/2d_Representation_Hierarchical_Policy_Learning/Articubot_Data/one_object_4_point_sqrt_heatmap/2026-01-13-23-27-56.h5 /local/slurm-38431198/local/pbhowal/one_object_4_point_sqrt_heatmap/
+ rsync -az /ocean/projects/cis240052p/pbhowal/2d_Representation_Hierarchical_Policy_Learning/Articubot_Data/one_object_4_point_sqrt_heatmap/2026-01-13-23-29-51.h5 /local/slurm-38431198/local/pbhowal/one_object_4_point_sqrt_heatmap/
+ rsync -az /ocean/projects/cis240052p/pbhowal/2d_Representation_Hierarchical_Policy_Learning/Articubot_Data/one_object_4_point_sqrt_heatmap/2026-01-13-23-31-37.h5 /local/slurm-38431198/local/pbhowal/one_object_4_point_sqrt_heatmap/
+ rsync -az /ocean/projects/cis240052p/pbhowal/2d_Representation_Hierarchical_Policy_Learning/Articubot_Data/one_object_4_point_sqrt_heatmap/2026-01-13-23-33-16.h5 /local/slurm-38431198/local/pbhowal/one_object_4_point_sqrt_heatmap/
+ rsync -az /ocean/projects/cis240052p/pbhowal/2d_Representation_Hierarchical_Policy_Learning/Articubot_Data/one_object_4_point_sqrt_heatmap/2026-01-13-23-57-17.h5 /local/slurm-38431198/local/pbhowal/one_object_4_point_sqrt_heatmap/
+ rsync -az /ocean/projects/cis240052p/pbhowal/2d_Representation_Hierarchical_Policy_Learning/Articubot_Data/one_object_4_point_sqrt_heatmap/2026-01-14-00-10-38.h5 /local/slurm-38431198/local/pbhowal/one_object_4_point_sqrt_heatmap/
+ rsync -az /ocean/projects/cis240052p/pbhowal/2d_Representation_Hierarchical_Policy_Learning/Articubot_Data/one_object_4_point_sqrt_heatmap/2026-01-14-00-06-08.h5 /local/slurm-38431198/local/pbhowal/one_object_4_point_sqrt_heatmap/
+ rsync -az /ocean/projects/cis240052p/pbhowal/2d_Representation_Hierarchical_Policy_Learning/Articubot_Data/one_object_4_point_sqrt_heatmap/2026-01-13-23-47-35.h5 /local/slurm-38431198/local/pbhowal/one_object_4_point_sqrt_heatmap/
+ rsync -az /ocean/projects/cis240052p/pbhowal/2d_Representation_Hierarchical_Policy_Learning/Articubot_Data/one_object_4_point_sqrt_heatmap/2026-01-13-23-49-11.h5 /local/slurm-38431198/local/pbhowal/one_object_4_point_sqrt_heatmap/
+ rsync -az /ocean/projects/cis240052p/pbhowal/2d_Representation_Hierarchical_Policy_Learning/Articubot_Data/one_object_4_point_sqrt_heatmap/2026-01-14-00-07-52.h5 /local/slurm-38431198/local/pbhowal/one_object_4_point_sqrt_heatmap/
+ rsync -az /ocean/projects/cis240052p/pbhowal/2d_Representation_Hierarchical_Policy_Learning/Articubot_Data/one_object_4_point_sqrt_heatmap/2026-01-13-23-50-39.h5 /local/slurm-38431198/local/pbhowal/one_object_4_point_sqrt_heatmap/
+ rsync -az /ocean/projects/cis240052p/pbhowal/2d_Representation_Hierarchical_Policy_Learning/Articubot_Data/one_object_4_point_sqrt_heatmap/2026-01-13-23-53-49.h5 /local/slurm-38431198/local/pbhowal/one_object_4_point_sqrt_heatmap/
+ rsync -az /ocean/projects/cis240052p/pbhowal/2d_Representation_Hierarchical_Policy_Learning/Articubot_Data/one_object_4_point_sqrt_heatmap/2026-01-14-00-13-49.h5 /local/slurm-38431198/local/pbhowal/one_object_4_point_sqrt_heatmap/
+ rsync -az /ocean/projects/cis240052p/pbhowal/2d_Representation_Hierarchical_Policy_Learning/Articubot_Data/one_object_4_point_sqrt_heatmap/2026-01-14-00-15-25.h5 /local/slurm-38431198/local/pbhowal/one_object_4_point_sqrt_heatmap/
+ rsync -az /ocean/projects/cis240052p/pbhowal/2d_Representation_Hierarchical_Policy_Learning/Articubot_Data/one_object_4_point_sqrt_heatmap/2026-01-14-00-17-02.h5 /local/slurm-38431198/local/pbhowal/one_object_4_point_sqrt_heatmap/
+ rsync -az /ocean/projects/cis240052p/pbhowal/2d_Representation_Hierarchical_Policy_Learning/Articubot_Data/one_object_4_point_sqrt_heatmap/2026-01-14-00-19-33.h5 /local/slurm-38431198/local/pbhowal/one_object_4_point_sqrt_heatmap/
+ rsync -az /ocean/projects/cis240052p/pbhowal/2d_Representation_Hierarchical_Policy_Learning/Articubot_Data/one_object_4_point_sqrt_heatmap/2026-01-14-00-03-33.h5 /local/slurm-38431198/local/pbhowal/one_object_4_point_sqrt_heatmap/
+ for f in "$SRC_DIR"/*.h5
+ for f in "$SRC_DIR"/*.h5
+ for f in "$SRC_DIR"/*.h5
+ for f in "$SRC_DIR"/*.h5
+ for f in "$SRC_DIR"/*.h5
+ for f in "$SRC_DIR"/*.h5
+ for f in "$SRC_DIR"/*.h5
+ for f in "$SRC_DIR"/*.h5
+ for f in "$SRC_DIR"/*.h5
+ for f in "$SRC_DIR"/*.h5
+ for f in "$SRC_DIR"/*.h5
+ for f in "$SRC_DIR"/*.h5
+ for f in "$SRC_DIR"/*.h5
+ for f in "$SRC_DIR"/*.h5
+ for f in "$SRC_DIR"/*.h5
+ for f in "$SRC_DIR"/*.h5
+ for f in "$SRC_DIR"/*.h5
+ for f in "$SRC_DIR"/*.h5
+ for f in "$SRC_DIR"/*.h5
+ for f in "$SRC_DIR"/*.h5
+ for f in "$SRC_DIR"/*.h5
+ for f in "$SRC_DIR"/*.h5
+ for f in "$SRC_DIR"/*.h5
+ for f in "$SRC_DIR"/*.h5
+ for f in "$SRC_DIR"/*.h5
+ for f in "$SRC_DIR"/*.h5
+ for f in "$SRC_DIR"/*.h5
+ for f in "$SRC_DIR"/*.h5
+ rsync -az /ocean/projects/cis240052p/pbhowal/2d_Representation_Hierarchical_Policy_Learning/Articubot_Data/one_object_4_point_sqrt_heatmap/2026-01-14-00-58-05.h5 /local/slurm-38431198/local/pbhowal/one_object_4_point_sqrt_heatmap/
+ rsync -az /ocean/projects/cis240052p/pbhowal/2d_Representation_Hierarchical_Policy_Learning/Articubot_Data/one_object_4_point_sqrt_heatmap/2026-01-14-00-27-25.h5 /local/slurm-38431198/local/pbhowal/one_object_4_point_sqrt_heatmap/
+ rsync -az /ocean/projects/cis240052p/pbhowal/2d_Representation_Hierarchical_Policy_Learning/Articubot_Data/one_object_4_point_sqrt_heatmap/2026-01-14-00-38-59.h5 /local/slurm-38431198/local/pbhowal/one_object_4_point_sqrt_heatmap/
+ rsync -az /ocean/projects/cis240052p/pbhowal/2d_Representation_Hierarchical_Policy_Learning/Articubot_Data/one_object_4_point_sqrt_heatmap/2026-01-14-01-00-42.h5 /local/slurm-38431198/local/pbhowal/one_object_4_point_sqrt_heatmap/
+ rsync -az /ocean/projects/cis240052p/pbhowal/2d_Representation_Hierarchical_Policy_Learning/Articubot_Data/one_object_4_point_sqrt_heatmap/2026-01-14-00-52-07.h5 /local/slurm-38431198/local/pbhowal/one_object_4_point_sqrt_heatmap/
+ rsync -az /ocean/projects/cis240052p/pbhowal/2d_Representation_Hierarchical_Policy_Learning/Articubot_Data/one_object_4_point_sqrt_heatmap/2026-01-14-00-53-40.h5 /local/slurm-38431198/local/pbhowal/one_object_4_point_sqrt_heatmap/
+ rsync -az /ocean/projects/cis240052p/pbhowal/2d_Representation_Hierarchical_Policy_Learning/Articubot_Data/one_object_4_point_sqrt_heatmap/2026-01-14-00-55-40.h5 /local/slurm-38431198/local/pbhowal/one_object_4_point_sqrt_heatmap/
+ rsync -az /ocean/projects/cis240052p/pbhowal/2d_Representation_Hierarchical_Policy_Learning/Articubot_Data/one_object_4_point_sqrt_heatmap/2026-01-14-00-57-09.h5 /local/slurm-38431198/local/pbhowal/one_object_4_point_sqrt_heatmap/
+ rsync -az /ocean/projects/cis240052p/pbhowal/2d_Representation_Hierarchical_Policy_Learning/Articubot_Data/one_object_4_point_sqrt_heatmap/2026-01-14-01-02-17.h5 /local/slurm-38431198/local/pbhowal/one_object_4_point_sqrt_heatmap/
+ rsync -az /ocean/projects/cis240052p/pbhowal/2d_Representation_Hierarchical_Policy_Learning/Articubot_Data/one_object_4_point_sqrt_heatmap/2026-01-14-00-45-47.h5 /local/slurm-38431198/local/pbhowal/one_object_4_point_sqrt_heatmap/
+ rsync -az /ocean/projects/cis240052p/pbhowal/2d_Representation_Hierarchical_Policy_Learning/Articubot_Data/one_object_4_point_sqrt_heatmap/2026-01-14-00-47-19.h5 /local/slurm-38431198/local/pbhowal/one_object_4_point_sqrt_heatmap/
+ rsync -az /ocean/projects/cis240052p/pbhowal/2d_Representation_Hierarchical_Policy_Learning/Articubot_Data/one_object_4_point_sqrt_heatmap/2026-01-14-00-30-06.h5 /local/slurm-38431198/local/pbhowal/one_object_4_point_sqrt_heatmap/
+ rsync -az /ocean/projects/cis240052p/pbhowal/2d_Representation_Hierarchical_Policy_Learning/Articubot_Data/one_object_4_point_sqrt_heatmap/2026-01-14-00-22-03.h5 /local/slurm-38431198/local/pbhowal/one_object_4_point_sqrt_heatmap/
+ rsync -az /ocean/projects/cis240052p/pbhowal/2d_Representation_Hierarchical_Policy_Learning/Articubot_Data/one_object_4_point_sqrt_heatmap/2026-01-14-00-40-36.h5 /local/slurm-38431198/local/pbhowal/one_object_4_point_sqrt_heatmap/
+ rsync -az /ocean/projects/cis240052p/pbhowal/2d_Representation_Hierarchical_Policy_Learning/Articubot_Data/one_object_4_point_sqrt_heatmap/2026-01-14-00-59-40.h5 /local/slurm-38431198/local/pbhowal/one_object_4_point_sqrt_heatmap/
+ rsync -az /ocean/projects/cis240052p/pbhowal/2d_Representation_Hierarchical_Policy_Learning/Articubot_Data/one_object_4_point_sqrt_heatmap/2026-01-14-00-23-32.h5 /local/slurm-38431198/local/pbhowal/one_object_4_point_sqrt_heatmap/
+ rsync -az /ocean/projects/cis240052p/pbhowal/2d_Representation_Hierarchical_Policy_Learning/Articubot_Data/one_object_4_point_sqrt_heatmap/2026-01-14-00-25-11.h5 /local/slurm-38431198/local/pbhowal/one_object_4_point_sqrt_heatmap/
+ rsync -az /ocean/projects/cis240052p/pbhowal/2d_Representation_Hierarchical_Policy_Learning/Articubot_Data/one_object_4_point_sqrt_heatmap/2026-01-14-00-32-42.h5 /local/slurm-38431198/local/pbhowal/one_object_4_point_sqrt_heatmap/
+ rsync -az /ocean/projects/cis240052p/pbhowal/2d_Representation_Hierarchical_Policy_Learning/Articubot_Data/one_object_4_point_sqrt_heatmap/2026-01-14-00-34-31.h5 /local/slurm-38431198/local/pbhowal/one_object_4_point_sqrt_heatmap/
+ rsync -az /ocean/projects/cis240052p/pbhowal/2d_Representation_Hierarchical_Policy_Learning/Articubot_Data/one_object_4_point_sqrt_heatmap/2026-01-14-00-38-02.h5 /local/slurm-38431198/local/pbhowal/one_object_4_point_sqrt_heatmap/
+ rsync -az /ocean/projects/cis240052p/pbhowal/2d_Representation_Hierarchical_Policy_Learning/Articubot_Data/one_object_4_point_sqrt_heatmap/2026-01-14-00-26-25.h5 /local/slurm-38431198/local/pbhowal/one_object_4_point_sqrt_heatmap/
+ rsync -az /ocean/projects/cis240052p/pbhowal/2d_Representation_Hierarchical_Policy_Learning/Articubot_Data/one_object_4_point_sqrt_heatmap/2026-01-14-00-42-10.h5 /local/slurm-38431198/local/pbhowal/one_object_4_point_sqrt_heatmap/
+ rsync -az /ocean/projects/cis240052p/pbhowal/2d_Representation_Hierarchical_Policy_Learning/Articubot_Data/one_object_4_point_sqrt_heatmap/2026-01-14-00-43-13.h5 /local/slurm-38431198/local/pbhowal/one_object_4_point_sqrt_heatmap/
+ rsync -az /ocean/projects/cis240052p/pbhowal/2d_Representation_Hierarchical_Policy_Learning/Articubot_Data/one_object_4_point_sqrt_heatmap/2026-01-14-00-36-12.h5 /local/slurm-38431198/local/pbhowal/one_object_4_point_sqrt_heatmap/
+ rsync -az /ocean/projects/cis240052p/pbhowal/2d_Representation_Hierarchical_Policy_Learning/Articubot_Data/one_object_4_point_sqrt_heatmap/2026-01-14-00-48-44.h5 /local/slurm-38431198/local/pbhowal/one_object_4_point_sqrt_heatmap/
+ rsync -az /ocean/projects/cis240052p/pbhowal/2d_Representation_Hierarchical_Policy_Learning/Articubot_Data/one_object_4_point_sqrt_heatmap/2026-01-14-00-49-36.h5 /local/slurm-38431198/local/pbhowal/one_object_4_point_sqrt_heatmap/
+ rsync -az /ocean/projects/cis240052p/pbhowal/2d_Representation_Hierarchical_Policy_Learning/Articubot_Data/one_object_4_point_sqrt_heatmap/2026-01-14-00-50-32.h5 /local/slurm-38431198/local/pbhowal/one_object_4_point_sqrt_heatmap/
+ rsync -az /ocean/projects/cis240052p/pbhowal/2d_Representation_Hierarchical_Policy_Learning/Articubot_Data/one_object_4_point_sqrt_heatmap/2026-01-14-01-03-47.h5 /local/slurm-38431198/local/pbhowal/one_object_4_point_sqrt_heatmap/
+ for f in "$SRC_DIR"/*.h5
+ for f in "$SRC_DIR"/*.h5
+ for f in "$SRC_DIR"/*.h5
+ for f in "$SRC_DIR"/*.h5
+ for f in "$SRC_DIR"/*.h5
+ for f in "$SRC_DIR"/*.h5
+ for f in "$SRC_DIR"/*.h5
+ for f in "$SRC_DIR"/*.h5
+ for f in "$SRC_DIR"/*.h5
+ for f in "$SRC_DIR"/*.h5
+ wait
+ rsync -az /ocean/projects/cis240052p/pbhowal/2d_Representation_Hierarchical_Policy_Learning/Articubot_Data/one_object_4_point_sqrt_heatmap/2026-01-14-01-17-17.h5 /local/slurm-38431198/local/pbhowal/one_object_4_point_sqrt_heatmap/
+ rsync -az /ocean/projects/cis240052p/pbhowal/2d_Representation_Hierarchical_Policy_Learning/Articubot_Data/one_object_4_point_sqrt_heatmap/2026-01-14-01-18-41.h5 /local/slurm-38431198/local/pbhowal/one_object_4_point_sqrt_heatmap/
+ rsync -az /ocean/projects/cis240052p/pbhowal/2d_Representation_Hierarchical_Policy_Learning/Articubot_Data/one_object_4_point_sqrt_heatmap/2026-01-14-01-19-54.h5 /local/slurm-38431198/local/pbhowal/one_object_4_point_sqrt_heatmap/
+ rsync -az /ocean/projects/cis240052p/pbhowal/2d_Representation_Hierarchical_Policy_Learning/Articubot_Data/one_object_4_point_sqrt_heatmap/2026-01-14-01-10-51.h5 /local/slurm-38431198/local/pbhowal/one_object_4_point_sqrt_heatmap/
+ rsync -az /ocean/projects/cis240052p/pbhowal/2d_Representation_Hierarchical_Policy_Learning/Articubot_Data/one_object_4_point_sqrt_heatmap/2026-01-14-01-12-21.h5 /local/slurm-38431198/local/pbhowal/one_object_4_point_sqrt_heatmap/
+ rsync -az /ocean/projects/cis240052p/pbhowal/2d_Representation_Hierarchical_Policy_Learning/Articubot_Data/one_object_4_point_sqrt_heatmap/2026-01-14-01-04-44.h5 /local/slurm-38431198/local/pbhowal/one_object_4_point_sqrt_heatmap/
+ rsync -az /ocean/projects/cis240052p/pbhowal/2d_Representation_Hierarchical_Policy_Learning/Articubot_Data/one_object_4_point_sqrt_heatmap/2026-01-14-01-07-07.h5 /local/slurm-38431198/local/pbhowal/one_object_4_point_sqrt_heatmap/
+ rsync -az /ocean/projects/cis240052p/pbhowal/2d_Representation_Hierarchical_Policy_Learning/Articubot_Data/one_object_4_point_sqrt_heatmap/2026-01-14-01-08-07.h5 /local/slurm-38431198/local/pbhowal/one_object_4_point_sqrt_heatmap/
+ rsync -az /ocean/projects/cis240052p/pbhowal/2d_Representation_Hierarchical_Policy_Learning/Articubot_Data/one_object_4_point_sqrt_heatmap/2026-01-14-01-09-12.h5 /local/slurm-38431198/local/pbhowal/one_object_4_point_sqrt_heatmap/
+ rsync -az /ocean/projects/cis240052p/pbhowal/2d_Representation_Hierarchical_Policy_Learning/Articubot_Data/one_object_4_point_sqrt_heatmap/2026-01-14-01-13-58.h5 /local/slurm-38431198/local/pbhowal/one_object_4_point_sqrt_heatmap/
+ echo 'Data copy done in 38s'
+ pixi run python diffusion_policy/train.py --config-name=train_flow_matching_dit_workspace.yaml task=rgb_heatmap_articubot_ghost task.dataset.data_dir=/local/slurm-38431198/local/pbhowal/one_object_4_point_sqrt_heatmap/ logging.name=groot_Dinov2_rgb_resnet_heatmap_cross_attention name=groot_Dinov2_rgb_resnet_heatmap_cross_attention dataloader.batch_size=40 visual_encoder=dinov2_rgb_resnet_heatmap policy.visual_encoder_cfg.add_cross_attention_mixing=true policy.visual_encoder_cfg.heatmap_channels=4 training.resume=true +training.resume_ckpt_path=/ocean/projects/cis240052p/pbhowal/2d_Representation_Hierarchical_Policy_Learning/2d_Representation_Hierarchical_Policy_Learning/Low_Level_and_Inference/outputs/groot_Dinov2_rgb_resnet_heatmap_cross_attention/checkpoints/latest.ckpt hydra.run.dir=outputs/groot_Dinov2_rgb_resnet_heatmap_cross_attention
+ pixi run python diffusion_policy/train.py --config-name=train_flow_matching_dit_workspace.yaml task=rgb_heatmap_articubot_ghost task.dataset.data_dir=/local/slurm-38431198/local/pbhowal/one_object_4_point_sqrt_heatmap/ logging.name=groot_Dinov2_rgb_resnet_heatmap_self_attention name=groot_Dinov2_rgb_resnet_heatmap_self_attention dataloader.batch_size=48 visual_encoder=dinov2_rgb_resnet_heatmap policy.visual_encoder_cfg.add_self_attention_mixing=true policy.visual_encoder_cfg.heatmap_channels=4 training.resume=true +training.resume_ckpt_path=/ocean/projects/cis240052p/pbhowal/2d_Representation_Hierarchical_Policy_Learning/2d_Representation_Hierarchical_Policy_Learning/Low_Level_and_Inference/outputs/groot_Dinov2_rgb_resnet_heatmap_self_attention/checkpoints/latest.ckpt hydra.run.dir=outputs/groot_Dinov2_rgb_resnet_heatmap_self_attention
+ wait
+ pixi run python diffusion_policy/train.py --config-name=train_flow_matching_dit_workspace.yaml task.dataset.data_dir=/local/slurm-38431198/local/pbhowal/one_object_4_point_sqrt_heatmap/ logging.name=groot_dinov2_baseline name=groot_dinov2_baseline dataloader.batch_size=32 visual_encoder=dinov2 training.resume=true +training.resume_ckpt_path=/ocean/projects/cis240052p/pbhowal/2d_Representation_Hierarchical_Policy_Learning/2d_Representation_Hierarchical_Policy_Learning/Low_Level_and_Inference/outputs/groot_dinov2_baseline/checkpoints/latest.ckpt hydra.run.dir=outputs/groot_dinov2_baseline
/ocean/projects/cis240052p/pbhowal/2d_Representation_Hierarchical_Policy_Learning/2d_Representation_Hierarchical_Policy_Learning/Low_Level_and_Inference/.pixi/envs/default/lib/python3.10/site-packages/_distutils_hack/__init__.py:53: UserWarning: Reliance on distutils from stdlib is deprecated. Users must rely on setuptools to provide the distutils module. Avoid importing distutils or import setuptools first, and avoid setting SETUPTOOLS_USE_DISTUTILS=stdlib. Register concerns at https://github.com/pypa/setuptools/issues/new?template=distutils-deprecation.yml
  warnings.warn(
/ocean/projects/cis240052p/pbhowal/2d_Representation_Hierarchical_Policy_Learning/2d_Representation_Hierarchical_Policy_Learning/Low_Level_and_Inference/.pixi/envs/default/lib/python3.10/site-packages/_distutils_hack/__init__.py:53: UserWarning: Reliance on distutils from stdlib is deprecated. Users must rely on setuptools to provide the distutils module. Avoid importing distutils or import setuptools first, and avoid setting SETUPTOOLS_USE_DISTUTILS=stdlib. Register concerns at https://github.com/pypa/setuptools/issues/new?template=distutils-deprecation.yml
  warnings.warn(
/ocean/projects/cis240052p/pbhowal/2d_Representation_Hierarchical_Policy_Learning/2d_Representation_Hierarchical_Policy_Learning/Low_Level_and_Inference/.pixi/envs/default/lib/python3.10/site-packages/_distutils_hack/__init__.py:53: UserWarning: Reliance on distutils from stdlib is deprecated. Users must rely on setuptools to provide the distutils module. Avoid importing distutils or import setuptools first, and avoid setting SETUPTOOLS_USE_DISTUTILS=stdlib. Register concerns at https://github.com/pypa/setuptools/issues/new?template=distutils-deprecation.yml
  warnings.warn(
/ocean/projects/cis240052p/pbhowal/2d_Representation_Hierarchical_Policy_Learning/2d_Representation_Hierarchical_Policy_Learning/Low_Level_and_Inference/diffusion_policy/diffusion_policy/model/flow_matching/cross_attention_dit.py:249: FutureWarning: Accessing config attribute `output_dim` directly via 'DiT' object attribute is deprecated. Please access 'output_dim' over 'DiT's config object instead, e.g. 'unet.config.output_dim'.
  self.proj_out_2 = nn.Linear(self.inner_dim, self.output_dim)
/ocean/projects/cis240052p/pbhowal/2d_Representation_Hierarchical_Policy_Learning/2d_Representation_Hierarchical_Policy_Learning/Low_Level_and_Inference/diffusion_policy/diffusion_policy/model/flow_matching/cross_attention_dit.py:249: FutureWarning: Accessing config attribute `output_dim` directly via 'DiT' object attribute is deprecated. Please access 'output_dim' over 'DiT's config object instead, e.g. 'unet.config.output_dim'.
  self.proj_out_2 = nn.Linear(self.inner_dim, self.output_dim)
/ocean/projects/cis240052p/pbhowal/2d_Representation_Hierarchical_Policy_Learning/2d_Representation_Hierarchical_Policy_Learning/Low_Level_and_Inference/diffusion_policy/diffusion_policy/model/flow_matching/cross_attention_dit.py:249: FutureWarning: Accessing config attribute `output_dim` directly via 'DiT' object attribute is deprecated. Please access 'output_dim' over 'DiT's config object instead, e.g. 'unet.config.output_dim'.
  self.proj_out_2 = nn.Linear(self.inner_dim, self.output_dim)
pybullet build time: Sep  3 2024 12:51:57
pybullet build time: Sep  3 2024 12:51:57
pybullet build time: Sep  3 2024 12:51:57
Loading metadata from HDF5 files:   0%|          | 0/989 [00:00<?, ?it/s]Loading metadata from HDF5 files:   0%|          | 0/989 [00:00<?, ?it/s]Loading metadata from HDF5 files:   0%|          | 0/989 [00:00<?, ?it/s]Loading metadata from HDF5 files:   0%|          | 1/989 [00:01<26:16,  1.60s/it]Loading metadata from HDF5 files:   0%|          | 1/989 [00:01<26:16,  1.60s/it]Loading metadata from HDF5 files:   0%|          | 1/989 [00:01<26:16,  1.60s/it]Loading metadata from HDF5 files:  38%|███▊      | 380/989 [00:01<00:01, 312.02it/s]Loading metadata from HDF5 files:  35%|███▌      | 349/989 [00:01<00:02, 286.53it/s]Loading metadata from HDF5 files:  35%|███▌      | 349/989 [00:01<00:02, 286.54it/s]Loading metadata from HDF5 files:  77%|███████▋  | 765/989 [00:01<00:00, 683.57it/s]Loading metadata from HDF5 files:  71%|███████   | 699/989 [00:01<00:00, 623.98it/s]Loading metadata from HDF5 files:  71%|███████   | 699/989 [00:01<00:00, 623.96it/s]Loading metadata from HDF5 files: 100%|██████████| 989/989 [00:01<00:00, 533.34it/s]
Loading metadata from HDF5 files: 100%|██████████| 989/989 [00:01<00:00, 526.15it/s]Loading metadata from HDF5 files: 100%|██████████| 989/989 [00:01<00:00, 526.14it/s]

wandb: [wandb.login()] Loaded credentials for https://api.wandb.ai from /jet/home/pbhowal/.netrc.
wandb: [wandb.login()] Loaded credentials for https://api.wandb.ai from /jet/home/pbhowal/.netrc.
wandb: [wandb.login()] Loaded credentials for https://api.wandb.ai from /jet/home/pbhowal/.netrc.
wandb: Currently logged in as: pbhowal (pbhowal-carnegie-mellon-university) to https://api.wandb.ai. Use `wandb login --relogin` to force relogin
wandb: Currently logged in as: pbhowal (pbhowal-carnegie-mellon-university) to https://api.wandb.ai. Use `wandb login --relogin` to force relogin
wandb: Currently logged in as: pbhowal (pbhowal-carnegie-mellon-university) to https://api.wandb.ai. Use `wandb login --relogin` to force relogin
wandb: Tracking run with wandb version 0.24.0
wandb: Run data is saved locally in /ocean/projects/cis240052p/pbhowal/2d_Representation_Hierarchical_Policy_Learning/2d_Representation_Hierarchical_Policy_Learning/Low_Level_and_Inference/outputs/groot_dinov2_baseline/wandb/run-20260404_015350-sw57ixbk
wandb: Run `wandb offline` to turn off syncing.
wandb: Syncing run groot_dinov2_baseline
wandb: ⭐️ View project at https://wandb.ai/pbhowal-carnegie-mellon-university/diffusion_policy
wandb: 🚀 View run at https://wandb.ai/pbhowal-carnegie-mellon-university/diffusion_policy/runs/sw57ixbk
wandb: Tracking run with wandb version 0.24.0
wandb: Run data is saved locally in /ocean/projects/cis240052p/pbhowal/2d_Representation_Hierarchical_Policy_Learning/2d_Representation_Hierarchical_Policy_Learning/Low_Level_and_Inference/outputs/groot_Dinov2_rgb_resnet_heatmap_cross_attention/wandb/run-20260404_015350-2046ewl5
wandb: Run `wandb offline` to turn off syncing.
wandb: Syncing run groot_Dinov2_rgb_resnet_heatmap_cross_attention
wandb: ⭐️ View project at https://wandb.ai/pbhowal-carnegie-mellon-university/diffusion_policy
wandb: 🚀 View run at https://wandb.ai/pbhowal-carnegie-mellon-university/diffusion_policy/runs/2046ewl5
wandb: setting up run o1aes225
wandb: Tracking run with wandb version 0.24.0
wandb: Run data is saved locally in /ocean/projects/cis240052p/pbhowal/2d_Representation_Hierarchical_Policy_Learning/2d_Representation_Hierarchical_Policy_Learning/Low_Level_and_Inference/outputs/groot_Dinov2_rgb_resnet_heatmap_self_attention/wandb/run-20260404_015350-o1aes225
wandb: Run `wandb offline` to turn off syncing.
wandb: Syncing run groot_Dinov2_rgb_resnet_heatmap_self_attention
wandb: ⭐️ View project at https://wandb.ai/pbhowal-carnegie-mellon-university/diffusion_policy
wandb: 🚀 View run at https://wandb.ai/pbhowal-carnegie-mellon-university/diffusion_policy/runs/o1aes225
Training epoch 50:   0%|          | 0/3140 [00:00<?, ?it/s]Training epoch 20:   0%|          | 0/2094 [00:00<?, ?it/s]Training epoch 20:   0%|          | 0/2512 [00:00<?, ?it/s]Training epoch 50:   0%|          | 1/3140 [00:25<22:18:04, 25.58s/it, loss=0.527]Training epoch 50:   0%|          | 4/3140 [00:26<4:27:50,  5.12s/it, loss=0.141] Training epoch 20:   0%|          | 1/2094 [00:27<16:00:03, 27.52s/it, loss=0.308]Training epoch 20:   0%|          | 1/2512 [00:27<19:07:39, 27.42s/it, loss=0.405]Training epoch 50:   0%|          | 7/3140 [00:27<2:14:37,  2.58s/it, loss=0.125]Training epoch 20:   0%|          | 2/2512 [00:29<8:51:50, 12.71s/it, loss=0.235] Training epoch 20:   0%|          | 2/2094 [00:30<7:30:34, 12.92s/it, loss=0.342] Training epoch 50:   0%|          | 10/3140 [00:31<1:43:03,  1.98s/it, loss=0.0844]Training epoch 20:   0%|          | 3/2512 [00:32<5:34:02,  7.99s/it, loss=0.266]Training epoch 20:   0%|          | 3/2094 [00:33<4:50:37,  8.34s/it, loss=0.231]Training epoch 50:   0%|          | 12/3140 [00:33<1:30:45,  1.74s/it, loss=0.0691]Training epoch 20:   0%|          | 4/2512 [00:34<4:01:14,  5.77s/it, loss=0.152]Training epoch 20:   0%|          | 4/2094 [00:35<3:35:02,  6.17s/it, loss=0.158]Training epoch 50:   0%|          | 14/3140 [00:36<1:22:30,  1.58s/it, loss=0.0648]Training epoch 20:   0%|          | 5/2512 [00:36<3:10:14,  4.55s/it, loss=0.128]Training epoch 50:   1%|          | 16/3140 [00:38<1:16:20,  1.47s/it, loss=0.0845]Training epoch 20:   0%|          | 5/2094 [00:38<2:52:36,  4.96s/it, loss=0.0851]Training epoch 20:   0%|          | 6/2512 [00:39<2:39:27,  3.82s/it, loss=0.0853]Training epoch 50:   1%|          | 18/3140 [00:40<1:11:46,  1.38s/it, loss=0.06]  Training epoch 20:   0%|          | 6/2094 [00:41<2:28:01,  4.25s/it, loss=0.181] Training epoch 20:   0%|          | 7/2512 [00:41<2:19:42,  3.35s/it, loss=0.0929]Training epoch 50:   1%|          | 20/3140 [00:43<1:08:33,  1.32s/it, loss=0.0909]Training epoch 50:   1%|          | 21/3140 [00:44<1:08:10,  1.31s/it, loss=0.0695]Training epoch 20:   0%|          | 8/2512 [00:44<2:07:50,  3.06s/it, loss=0.137] Training epoch 20:   0%|          | 7/2094 [00:44<2:11:08,  3.77s/it, loss=0.201]Training epoch 50:   1%|          | 22/3140 [00:45<1:05:34,  1.26s/it, loss=0.0679]Training epoch 50:   1%|          | 23/3140 [00:46<1:05:26,  1.26s/it, loss=0.0415]Training epoch 20:   0%|          | 9/2512 [00:46<2:01:41,  2.92s/it, loss=0.175]Training epoch 20:   0%|          | 8/2094 [00:47<1:59:37,  3.44s/it, loss=0.133]Training epoch 50:   1%|          | 25/3140 [00:48<1:02:04,  1.20s/it, loss=0.0713]Training epoch 20:   0%|          | 10/2512 [00:49<1:54:37,  2.75s/it, loss=0.154]Training epoch 50:   1%|          | 26/3140 [00:50<1:02:04,  1.20s/it, loss=0.0511]Training epoch 20:   0%|          | 9/2094 [00:50<1:56:25,  3.35s/it, loss=0.108]Training epoch 50:   1%|          | 27/3140 [00:51<59:42,  1.15s/it, loss=0.0639]  Training epoch 20:   0%|          | 11/2512 [00:51<1:47:33,  2.58s/it, loss=0.105]Training epoch 50:   1%|          | 28/3140 [00:52<59:53,  1.15s/it, loss=0.0533]Training epoch 20:   0%|          | 10/2094 [00:53<1:51:22,  3.21s/it, loss=0.0748]Training epoch 50:   1%|          | 29/3140 [00:53<1:00:03,  1.16s/it, loss=0.033]Training epoch 20:   0%|          | 12/2512 [00:53<1:45:22,  2.53s/it, loss=0.0652]Training epoch 50:   1%|          | 30/3140 [00:54<1:00:12,  1.16s/it, loss=0.048]Training epoch 50:   1%|          | 31/3140 [00:55<1:01:26,  1.19s/it, loss=0.0557]Training epoch 20:   1%|          | 11/2094 [00:56<1:47:13,  3.09s/it, loss=0.0722]Training epoch 20:   1%|          | 13/2512 [00:56<1:43:27,  2.48s/it, loss=0.0675]Training epoch 50:   1%|          | 32/3140 [00:57<1:00:30,  1.17s/it, loss=0.0513]Training epoch 50:   1%|          | 33/3140 [00:58<1:01:15,  1.18s/it, loss=0.0377]Training epoch 20:   1%|          | 14/2512 [00:58<1:42:59,  2.47s/it, loss=0.111] Training epoch 20:   1%|          | 12/2094 [00:58<1:44:31,  3.01s/it, loss=0.0649]Training epoch 50:   1%|          | 34/3140 [00:59<1:00:17,  1.16s/it, loss=0.0344]Training epoch 50:   1%|          | 35/3140 [01:00<1:01:03,  1.18s/it, loss=0.0271]Training epoch 20:   1%|          | 15/2512 [01:00<1:41:41,  2.44s/it, loss=0.0844]Training epoch 50:   1%|          | 36/3140 [01:01<1:01:30,  1.19s/it, loss=0.031] Training epoch 20:   1%|          | 13/2094 [01:01<1:42:51,  2.97s/it, loss=0.0689]Training epoch 50:   1%|          | 37/3140 [01:02<1:01:10,  1.18s/it, loss=0.0329]Training epoch 20:   1%|          | 16/2512 [01:03<1:40:40,  2.42s/it, loss=0.0582]Training epoch 50:   1%|          | 38/3140 [01:04<1:01:16,  1.19s/it, loss=0.0364]Training epoch 20:   1%|          | 14/2094 [01:04<1:41:04,  2.92s/it, loss=0.0568]Training epoch 50:   1%|          | 39/3140 [01:05<1:01:02,  1.18s/it, loss=0.0378]Training epoch 20:   1%|          | 17/2512 [01:05<1:40:03,  2.41s/it, loss=0.23]  Training epoch 50:   1%|▏         | 40/3140 [01:06<1:00:55,  1.18s/it, loss=0.0229]Training epoch 20:   1%|          | 15/2094 [01:07<1:40:43,  2.91s/it, loss=0.0858]Training epoch 50:   1%|▏         | 41/3140 [01:07<1:00:49,  1.18s/it, loss=0.0314]Training epoch 20:   1%|          | 18/2512 [01:08<1:40:03,  2.41s/it, loss=0.118]Training epoch 50:   1%|▏         | 42/3140 [01:08<1:00:42,  1.18s/it, loss=0.0355]Training epoch 50:   1%|▏         | 43/3140 [01:10<1:01:52,  1.20s/it, loss=0.038] Training epoch 20:   1%|          | 16/2094 [01:10<1:39:44,  2.88s/it, loss=0.0825]Training epoch 20:   1%|          | 19/2512 [01:10<1:39:39,  2.40s/it, loss=0.087]Training epoch 50:   1%|▏         | 44/3140 [01:11<1:00:42,  1.18s/it, loss=0.0285]Training epoch 50:   1%|▏         | 45/3140 [01:12<1:01:21,  1.19s/it, loss=0.0192]Training epoch 20:   1%|          | 17/2094 [01:13<1:39:48,  2.88s/it, loss=0.0574]Training epoch 20:   1%|          | 20/2512 [01:12<1:40:20,  2.42s/it, loss=0.106]Training epoch 50:   1%|▏         | 46/3140 [01:13<1:02:13,  1.21s/it, loss=0.0336]Training epoch 50:   1%|▏         | 47/3140 [01:14<1:02:24,  1.21s/it, loss=0.0198]Training epoch 20:   1%|          | 21/2512 [01:15<1:39:04,  2.39s/it, loss=0.1]  Training epoch 20:   1%|          | 18/2094 [01:15<1:38:19,  2.84s/it, loss=0.055] Training epoch 50:   2%|▏         | 48/3140 [01:16<1:01:31,  1.19s/it, loss=0.0396]Training epoch 50:   2%|▏         | 49/3140 [01:17<1:01:30,  1.19s/it, loss=0.0217]Training epoch 20:   1%|          | 22/2512 [01:17<1:38:54,  2.38s/it, loss=0.0804]Training epoch 50:   2%|▏         | 50/3140 [01:18<1:01:41,  1.20s/it, loss=0.0188]Training epoch 20:   1%|          | 19/2094 [01:18<1:37:59,  2.83s/it, loss=0.0781]Training epoch 50:   2%|▏         | 51/3140 [01:19<1:01:17,  1.19s/it, loss=0.0286]Training epoch 20:   1%|          | 23/2512 [01:20<1:38:46,  2.38s/it, loss=0.0704]Training epoch 50:   2%|▏         | 52/3140 [01:20<1:01:02,  1.19s/it, loss=0.0189]Training epoch 20:   1%|          | 20/2094 [01:21<1:38:10,  2.84s/it, loss=0.0706]Training epoch 50:   2%|▏         | 53/3140 [01:21<1:00:45,  1.18s/it, loss=0.0294]Training epoch 20:   1%|          | 24/2512 [01:22<1:39:06,  2.39s/it, loss=0.0496]Training epoch 50:   2%|▏         | 54/3140 [01:23<1:00:39,  1.18s/it, loss=0.0312]Training epoch 50:   2%|▏         | 55/3140 [01:24<1:01:45,  1.20s/it, loss=0.0218]Training epoch 20:   1%|          | 21/2094 [01:24<1:38:18,  2.85s/it, loss=0.0417]Training epoch 20:   1%|          | 25/2512 [01:24<1:38:50,  2.38s/it, loss=0.0472]Training epoch 50:   2%|▏         | 56/3140 [01:25<1:00:29,  1.18s/it, loss=0.0171]Training epoch 50:   2%|▏         | 57/3140 [01:26<1:01:07,  1.19s/it, loss=0.0264]Training epoch 20:   1%|          | 22/2094 [01:27<1:38:23,  2.85s/it, loss=0.0442]Training epoch 20:   1%|          | 26/2512 [01:27<1:38:59,  2.39s/it, loss=0.0617]Training epoch 50:   2%|▏         | 58/3140 [01:27<1:00:00,  1.17s/it, loss=0.0279]Training epoch 50:   2%|▏         | 59/3140 [01:29<1:00:46,  1.18s/it, loss=0.0176]Training epoch 20:   1%|          | 27/2512 [01:29<1:39:41,  2.41s/it, loss=0.055] Training epoch 20:   1%|          | 23/2094 [01:30<1:37:54,  2.84s/it, loss=0.042] Training epoch 50:   2%|▏         | 60/3140 [01:30<1:00:23,  1.18s/it, loss=0.0146]Training epoch 50:   2%|▏         | 61/3140 [01:31<1:00:34,  1.18s/it, loss=0.0307]Training epoch 20:   1%|          | 28/2512 [01:32<1:39:16,  2.40s/it, loss=0.0507]Training epoch 50:   2%|▏         | 62/3140 [01:32<1:00:53,  1.19s/it, loss=0.0365]Training epoch 20:   1%|          | 24/2094 [01:32<1:37:37,  2.83s/it, loss=0.0487]Training epoch 50:   2%|▏         | 63/3140 [01:33<1:00:40,  1.18s/it, loss=0.0252]Training epoch 20:   1%|          | 29/2512 [01:34<1:38:58,  2.39s/it, loss=0.0473]Training epoch 50:   2%|▏         | 64/3140 [01:35<1:00:32,  1.18s/it, loss=0.0192]Training epoch 20:   1%|          | 25/2094 [01:35<1:37:52,  2.84s/it, loss=0.0484]Training epoch 50:   2%|▏         | 65/3140 [01:36<1:00:20,  1.18s/it, loss=0.0239]Training epoch 20:   1%|          | 30/2512 [01:36<1:38:49,  2.39s/it, loss=0.0343]Training epoch 50:   2%|▏         | 66/3140 [01:37<1:00:15,  1.18s/it, loss=0.0273]Training epoch 50:   2%|▏         | 67/3140 [01:38<1:01:19,  1.20s/it, loss=0.0271]Training epoch 20:   1%|          | 26/2094 [01:38<1:37:56,  2.84s/it, loss=0.0424]Training epoch 20:   1%|          | 31/2512 [01:39<1:39:00,  2.39s/it, loss=0.0375]Training epoch 50:   2%|▏         | 68/3140 [01:39<1:00:16,  1.18s/it, loss=0.0246]Training epoch 50:   2%|▏         | 69/3140 [01:40<1:00:54,  1.19s/it, loss=0.0215]Training epoch 20:   1%|▏         | 27/2094 [01:41<1:38:07,  2.85s/it, loss=0.0398]Training epoch 20:   1%|▏         | 32/2512 [01:41<1:38:44,  2.39s/it, loss=0.0441]Training epoch 50:   2%|▏         | 70/3140 [01:42<59:52,  1.17s/it, loss=0.0222]  Training epoch 50:   2%|▏         | 71/3140 [01:43<1:00:32,  1.18s/it, loss=0.0253]Training epoch 20:   1%|▏         | 33/2512 [01:44<1:39:34,  2.41s/it, loss=0.042] Training epoch 20:   1%|▏         | 28/2094 [01:44<1:38:04,  2.85s/it, loss=0.0345]Training epoch 50:   2%|▏         | 72/3140 [01:44<1:00:16,  1.18s/it, loss=0.0187]Training epoch 50:   2%|▏         | 73/3140 [01:45<1:00:18,  1.18s/it, loss=0.0265]Training epoch 20:   1%|▏         | 34/2512 [01:46<1:39:01,  2.40s/it, loss=0.0432]Training epoch 50:   2%|▏         | 74/3140 [01:46<1:00:42,  1.19s/it, loss=0.0315]Training epoch 20:   1%|▏         | 29/2094 [01:47<1:37:23,  2.83s/it, loss=0.0421]Training epoch 50:   2%|▏         | 75/3140 [01:48<1:00:27,  1.18s/it, loss=0.0299]Training epoch 20:   1%|▏         | 35/2512 [01:48<1:38:38,  2.39s/it, loss=0.035] Training epoch 50:   2%|▏         | 76/3140 [01:49<1:00:26,  1.18s/it, loss=0.0267]Training epoch 20:   1%|▏         | 30/2094 [01:49<1:37:40,  2.84s/it, loss=0.0374]Training epoch 50:   2%|▏         | 77/3140 [01:50<1:00:07,  1.18s/it, loss=0.0189]Training epoch 20:   1%|▏         | 36/2512 [01:51<1:38:24,  2.38s/it, loss=0.033]Training epoch 50:   2%|▏         | 78/3140 [01:51<1:00:17,  1.18s/it, loss=0.0216]Training epoch 50:   3%|▎         | 79/3140 [01:52<1:01:11,  1.20s/it, loss=0.0272]Training epoch 20:   1%|▏         | 31/2094 [01:52<1:37:39,  2.84s/it, loss=0.0331]Training epoch 20:   1%|▏         | 37/2512 [01:53<1:38:30,  2.39s/it, loss=0.0493]Training epoch 50:   3%|▎         | 80/3140 [01:53<1:00:20,  1.18s/it, loss=0.0198]Training epoch 50:   3%|▎         | 81/3140 [01:55<1:00:34,  1.19s/it, loss=0.0238]Training epoch 20:   2%|▏         | 32/2094 [01:55<1:37:51,  2.85s/it, loss=0.0471]Training epoch 20:   2%|▏         | 38/2512 [01:55<1:38:13,  2.38s/it, loss=0.0305]Training epoch 50:   3%|▎         | 82/3140 [01:56<1:00:05,  1.18s/it, loss=0.0285]Training epoch 50:   3%|▎         | 83/3140 [01:57<1:00:20,  1.18s/it, loss=0.0235]Training epoch 20:   2%|▏         | 39/2512 [01:58<1:39:02,  2.40s/it, loss=0.0237]Training epoch 20:   2%|▏         | 33/2094 [01:58<1:38:11,  2.86s/it, loss=0.0392]Training epoch 50:   3%|▎         | 84/3140 [01:58<1:00:31,  1.19s/it, loss=0.0221]Training epoch 50:   3%|▎         | 85/3140 [01:59<1:01:00,  1.20s/it, loss=0.0184]Training epoch 20:   2%|▏         | 40/2512 [02:00<1:38:18,  2.39s/it, loss=0.0264]Training epoch 50:   3%|▎         | 86/3140 [02:01<1:01:15,  1.20s/it, loss=0.0247]Training epoch 20:   2%|▏         | 34/2094 [02:01<1:36:31,  2.81s/it, loss=0.0279]Training epoch 50:   3%|▎         | 87/3140 [02:02<1:00:39,  1.19s/it, loss=0.0208]Training epoch 20:   2%|▏         | 41/2512 [02:03<1:38:04,  2.38s/it, loss=0.0271]Training epoch 50:   3%|▎         | 88/3140 [02:03<1:00:37,  1.19s/it, loss=0.0183]Training epoch 20:   2%|▏         | 35/2094 [02:04<1:37:16,  2.83s/it, loss=0.0197]Training epoch 50:   3%|▎         | 89/3140 [02:04<1:00:06,  1.18s/it, loss=0.017] Training epoch 20:   2%|▏         | 42/2512 [02:05<1:37:54,  2.38s/it, loss=0.0524]Training epoch 50:   3%|▎         | 90/3140 [02:05<1:00:19,  1.19s/it, loss=0.0131]Training epoch 50:   3%|▎         | 91/3140 [02:07<1:00:55,  1.20s/it, loss=0.0115]Training epoch 20:   2%|▏         | 36/2094 [02:06<1:37:24,  2.84s/it, loss=0.0307]Training epoch 20:   2%|▏         | 43/2512 [02:07<1:38:07,  2.38s/it, loss=0.0342]Training epoch 50:   3%|▎         | 92/3140 [02:08<1:00:14,  1.19s/it, loss=0.0137]Training epoch 50:   3%|▎         | 93/3140 [02:09<1:01:15,  1.21s/it, loss=0.00941]Training epoch 20:   2%|▏         | 37/2094 [02:09<1:36:55,  2.83s/it, loss=0.0234]Training epoch 20:   2%|▏         | 44/2512 [02:10<1:37:36,  2.37s/it, loss=0.0263]Training epoch 50:   3%|▎         | 94/3140 [02:10<1:00:11,  1.19s/it, loss=0.0174] Training epoch 50:   3%|▎         | 95/3140 [02:11<1:00:37,  1.19s/it, loss=0.0227]Training epoch 20:   2%|▏         | 38/2094 [02:12<1:37:28,  2.84s/it, loss=0.0415]Training epoch 20:   2%|▏         | 45/2512 [02:12<1:37:55,  2.38s/it, loss=0.0191]Training epoch 50:   3%|▎         | 96/3140 [02:12<59:49,  1.18s/it, loss=0.0184]  Training epoch 50:   3%|▎         | 97/3140 [02:14<1:00:06,  1.19s/it, loss=0.0221]Training epoch 20:   2%|▏         | 46/2512 [02:15<1:38:36,  2.40s/it, loss=0.0165]Training epoch 50:   3%|▎         | 98/3140 [02:15<1:00:54,  1.20s/it, loss=0.0248]Training epoch 20:   2%|▏         | 39/2094 [02:15<1:36:24,  2.81s/it, loss=0.0553]Training epoch 50:   3%|▎         | 99/3140 [02:16<59:58,  1.18s/it, loss=0.0124]  Training epoch 20:   2%|▏         | 47/2512 [02:17<1:38:06,  2.39s/it, loss=0.0188]Training epoch 50:   3%|▎         | 100/3140 [02:17<1:00:24,  1.19s/it, loss=0.0104]Training epoch 20:   2%|▏         | 40/2094 [02:18<1:36:59,  2.83s/it, loss=0.0263]Training epoch 50:   3%|▎         | 101/3140 [02:18<59:37,  1.18s/it, loss=0.0224]  Training epoch 20:   2%|▏         | 48/2512 [02:19<1:37:50,  2.38s/it, loss=0.019] Training epoch 50:   3%|▎         | 102/3140 [02:20<1:00:10,  1.19s/it, loss=0.0172]Training epoch 20:   2%|▏         | 41/2094 [02:21<1:36:56,  2.83s/it, loss=0.0293]Training epoch 50:   3%|▎         | 103/3140 [02:21<1:00:27,  1.19s/it, loss=0.0129]Training epoch 20:   2%|▏         | 49/2512 [02:22<1:37:32,  2.38s/it, loss=0.0238]Training epoch 50:   3%|▎         | 104/3140 [02:22<1:00:10,  1.19s/it, loss=0.0145]Training epoch 50:   3%|▎         | 105/3140 [02:23<1:00:49,  1.20s/it, loss=0.0168]Training epoch 20:   2%|▏         | 42/2094 [02:23<1:36:34,  2.82s/it, loss=0.0219]Training epoch 20:   2%|▏         | 50/2512 [02:24<1:37:51,  2.38s/it, loss=0.0596]Training epoch 50:   3%|▎         | 106/3140 [02:24<1:00:10,  1.19s/it, loss=0.0142]Training epoch 50:   3%|▎         | 107/3140 [02:26<1:00:07,  1.19s/it, loss=0.00828]Training epoch 20:   2%|▏         | 43/2094 [02:26<1:37:10,  2.84s/it, loss=0.022] Training epoch 20:   2%|▏         | 51/2512 [02:26<1:37:42,  2.38s/it, loss=0.0298]Training epoch 50:   3%|▎         | 108/3140 [02:27<59:47,  1.18s/it, loss=0.0163]   Training epoch 50:   3%|▎         | 109/3140 [02:28<59:42,  1.18s/it, loss=0.0142]Training epoch 20:   2%|▏         | 52/2512 [02:29<1:38:32,  2.40s/it, loss=0.0223]Training epoch 50:   4%|▎         | 110/3140 [02:29<1:00:50,  1.20s/it, loss=0.0167]Training epoch 20:   2%|▏         | 44/2094 [02:29<1:36:56,  2.84s/it, loss=0.0263]Training epoch 50:   4%|▎         | 111/3140 [02:30<59:03,  1.17s/it, loss=0.021]   Training epoch 20:   2%|▏         | 53/2512 [02:31<1:37:39,  2.38s/it, loss=0.0263]Training epoch 50:   4%|▎         | 112/3140 [02:32<59:56,  1.19s/it, loss=0.0176]Training epoch 20:   2%|▏         | 45/2094 [02:32<1:37:11,  2.85s/it, loss=0.0246]Training epoch 50:   4%|▎         | 113/3140 [02:33<58:53,  1.17s/it, loss=0.0117]Training epoch 20:   2%|▏         | 54/2512 [02:34<1:37:32,  2.38s/it, loss=0.0184]Training epoch 50:   4%|▎         | 114/3140 [02:34<59:58,  1.19s/it, loss=0.016] Training epoch 20:   2%|▏         | 46/2094 [02:35<1:37:09,  2.85s/it, loss=0.0243]Training epoch 50:   4%|▎         | 115/3140 [02:35<59:21,  1.18s/it, loss=0.0106]Training epoch 20:   2%|▏         | 55/2512 [02:36<1:37:21,  2.38s/it, loss=0.0164]Training epoch 50:   4%|▎         | 116/3140 [02:36<59:50,  1.19s/it, loss=0.00984]Training epoch 50:   4%|▎         | 117/3140 [02:37<59:51,  1.19s/it, loss=0.00905]Training epoch 20:   2%|▏         | 47/2094 [02:38<1:36:44,  2.84s/it, loss=0.024] Training epoch 50:   4%|▍         | 118/3140 [02:39<59:59,  1.19s/it, loss=0.0204] Training epoch 20:   2%|▏         | 56/2512 [02:38<1:37:41,  2.39s/it, loss=0.021] Training epoch 50:   4%|▍         | 119/3140 [02:40<59:10,  1.18s/it, loss=0.011] Training epoch 20:   2%|▏         | 48/2094 [02:41<1:37:09,  2.85s/it, loss=0.0261]Training epoch 50:   4%|▍         | 120/3140 [02:41<59:41,  1.19s/it, loss=0.0133]Training epoch 20:   2%|▏         | 57/2512 [02:41<1:37:31,  2.38s/it, loss=0.0147]Training epoch 50:   4%|▍         | 121/3140 [02:42<58:51,  1.17s/it, loss=0.0162]Training epoch 50:   4%|▍         | 122/3140 [02:43<1:00:33,  1.20s/it, loss=0.0131]Training epoch 20:   2%|▏         | 58/2512 [02:43<1:38:17,  2.40s/it, loss=0.0187]Training epoch 20:   2%|▏         | 49/2094 [02:43<1:36:58,  2.85s/it, loss=0.0349]Training epoch 50:   4%|▍         | 123/3140 [02:44<57:52,  1.15s/it, loss=0.0103]  Training epoch 50:   4%|▍         | 124/3140 [02:46<59:03,  1.17s/it, loss=0.0113]Training epoch 20:   2%|▏         | 59/2512 [02:46<1:37:55,  2.40s/it, loss=0.0191]Training epoch 20:   2%|▏         | 50/2094 [02:46<1:36:45,  2.84s/it, loss=0.0207]Training epoch 50:   4%|▍         | 125/3140 [02:47<58:15,  1.16s/it, loss=0.0107]Training epoch 50:   4%|▍         | 126/3140 [02:48<59:08,  1.18s/it, loss=0.00736]Training epoch 20:   2%|▏         | 60/2512 [02:48<1:37:36,  2.39s/it, loss=0.0197]Training epoch 20:   2%|▏         | 51/2094 [02:49<1:37:11,  2.85s/it, loss=0.0172]Training epoch 50:   4%|▍         | 127/3140 [02:49<59:30,  1.19s/it, loss=0.0108] Training epoch 50:   4%|▍         | 128/3140 [02:50<59:31,  1.19s/it, loss=0.0101]Training epoch 20:   2%|▏         | 61/2512 [02:50<1:36:32,  2.36s/it, loss=0.00939]Training epoch 50:   4%|▍         | 129/3140 [02:52<59:21,  1.18s/it, loss=0.0124]Training epoch 20:   2%|▏         | 52/2094 [02:52<1:36:48,  2.84s/it, loss=0.0202]Training epoch 50:   4%|▍         | 130/3140 [02:53<59:30,  1.19s/it, loss=0.00833]Training epoch 20:   2%|▏         | 62/2512 [02:53<1:37:04,  2.38s/it, loss=0.0176] Training epoch 50:   4%|▍         | 131/3140 [02:54<59:10,  1.18s/it, loss=0.00795]Training epoch 20:   3%|▎         | 53/2094 [02:55<1:37:09,  2.86s/it, loss=0.0181]Training epoch 50:   4%|▍         | 132/3140 [02:55<59:09,  1.18s/it, loss=0.0112] Training epoch 20:   3%|▎         | 63/2512 [02:55<1:37:01,  2.38s/it, loss=0.0189]Training epoch 50:   4%|▍         | 133/3140 [02:56<59:00,  1.18s/it, loss=0.00899]Training epoch 50:   4%|▍         | 134/3140 [02:58<1:00:06,  1.20s/it, loss=0.0333]Training epoch 20:   3%|▎         | 54/2094 [02:58<1:36:43,  2.85s/it, loss=0.0145]Training epoch 20:   3%|▎         | 64/2512 [02:57<1:37:51,  2.40s/it, loss=0.0197]Training epoch 50:   4%|▍         | 135/3140 [02:59<58:46,  1.17s/it, loss=0.0124]  Training epoch 50:   4%|▍         | 136/3140 [03:00<59:22,  1.19s/it, loss=0.00716]Training epoch 20:   3%|▎         | 65/2512 [03:00<1:37:52,  2.40s/it, loss=0.0151]Training epoch 20:   3%|▎         | 55/2094 [03:00<1:36:15,  2.83s/it, loss=0.0298]Training epoch 50:   4%|▍         | 137/3140 [03:01<58:25,  1.17s/it, loss=0.0176] Training epoch 50:   4%|▍         | 138/3140 [03:02<59:11,  1.18s/it, loss=0.0187]Training epoch 20:   3%|▎         | 66/2512 [03:02<1:37:33,  2.39s/it, loss=0.0125]Training epoch 50:   4%|▍         | 139/3140 [03:03<59:26,  1.19s/it, loss=0.0187]Training epoch 20:   3%|▎         | 56/2094 [03:03<1:36:45,  2.85s/it, loss=0.0287]Training epoch 50:   4%|▍         | 140/3140 [03:05<59:00,  1.18s/it, loss=0.0251]Training epoch 20:   3%|▎         | 67/2512 [03:05<1:37:11,  2.39s/it, loss=0.0124]Training epoch 50:   4%|▍         | 141/3140 [03:06<59:08,  1.18s/it, loss=0.011] Training epoch 20:   3%|▎         | 57/2094 [03:06<1:36:09,  2.83s/it, loss=0.0202]Training epoch 50:   5%|▍         | 142/3140 [03:07<58:58,  1.18s/it, loss=0.015]Training epoch 20:   3%|▎         | 68/2512 [03:07<1:37:26,  2.39s/it, loss=0.0246]Training epoch 50:   5%|▍         | 143/3140 [03:08<58:53,  1.18s/it, loss=0.0155]Training epoch 20:   3%|▎         | 58/2094 [03:09<1:36:39,  2.85s/it, loss=0.0247]Training epoch 50:   5%|▍         | 144/3140 [03:09<58:51,  1.18s/it, loss=0.00867]Training epoch 20:   3%|▎         | 69/2512 [03:09<1:37:10,  2.39s/it, loss=0.0142]Training epoch 50:   5%|▍         | 145/3140 [03:10<58:43,  1.18s/it, loss=0.00923]Training epoch 50:   5%|▍         | 146/3140 [03:12<59:45,  1.20s/it, loss=0.00945]Training epoch 20:   3%|▎         | 59/2094 [03:12<1:36:16,  2.84s/it, loss=0.0238]Training epoch 20:   3%|▎         | 70/2512 [03:12<1:37:03,  2.38s/it, loss=0.01]  Training epoch 50:   5%|▍         | 147/3140 [03:13<58:38,  1.18s/it, loss=0.0136] Training epoch 50:   5%|▍         | 148/3140 [03:14<59:12,  1.19s/it, loss=0.0178]Training epoch 20:   3%|▎         | 71/2512 [03:14<1:37:55,  2.41s/it, loss=0.0152]Training epoch 20:   3%|▎         | 60/2094 [03:15<1:35:57,  2.83s/it, loss=0.0756]Training epoch 50:   5%|▍         | 149/3140 [03:15<58:15,  1.17s/it, loss=0.0163]Training epoch 50:   5%|▍         | 150/3140 [03:16<58:59,  1.18s/it, loss=0.0114]Training epoch 20:   3%|▎         | 72/2512 [03:17<1:37:31,  2.40s/it, loss=0.00573]Training epoch 50:   5%|▍         | 151/3140 [03:18<59:14,  1.19s/it, loss=0.0257]Training epoch 20:   3%|▎         | 61/2094 [03:17<1:36:26,  2.85s/it, loss=0.0402]Training epoch 50:   5%|▍         | 152/3140 [03:19<58:51,  1.18s/it, loss=0.0115]Training epoch 20:   3%|▎         | 73/2512 [03:19<1:37:04,  2.39s/it, loss=0.00934]Training epoch 50:   5%|▍         | 153/3140 [03:20<58:54,  1.18s/it, loss=0.0284]Training epoch 20:   3%|▎         | 62/2094 [03:20<1:35:53,  2.83s/it, loss=0.0232]Training epoch 50:   5%|▍         | 154/3140 [03:21<58:48,  1.18s/it, loss=0.00953]Training epoch 20:   3%|▎         | 74/2512 [03:21<1:36:53,  2.38s/it, loss=0.00847]Training epoch 50:   5%|▍         | 155/3140 [03:22<58:41,  1.18s/it, loss=0.02]   Training epoch 20:   3%|▎         | 63/2094 [03:23<1:36:24,  2.85s/it, loss=0.0307]Training epoch 50:   5%|▍         | 156/3140 [03:23<58:34,  1.18s/it, loss=0.0167]Training epoch 20:   3%|▎         | 75/2512 [03:24<1:37:07,  2.39s/it, loss=0.0189] Training epoch 50:   5%|▌         | 157/3140 [03:25<58:26,  1.18s/it, loss=0.0113]Training epoch 50:   5%|▌         | 158/3140 [03:26<59:33,  1.20s/it, loss=0.0134]Training epoch 20:   3%|▎         | 64/2094 [03:26<1:36:01,  2.84s/it, loss=0.0306]Training epoch 20:   3%|▎         | 76/2512 [03:26<1:36:50,  2.39s/it, loss=0.0117]Training epoch 50:   5%|▌         | 159/3140 [03:27<58:29,  1.18s/it, loss=0.0136]Training epoch 50:   5%|▌         | 160/3140 [03:28<59:05,  1.19s/it, loss=0.0107]Training epoch 20:   3%|▎         | 77/2512 [03:29<1:37:42,  2.41s/it, loss=0.0199]Training epoch 20:   3%|▎         | 65/2094 [03:29<1:36:06,  2.84s/it, loss=0.0479]Training epoch 50:   5%|▌         | 161/3140 [03:29<58:01,  1.17s/it, loss=0.0181]Training epoch 50:   5%|▌         | 162/3140 [03:31<58:46,  1.18s/it, loss=0.0111]Training epoch 20:   3%|▎         | 78/2512 [03:31<1:37:15,  2.40s/it, loss=0.0246]Training epoch 50:   5%|▌         | 163/3140 [03:32<59:06,  1.19s/it, loss=0.0133]Training epoch 20:   3%|▎         | 66/2094 [03:32<1:36:06,  2.84s/it, loss=0.0271]Training epoch 50:   5%|▌         | 164/3140 [03:33<58:42,  1.18s/it, loss=0.0246]Training epoch 20:   3%|▎         | 79/2512 [03:33<1:36:50,  2.39s/it, loss=0.00787]Training epoch 50:   5%|▌         | 165/3140 [03:34<58:39,  1.18s/it, loss=0.00583]Training epoch 20:   3%|▎         | 67/2094 [03:34<1:35:42,  2.83s/it, loss=0.0248]Training epoch 50:   5%|▌         | 166/3140 [03:35<58:30,  1.18s/it, loss=0.011]  Training epoch 20:   3%|▎         | 80/2512 [03:36<1:36:35,  2.38s/it, loss=0.022]  Training epoch 50:   5%|▌         | 167/3140 [03:36<58:20,  1.18s/it, loss=0.0148]Training epoch 20:   3%|▎         | 68/2094 [03:37<1:36:13,  2.85s/it, loss=0.0498]Training epoch 50:   5%|▌         | 168/3140 [03:38<58:21,  1.18s/it, loss=0.0151]Training epoch 20:   3%|▎         | 81/2512 [03:38<1:36:51,  2.39s/it, loss=0.0236]Training epoch 50:   5%|▌         | 169/3140 [03:39<58:11,  1.18s/it, loss=0.0138]Training epoch 50:   5%|▌         | 170/3140 [03:40<59:14,  1.20s/it, loss=0.00993]Training epoch 20:   3%|▎         | 69/2094 [03:40<1:35:49,  2.84s/it, loss=0.0297]Training epoch 20:   3%|▎         | 82/2512 [03:40<1:36:41,  2.39s/it, loss=0.0152]Training epoch 50:   5%|▌         | 171/3140 [03:41<58:08,  1.17s/it, loss=0.0111] Training epoch 50:   5%|▌         | 172/3140 [03:42<58:47,  1.19s/it, loss=0.0104]Training epoch 20:   3%|▎         | 70/2094 [03:43<1:36:16,  2.85s/it, loss=0.0238]Training epoch 20:   3%|▎         | 83/2512 [03:43<1:37:22,  2.41s/it, loss=0.0147]Training epoch 50:   6%|▌         | 173/3140 [03:44<57:38,  1.17s/it, loss=0.0137]Training epoch 50:   6%|▌         | 174/3140 [03:45<58:21,  1.18s/it, loss=0.00948]Training epoch 20:   3%|▎         | 84/2512 [03:45<1:37:19,  2.41s/it, loss=0.0105]Training epoch 50:   6%|▌         | 175/3140 [03:46<58:44,  1.19s/it, loss=0.011]  Training epoch 20:   3%|▎         | 71/2094 [03:46<1:35:36,  2.84s/it, loss=0.03]  Training epoch 50:   6%|▌         | 176/3140 [03:47<58:21,  1.18s/it, loss=0.0304]Training epoch 20:   3%|▎         | 85/2512 [03:48<1:36:45,  2.39s/it, loss=0.0201]Training epoch 50:   6%|▌         | 177/3140 [03:48<58:16,  1.18s/it, loss=0.0146]Training epoch 20:   3%|▎         | 72/2094 [03:49<1:35:44,  2.84s/it, loss=0.0309]Training epoch 50:   6%|▌         | 178/3140 [03:49<58:05,  1.18s/it, loss=0.0104]Training epoch 20:   3%|▎         | 86/2512 [03:50<1:36:29,  2.39s/it, loss=0.0128]Training epoch 50:   6%|▌         | 179/3140 [03:51<57:59,  1.18s/it, loss=0.0146]Training epoch 20:   3%|▎         | 73/2094 [03:52<1:35:53,  2.85s/it, loss=0.0227]Training epoch 50:   6%|▌         | 180/3140 [03:52<58:17,  1.18s/it, loss=0.00918]Training epoch 20:   3%|▎         | 87/2512 [03:52<1:36:42,  2.39s/it, loss=0.0223]Training epoch 50:   6%|▌         | 181/3140 [03:53<57:50,  1.17s/it, loss=0.0102] Training epoch 50:   6%|▌         | 182/3140 [03:54<58:55,  1.20s/it, loss=0.00945]Training epoch 20:   4%|▎         | 74/2094 [03:54<1:35:32,  2.84s/it, loss=0.0241]Training epoch 20:   4%|▎         | 88/2512 [03:55<1:36:27,  2.39s/it, loss=0.0156]Training epoch 50:   6%|▌         | 183/3140 [03:55<57:52,  1.17s/it, loss=0.0158] Training epoch 50:   6%|▌         | 184/3140 [03:57<58:31,  1.19s/it, loss=0.0147]Training epoch 20:   4%|▎         | 75/2094 [03:57<1:36:01,  2.85s/it, loss=0.0209]Training epoch 20:   4%|▎         | 89/2512 [03:57<1:36:33,  2.39s/it, loss=0.0146]Training epoch 50:   6%|▌         | 185/3140 [03:58<57:35,  1.17s/it, loss=0.021] Training epoch 50:   6%|▌         | 186/3140 [03:59<58:13,  1.18s/it, loss=0.018]Training epoch 20:   4%|▎         | 90/2512 [04:00<1:37:14,  2.41s/it, loss=0.0133]Training epoch 50:   6%|▌         | 187/3140 [04:00<58:47,  1.19s/it, loss=0.00791]Training epoch 20:   4%|▎         | 76/2094 [04:00<1:35:07,  2.83s/it, loss=0.0194]Training epoch 50:   6%|▌         | 188/3140 [04:01<58:10,  1.18s/it, loss=0.0064] Training epoch 20:   4%|▎         | 91/2512 [04:02<1:36:44,  2.40s/it, loss=0.0299]Training epoch 50:   6%|▌         | 189/3140 [04:02<58:23,  1.19s/it, loss=0.0143]Training epoch 20:   4%|▎         | 77/2094 [04:03<1:35:20,  2.84s/it, loss=0.0208]Training epoch 50:   6%|▌         | 190/3140 [04:04<57:49,  1.18s/it, loss=0.00928]Training epoch 20:   4%|▎         | 92/2512 [04:04<1:36:26,  2.39s/it, loss=0.0221]Training epoch 50:   6%|▌         | 191/3140 [04:05<58:15,  1.19s/it, loss=0.0125] Training epoch 20:   4%|▎         | 78/2094 [04:06<1:35:29,  2.84s/it, loss=0.0187]Training epoch 50:   6%|▌         | 192/3140 [04:06<57:59,  1.18s/it, loss=0.00934]Training epoch 20:   4%|▎         | 93/2512 [04:07<1:36:14,  2.39s/it, loss=0.0164]Training epoch 50:   6%|▌         | 193/3140 [04:07<58:09,  1.18s/it, loss=0.0087] Training epoch 50:   6%|▌         | 194/3140 [04:08<58:32,  1.19s/it, loss=0.0102]Training epoch 20:   4%|▍         | 79/2094 [04:09<1:35:05,  2.83s/it, loss=0.023] Training epoch 20:   4%|▎         | 94/2512 [04:09<1:36:28,  2.39s/it, loss=0.013] Training epoch 50:   6%|▌         | 195/3140 [04:10<58:18,  1.19s/it, loss=0.00944]Training epoch 50:   6%|▌         | 196/3140 [04:11<58:05,  1.18s/it, loss=0.00909]Training epoch 20:   4%|▍         | 80/2094 [04:11<1:35:34,  2.85s/it, loss=0.0199]Training epoch 20:   4%|▍         | 95/2512 [04:12<1:36:11,  2.39s/it, loss=0.0121]Training epoch 50:   6%|▋         | 197/3140 [04:12<58:04,  1.18s/it, loss=0.00787]Training epoch 50:   6%|▋         | 198/3140 [04:13<57:46,  1.18s/it, loss=0.00707]Training epoch 20:   4%|▍         | 96/2512 [04:14<1:36:57,  2.41s/it, loss=0.00994]Training epoch 50:   6%|▋         | 199/3140 [04:14<59:08,  1.21s/it, loss=0.00783]Training epoch 20:   4%|▍         | 81/2094 [04:14<1:35:21,  2.84s/it, loss=0.0153]Training epoch 50:   6%|▋         | 200/3140 [04:15<56:56,  1.16s/it, loss=0.00581]Training epoch 50:   6%|▋         | 201/3140 [04:17<58:08,  1.19s/it, loss=0.0111] Training epoch 20:   4%|▍         | 97/2512 [04:16<1:35:59,  2.38s/it, loss=0.0396] Training epoch 20:   4%|▍         | 82/2094 [04:17<1:35:36,  2.85s/it, loss=0.0158]Training epoch 50:   6%|▋         | 202/3140 [04:18<56:45,  1.16s/it, loss=0.00858]Training epoch 50:   6%|▋         | 203/3140 [04:19<58:06,  1.19s/it, loss=0.0083] Training epoch 20:   4%|▍         | 98/2512 [04:19<1:35:48,  2.38s/it, loss=0.00712]Training epoch 20:   4%|▍         | 83/2094 [04:20<1:35:31,  2.85s/it, loss=0.0212]Training epoch 50:   6%|▋         | 204/3140 [04:20<57:27,  1.17s/it, loss=0.0153]Training epoch 50:   7%|▋         | 205/3140 [04:21<57:49,  1.18s/it, loss=0.00662]Training epoch 20:   4%|▍         | 99/2512 [04:21<1:35:38,  2.38s/it, loss=0.00512]Training epoch 50:   7%|▋         | 206/3140 [04:23<57:43,  1.18s/it, loss=0.0122] Training epoch 20:   4%|▍         | 84/2094 [04:23<1:34:59,  2.84s/it, loss=0.0147]Training epoch 50:   7%|▋         | 207/3140 [04:24<58:06,  1.19s/it, loss=0.0108]Training epoch 20:   4%|▍         | 100/2512 [04:24<1:35:57,  2.39s/it, loss=0.0078]Training epoch 50:   7%|▋         | 208/3140 [04:25<57:16,  1.17s/it, loss=0.0165]Training epoch 20:   4%|▍         | 85/2094 [04:26<1:35:21,  2.85s/it, loss=0.026] Training epoch 50:   7%|▋         | 209/3140 [04:26<57:44,  1.18s/it, loss=0.00788]Training epoch 20:   4%|▍         | 101/2512 [04:26<1:35:45,  2.38s/it, loss=0.0186]Training epoch 50:   7%|▋         | 210/3140 [04:27<57:10,  1.17s/it, loss=0.0107] Training epoch 50:   7%|▋         | 211/3140 [04:29<58:41,  1.20s/it, loss=0.00572]Training epoch 20:   4%|▍         | 86/2094 [04:29<1:35:06,  2.84s/it, loss=0.0162]Training epoch 20:   4%|▍         | 102/2512 [04:28<1:36:30,  2.40s/it, loss=0.0169]Training epoch 50:   7%|▋         | 212/3140 [04:30<56:52,  1.17s/it, loss=0.0063] Training epoch 50:   7%|▋         | 213/3140 [04:31<57:38,  1.18s/it, loss=0.00632]Training epoch 20:   4%|▍         | 103/2512 [04:31<1:36:23,  2.40s/it, loss=0.00819]Training epoch 20:   4%|▍         | 87/2094 [04:31<1:34:41,  2.83s/it, loss=0.011] Training epoch 50:   7%|▋         | 214/3140 [04:32<56:48,  1.16s/it, loss=0.00684]Training epoch 50:   7%|▋         | 215/3140 [04:33<57:31,  1.18s/it, loss=0.0105] Training epoch 20:   4%|▍         | 104/2512 [04:33<1:36:05,  2.39s/it, loss=0.0145] Training epoch 20:   4%|▍         | 88/2094 [04:34<1:35:14,  2.85s/it, loss=0.0135]Training epoch 50:   7%|▋         | 216/3140 [04:34<57:46,  1.19s/it, loss=0.00612]Training epoch 50:   7%|▋         | 217/3140 [04:36<57:23,  1.18s/it, loss=0.00656]Training epoch 20:   4%|▍         | 105/2512 [04:36<1:35:43,  2.39s/it, loss=0.0194]Training epoch 50:   7%|▋         | 218/3140 [04:37<57:47,  1.19s/it, loss=0.00565]Training epoch 20:   4%|▍         | 89/2094 [04:37<1:34:29,  2.83s/it, loss=0.0146]Training epoch 50:   7%|▋         | 219/3140 [04:38<57:30,  1.18s/it, loss=0.00752]Training epoch 20:   4%|▍         | 106/2512 [04:38<1:35:58,  2.39s/it, loss=0.0109]Training epoch 50:   7%|▋         | 220/3140 [04:39<57:20,  1.18s/it, loss=0.0098] Training epoch 20:   4%|▍         | 90/2094 [04:40<1:35:05,  2.85s/it, loss=0.0131]Training epoch 50:   7%|▋         | 221/3140 [04:40<57:14,  1.18s/it, loss=0.0123]Training epoch 20:   4%|▍         | 107/2512 [04:40<1:35:44,  2.39s/it, loss=0.0106]Training epoch 50:   7%|▋         | 222/3140 [04:41<57:08,  1.18s/it, loss=0.00976]Training epoch 50:   7%|▋         | 223/3140 [04:43<58:14,  1.20s/it, loss=0.0121] Training epoch 20:   4%|▍         | 91/2094 [04:43<1:34:43,  2.84s/it, loss=0.016] Training epoch 20:   4%|▍         | 108/2512 [04:43<1:35:36,  2.39s/it, loss=0.00549]Training epoch 50:   7%|▋         | 224/3140 [04:44<57:05,  1.17s/it, loss=0.00707]Training epoch 50:   7%|▋         | 225/3140 [04:45<57:38,  1.19s/it, loss=0.00837]Training epoch 20:   4%|▍         | 109/2512 [04:45<1:36:26,  2.41s/it, loss=0.00735]Training epoch 20:   4%|▍         | 92/2094 [04:46<1:34:25,  2.83s/it, loss=0.0153]Training epoch 50:   7%|▋         | 226/3140 [04:46<56:43,  1.17s/it, loss=0.0155] Training epoch 50:   7%|▋         | 227/3140 [04:47<57:23,  1.18s/it, loss=0.00997]Training epoch 20:   4%|▍         | 110/2512 [04:48<1:36:04,  2.40s/it, loss=0.00942]Training epoch 20:   4%|▍         | 93/2094 [04:48<1:34:58,  2.85s/it, loss=0.0179]Training epoch 50:   7%|▋         | 228/3140 [04:49<57:36,  1.19s/it, loss=0.00447]Training epoch 50:   7%|▋         | 229/3140 [04:50<57:10,  1.18s/it, loss=0.00669]Training epoch 20:   4%|▍         | 111/2512 [04:50<1:35:41,  2.39s/it, loss=0.0157] Training epoch 50:   7%|▋         | 230/3140 [04:51<57:35,  1.19s/it, loss=0.0121] Training epoch 20:   4%|▍         | 94/2094 [04:51<1:34:14,  2.83s/it, loss=0.0131]Training epoch 50:   7%|▋         | 231/3140 [04:52<57:21,  1.18s/it, loss=0.0109]Training epoch 20:   4%|▍         | 112/2512 [04:52<1:35:28,  2.39s/it, loss=0.00914]Training epoch 50:   7%|▋         | 232/3140 [04:53<57:09,  1.18s/it, loss=0.0122]Training epoch 20:   5%|▍         | 95/2094 [04:54<1:34:49,  2.85s/it, loss=0.0118]Training epoch 50:   7%|▋         | 233/3140 [04:54<57:03,  1.18s/it, loss=0.00471]Training epoch 20:   4%|▍         | 113/2512 [04:55<1:35:42,  2.39s/it, loss=0.00852]Training epoch 50:   7%|▋         | 234/3140 [04:56<56:56,  1.18s/it, loss=0.00886]Training epoch 50:   7%|▋         | 235/3140 [04:57<58:01,  1.20s/it, loss=0.0105] Training epoch 20:   5%|▍         | 96/2094 [04:57<1:34:31,  2.84s/it, loss=0.0146]Training epoch 20:   5%|▍         | 114/2512 [04:57<1:35:27,  2.39s/it, loss=0.011]  Training epoch 50:   8%|▊         | 236/3140 [04:58<56:53,  1.18s/it, loss=0.0145]Training epoch 50:   8%|▊         | 237/3140 [04:59<57:30,  1.19s/it, loss=0.0149]Training epoch 20:   5%|▍         | 115/2512 [05:00<1:36:09,  2.41s/it, loss=0.00768]Training epoch 20:   5%|▍         | 97/2094 [05:00<1:34:37,  2.84s/it, loss=0.0176]Training epoch 50:   8%|▊         | 238/3140 [05:00<56:31,  1.17s/it, loss=0.00645]Training epoch 50:   8%|▊         | 239/3140 [05:02<57:10,  1.18s/it, loss=0.00737]Training epoch 20:   5%|▍         | 116/2512 [05:02<1:35:45,  2.40s/it, loss=0.00717]Training epoch 20:   5%|▍         | 98/2094 [05:03<1:34:40,  2.85s/it, loss=0.0217]Training epoch 50:   8%|▊         | 240/3140 [05:03<57:26,  1.19s/it, loss=0.0055] Training epoch 50:   8%|▊         | 241/3140 [05:04<57:03,  1.18s/it, loss=0.00753]Training epoch 20:   5%|▍         | 117/2512 [05:04<1:35:16,  2.39s/it, loss=0.0122] Training epoch 50:   8%|▊         | 242/3140 [05:05<57:17,  1.19s/it, loss=0.0108] Training epoch 20:   5%|▍         | 99/2094 [05:05<1:34:10,  2.83s/it, loss=0.0102]Training epoch 50:   8%|▊         | 243/3140 [05:06<57:01,  1.18s/it, loss=0.00808]Training epoch 20:   5%|▍         | 118/2512 [05:07<1:35:04,  2.38s/it, loss=0.013] Training epoch 50:   8%|▊         | 244/3140 [05:07<56:51,  1.18s/it, loss=0.00878]Training epoch 20:   5%|▍         | 100/2094 [05:08<1:34:38,  2.85s/it, loss=0.00897]Training epoch 50:   8%|▊         | 245/3140 [05:09<56:41,  1.18s/it, loss=0.00863]Training epoch 20:   5%|▍         | 119/2512 [05:09<1:35:23,  2.39s/it, loss=0.00898]Training epoch 50:   8%|▊         | 246/3140 [05:10<56:37,  1.17s/it, loss=0.0158] Training epoch 50:   8%|▊         | 247/3140 [05:11<57:43,  1.20s/it, loss=0.0104]Training epoch 20:   5%|▍         | 101/2094 [05:11<1:34:18,  2.84s/it, loss=0.00787]Training epoch 20:   5%|▍         | 120/2512 [05:11<1:35:10,  2.39s/it, loss=0.00587]Training epoch 50:   8%|▊         | 248/3140 [05:12<56:38,  1.18s/it, loss=0.00599]Training epoch 50:   8%|▊         | 249/3140 [05:13<57:12,  1.19s/it, loss=0.00525]Training epoch 20:   5%|▍         | 102/2094 [05:14<1:34:46,  2.85s/it, loss=0.0131] Training epoch 20:   5%|▍         | 121/2512 [05:14<1:35:51,  2.41s/it, loss=0.0105] Training epoch 50:   8%|▊         | 250/3140 [05:14<56:06,  1.17s/it, loss=0.00568]Training epoch 50:   8%|▊         | 251/3140 [05:16<56:52,  1.18s/it, loss=0.011]  Training epoch 20:   5%|▍         | 122/2512 [05:16<1:35:49,  2.41s/it, loss=0.0211]Training epoch 50:   8%|▊         | 252/3140 [05:17<57:13,  1.19s/it, loss=0.00595]Training epoch 20:   5%|▍         | 103/2094 [05:17<1:34:10,  2.84s/it, loss=0.0157]Training epoch 50:   8%|▊         | 253/3140 [05:18<56:51,  1.18s/it, loss=0.0122] Training epoch 20:   5%|▍         | 123/2512 [05:19<1:35:18,  2.39s/it, loss=0.0104]Training epoch 50:   8%|▊         | 254/3140 [05:19<56:52,  1.18s/it, loss=0.014] Training epoch 20:   5%|▍         | 104/2094 [05:20<1:34:01,  2.83s/it, loss=0.0142]Training epoch 50:   8%|▊         | 255/3140 [05:20<56:43,  1.18s/it, loss=0.0058]Training epoch 20:   5%|▍         | 124/2512 [05:21<1:35:03,  2.39s/it, loss=0.00928]Training epoch 50:   8%|▊         | 256/3140 [05:22<56:41,  1.18s/it, loss=0.0042]Training epoch 20:   5%|▌         | 105/2094 [05:22<1:34:10,  2.84s/it, loss=0.0225]Training epoch 50:   8%|▊         | 257/3140 [05:23<56:35,  1.18s/it, loss=0.0061]Training epoch 20:   5%|▍         | 125/2512 [05:23<1:35:14,  2.39s/it, loss=0.00766]Training epoch 50:   8%|▊         | 258/3140 [05:24<56:27,  1.18s/it, loss=0.0162]Training epoch 50:   8%|▊         | 259/3140 [05:25<57:28,  1.20s/it, loss=0.0109]Training epoch 20:   5%|▌         | 106/2094 [05:25<1:33:54,  2.83s/it, loss=0.0165]Training epoch 20:   5%|▌         | 126/2512 [05:26<1:35:02,  2.39s/it, loss=0.00834]Training epoch 50:   8%|▊         | 260/3140 [05:26<56:25,  1.18s/it, loss=0.00665]Training epoch 50:   8%|▊         | 261/3140 [05:28<57:01,  1.19s/it, loss=0.00784]Training epoch 20:   5%|▌         | 107/2094 [05:28<1:34:24,  2.85s/it, loss=0.0114]Training epoch 20:   5%|▌         | 127/2512 [05:28<1:34:54,  2.39s/it, loss=0.00898]Training epoch 50:   8%|▊         | 262/3140 [05:29<56:03,  1.17s/it, loss=0.0126] Training epoch 50:   8%|▊         | 263/3140 [05:30<56:42,  1.18s/it, loss=0.014] Training epoch 20:   5%|▌         | 128/2512 [05:31<1:35:43,  2.41s/it, loss=0.00963]Training epoch 50:   8%|▊         | 264/3140 [05:31<57:08,  1.19s/it, loss=0.00614]Training epoch 20:   5%|▌         | 108/2094 [05:31<1:33:52,  2.84s/it, loss=0.00961]Training epoch 50:   8%|▊         | 265/3140 [05:32<56:42,  1.18s/it, loss=0.0057] Training epoch 20:   5%|▌         | 129/2512 [05:33<1:35:05,  2.39s/it, loss=0.00943]Training epoch 50:   8%|▊         | 266/3140 [05:33<56:45,  1.18s/it, loss=0.0107]Training epoch 20:   5%|▌         | 109/2094 [05:34<1:33:43,  2.83s/it, loss=0.00991]Training epoch 50:   9%|▊         | 267/3140 [05:35<56:33,  1.18s/it, loss=0.0127]Training epoch 20:   5%|▌         | 130/2512 [05:35<1:34:47,  2.39s/it, loss=0.0174] Training epoch 50:   9%|▊         | 268/3140 [05:36<56:37,  1.18s/it, loss=0.00745]Training epoch 20:   5%|▌         | 110/2094 [05:37<1:33:52,  2.84s/it, loss=0.00917]Training epoch 50:   9%|▊         | 269/3140 [05:37<56:21,  1.18s/it, loss=0.0179] Training epoch 20:   5%|▌         | 131/2512 [05:38<1:34:35,  2.38s/it, loss=0.00898]Training epoch 50:   9%|▊         | 270/3140 [05:38<56:33,  1.18s/it, loss=0.00776]Training epoch 50:   9%|▊         | 271/3140 [05:39<57:20,  1.20s/it, loss=0.014]  Training epoch 20:   5%|▌         | 111/2094 [05:39<1:33:34,  2.83s/it, loss=0.0157] Training epoch 20:   5%|▌         | 132/2512 [05:40<1:34:49,  2.39s/it, loss=0.0185] Training epoch 50:   9%|▊         | 272/3140 [05:41<56:40,  1.19s/it, loss=0.0187]Training epoch 50:   9%|▊         | 273/3140 [05:42<56:46,  1.19s/it, loss=0.00878]Training epoch 20:   5%|▌         | 112/2094 [05:42<1:34:04,  2.85s/it, loss=0.0187]Training epoch 20:   5%|▌         | 133/2512 [05:43<1:34:35,  2.39s/it, loss=0.0131]Training epoch 50:   9%|▊         | 274/3140 [05:43<56:22,  1.18s/it, loss=0.0147] Training epoch 50:   9%|▉         | 275/3140 [05:44<56:26,  1.18s/it, loss=0.00748]Training epoch 20:   5%|▌         | 134/2512 [05:45<1:35:21,  2.41s/it, loss=0.00788]Training epoch 50:   9%|▉         | 276/3140 [05:45<57:28,  1.20s/it, loss=0.0177] Training epoch 20:   5%|▌         | 113/2094 [05:45<1:34:07,  2.85s/it, loss=0.0179]Training epoch 50:   9%|▉         | 277/3140 [05:46<56:48,  1.19s/it, loss=0.0195]Training epoch 20:   5%|▌         | 135/2512 [05:47<1:33:33,  2.36s/it, loss=0.0151] Training epoch 50:   9%|▉         | 278/3140 [05:48<56:55,  1.19s/it, loss=0.00953]Training epoch 20:   5%|▌         | 114/2094 [05:48<1:33:45,  2.84s/it, loss=0.0144]Training epoch 50:   9%|▉         | 279/3140 [05:49<56:32,  1.19s/it, loss=0.00707]Training epoch 20:   5%|▌         | 136/2512 [05:50<1:33:42,  2.37s/it, loss=0.00733]Training epoch 50:   9%|▉         | 280/3140 [05:50<56:27,  1.18s/it, loss=0.0084] Training epoch 20:   5%|▌         | 115/2094 [05:51<1:33:50,  2.85s/it, loss=0.00838]Training epoch 50:   9%|▉         | 281/3140 [05:51<56:11,  1.18s/it, loss=0.00773]Training epoch 20:   5%|▌         | 137/2512 [05:52<1:33:43,  2.37s/it, loss=0.0297] Training epoch 50:   9%|▉         | 282/3140 [05:52<56:19,  1.18s/it, loss=0.0109] Training epoch 50:   9%|▉         | 283/3140 [05:54<57:06,  1.20s/it, loss=0.00995]Training epoch 20:   6%|▌         | 116/2094 [05:54<1:33:31,  2.84s/it, loss=0.00776]Training epoch 20:   5%|▌         | 138/2512 [05:54<1:34:09,  2.38s/it, loss=0.0183]Training epoch 50:   9%|▉         | 284/3140 [05:55<56:22,  1.18s/it, loss=0.0113] Training epoch 50:   9%|▉         | 285/3140 [05:56<56:37,  1.19s/it, loss=0.0105]Training epoch 20:   6%|▌         | 117/2094 [05:57<1:33:56,  2.85s/it, loss=0.021]  Training epoch 20:   6%|▌         | 139/2512 [05:57<1:34:02,  2.38s/it, loss=0.0111]Training epoch 50:   9%|▉         | 286/3140 [05:57<56:07,  1.18s/it, loss=0.0102]Training epoch 50:   9%|▉         | 287/3140 [05:58<56:16,  1.18s/it, loss=0.0218]Training epoch 20:   6%|▌         | 140/2512 [05:59<1:34:54,  2.40s/it, loss=0.0109]Training epoch 20:   6%|▌         | 118/2094 [05:59<1:33:54,  2.85s/it, loss=0.0156]Training epoch 50:   9%|▉         | 288/3140 [06:00<57:03,  1.20s/it, loss=0.0135]Training epoch 50:   9%|▉         | 289/3140 [06:01<56:26,  1.19s/it, loss=0.00895]Training epoch 20:   6%|▌         | 141/2512 [06:02<1:33:24,  2.36s/it, loss=0.0109]Training epoch 50:   9%|▉         | 290/3140 [06:02<56:44,  1.19s/it, loss=0.00978]Training epoch 20:   6%|▌         | 119/2094 [06:02<1:33:28,  2.84s/it, loss=0.0135]Training epoch 50:   9%|▉         | 291/3140 [06:03<56:21,  1.19s/it, loss=0.0202] Training epoch 20:   6%|▌         | 142/2512 [06:04<1:33:30,  2.37s/it, loss=0.00788]Training epoch 50:   9%|▉         | 292/3140 [06:04<56:18,  1.19s/it, loss=0.0123]Training epoch 20:   6%|▌         | 120/2094 [06:05<1:33:32,  2.84s/it, loss=0.0146]Training epoch 50:   9%|▉         | 293/3140 [06:05<56:01,  1.18s/it, loss=0.0068]Training epoch 20:   6%|▌         | 143/2512 [06:06<1:33:33,  2.37s/it, loss=0.00514]Training epoch 50:   9%|▉         | 294/3140 [06:07<56:10,  1.18s/it, loss=0.0109]Training epoch 50:   9%|▉         | 295/3140 [06:08<57:00,  1.20s/it, loss=0.0114]Training epoch 20:   6%|▌         | 121/2094 [06:08<1:33:17,  2.84s/it, loss=0.00804]Training epoch 20:   6%|▌         | 144/2512 [06:09<1:33:50,  2.38s/it, loss=0.00958]Training epoch 50:   9%|▉         | 296/3140 [06:09<56:08,  1.18s/it, loss=0.0216]Training epoch 50:   9%|▉         | 297/3140 [06:10<56:23,  1.19s/it, loss=0.0108]Training epoch 20:   6%|▌         | 122/2094 [06:11<1:33:44,  2.85s/it, loss=0.018]  Training epoch 20:   6%|▌         | 145/2512 [06:11<1:33:44,  2.38s/it, loss=0.013]  Training epoch 50:   9%|▉         | 298/3140 [06:11<55:53,  1.18s/it, loss=0.00562]Training epoch 50:  10%|▉         | 299/3140 [06:13<56:06,  1.18s/it, loss=0.00528]Training epoch 20:   6%|▌         | 146/2512 [06:13<1:34:37,  2.40s/it, loss=0.00322]Training epoch 20:   6%|▌         | 123/2094 [06:14<1:33:47,  2.86s/it, loss=0.0127]Training epoch 50:  10%|▉         | 300/3140 [06:14<56:34,  1.20s/it, loss=0.0142] Training epoch 50:  10%|▉         | 301/3140 [06:15<56:31,  1.19s/it, loss=0.00825]Training epoch 20:   6%|▌         | 147/2512 [06:16<1:33:50,  2.38s/it, loss=0.0063] Training epoch 50:  10%|▉         | 302/3140 [06:16<56:48,  1.20s/it, loss=0.0195] Training epoch 20:   6%|▌         | 124/2094 [06:16<1:32:33,  2.82s/it, loss=0.00955]Training epoch 50:  10%|▉         | 303/3140 [06:17<56:16,  1.19s/it, loss=0.0113]Training epoch 20:   6%|▌         | 148/2512 [06:18<1:33:41,  2.38s/it, loss=0.00631]Training epoch 50:  10%|▉         | 304/3140 [06:19<56:16,  1.19s/it, loss=0.0135]Training epoch 20:   6%|▌         | 125/2094 [06:19<1:33:06,  2.84s/it, loss=0.0126] Training epoch 50:  10%|▉         | 305/3140 [06:20<55:46,  1.18s/it, loss=0.00784]Training epoch 20:   6%|▌         | 149/2512 [06:21<1:33:36,  2.38s/it, loss=0.0122] Training epoch 50:  10%|▉         | 306/3140 [06:21<56:00,  1.19s/it, loss=0.00648]Training epoch 50:  10%|▉         | 307/3140 [06:22<56:35,  1.20s/it, loss=0.011]  Training epoch 20:   6%|▌         | 126/2094 [06:22<1:33:03,  2.84s/it, loss=0.0125]Training epoch 20:   6%|▌         | 150/2512 [06:23<1:33:48,  2.38s/it, loss=0.00853]Training epoch 50:  10%|▉         | 308/3140 [06:23<55:57,  1.19s/it, loss=0.015]Training epoch 50:  10%|▉         | 309/3140 [06:25<56:04,  1.19s/it, loss=0.00819]Training epoch 20:   6%|▌         | 127/2094 [06:25<1:33:06,  2.84s/it, loss=0.0078]Training epoch 20:   6%|▌         | 151/2512 [06:25<1:33:28,  2.38s/it, loss=0.0122] Training epoch 50:  10%|▉         | 310/3140 [06:26<55:45,  1.18s/it, loss=0.0156] Training epoch 50:  10%|▉         | 311/3140 [06:27<55:52,  1.19s/it, loss=0.0288]Training epoch 20:   6%|▌         | 128/2094 [06:28<1:33:39,  2.86s/it, loss=0.0064]Training epoch 20:   6%|▌         | 152/2512 [06:28<1:34:11,  2.39s/it, loss=0.0086]Training epoch 50:  10%|▉         | 312/3140 [06:28<55:58,  1.19s/it, loss=0.00945]Training epoch 50:  10%|▉         | 313/3140 [06:29<56:10,  1.19s/it, loss=0.00742]Training epoch 20:   6%|▌         | 153/2512 [06:30<1:33:56,  2.39s/it, loss=0.00901]Training epoch 50:  10%|█         | 314/3140 [06:31<56:43,  1.20s/it, loss=0.0175] Training epoch 20:   6%|▌         | 129/2094 [06:31<1:32:01,  2.81s/it, loss=0.00657]Training epoch 50:  10%|█         | 315/3140 [06:32<55:55,  1.19s/it, loss=0.0139]Training epoch 20:   6%|▌         | 154/2512 [06:33<1:33:40,  2.38s/it, loss=0.0055] Training epoch 50:  10%|█         | 316/3140 [06:33<56:10,  1.19s/it, loss=0.011] Training epoch 20:   6%|▌         | 130/2094 [06:33<1:32:43,  2.83s/it, loss=0.015]  Training epoch 50:  10%|█         | 317/3140 [06:34<55:25,  1.18s/it, loss=0.0245]Training epoch 20:   6%|▌         | 155/2512 [06:35<1:33:32,  2.38s/it, loss=0.0069]Training epoch 50:  10%|█         | 318/3140 [06:35<55:55,  1.19s/it, loss=0.0106]Training epoch 20:   6%|▋         | 131/2094 [06:36<1:32:51,  2.84s/it, loss=0.0126]Training epoch 50:  10%|█         | 319/3140 [06:36<56:12,  1.20s/it, loss=0.0124]Training epoch 20:   6%|▌         | 156/2512 [06:37<1:33:35,  2.38s/it, loss=0.00523]Training epoch 50:  10%|█         | 320/3140 [06:38<55:47,  1.19s/it, loss=0.0128]Training epoch 50:  10%|█         | 321/3140 [06:39<56:25,  1.20s/it, loss=0.0116]Training epoch 20:   6%|▋         | 132/2094 [06:39<1:32:27,  2.83s/it, loss=0.011] Training epoch 20:   6%|▋         | 157/2512 [06:40<1:33:14,  2.38s/it, loss=0.0132] Training epoch 50:  10%|█         | 322/3140 [06:40<55:48,  1.19s/it, loss=0.00717]Training epoch 50:  10%|█         | 323/3140 [06:41<55:52,  1.19s/it, loss=0.0071] Training epoch 20:   6%|▋         | 133/2094 [06:42<1:32:58,  2.84s/it, loss=0.00936]Training epoch 20:   6%|▋         | 158/2512 [06:42<1:33:15,  2.38s/it, loss=0.00911]Training epoch 50:  10%|█         | 324/3140 [06:42<55:29,  1.18s/it, loss=0.0113]Training epoch 50:  10%|█         | 325/3140 [06:44<55:29,  1.18s/it, loss=0.0154]Training epoch 20:   6%|▋         | 159/2512 [06:44<1:34:07,  2.40s/it, loss=0.00753]Training epoch 50:  10%|█         | 326/3140 [06:45<56:28,  1.20s/it, loss=0.0059]Training epoch 20:   6%|▋         | 134/2094 [06:45<1:31:58,  2.82s/it, loss=0.011]  Training epoch 50:  10%|█         | 327/3140 [06:46<55:17,  1.18s/it, loss=0.0138]Training epoch 20:   6%|▋         | 160/2512 [06:47<1:33:40,  2.39s/it, loss=0.00413]Training epoch 50:  10%|█         | 328/3140 [06:47<55:58,  1.19s/it, loss=0.0138]Training epoch 20:   6%|▋         | 135/2094 [06:48<1:32:32,  2.83s/it, loss=0.0128]Training epoch 50:  10%|█         | 329/3140 [06:48<54:55,  1.17s/it, loss=0.00772]Training epoch 20:   6%|▋         | 161/2512 [06:49<1:33:28,  2.39s/it, loss=0.00779]Training epoch 50:  11%|█         | 330/3140 [06:49<55:47,  1.19s/it, loss=0.00437]Training epoch 20:   6%|▋         | 136/2094 [06:50<1:32:41,  2.84s/it, loss=0.0213]Training epoch 50:  11%|█         | 331/3140 [06:51<55:22,  1.18s/it, loss=0.00506]Training epoch 20:   6%|▋         | 162/2512 [06:52<1:33:15,  2.38s/it, loss=0.00905]Training epoch 50:  11%|█         | 332/3140 [06:52<55:34,  1.19s/it, loss=0.007]  Training epoch 50:  11%|█         | 333/3140 [06:53<55:30,  1.19s/it, loss=0.0165]Training epoch 20:   7%|▋         | 137/2094 [06:53<1:32:20,  2.83s/it, loss=0.0108]Training epoch 50:  11%|█         | 334/3140 [06:54<55:40,  1.19s/it, loss=0.0153]Training epoch 20:   6%|▋         | 163/2512 [06:54<1:33:33,  2.39s/it, loss=0.0153] Training epoch 50:  11%|█         | 335/3140 [06:55<54:54,  1.17s/it, loss=0.0118]Training epoch 20:   7%|▋         | 138/2094 [06:56<1:32:46,  2.85s/it, loss=0.0157]Training epoch 50:  11%|█         | 336/3140 [06:57<55:23,  1.19s/it, loss=0.00719]Training epoch 20:   7%|▋         | 164/2512 [06:56<1:33:20,  2.39s/it, loss=0.0107]Training epoch 50:  11%|█         | 337/3140 [06:58<54:36,  1.17s/it, loss=0.00679]Training epoch 50:  11%|█         | 338/3140 [06:59<56:11,  1.20s/it, loss=0.00923]Training epoch 20:   7%|▋         | 165/2512 [06:59<1:34:04,  2.41s/it, loss=0.0121]Training epoch 20:   7%|▋         | 139/2094 [06:59<1:32:27,  2.84s/it, loss=0.00752]Training epoch 50:  11%|█         | 339/3140 [07:00<53:51,  1.15s/it, loss=0.00772]Training epoch 50:  11%|█         | 340/3140 [07:01<54:58,  1.18s/it, loss=0.00966]Training epoch 20:   7%|▋         | 166/2512 [07:01<1:33:40,  2.40s/it, loss=0.00634]Training epoch 20:   7%|▋         | 140/2094 [07:02<1:32:20,  2.84s/it, loss=0.011]  Training epoch 50:  11%|█         | 341/3140 [07:02<54:12,  1.16s/it, loss=0.00791]Training epoch 50:  11%|█         | 342/3140 [07:04<55:05,  1.18s/it, loss=0.0156] Training epoch 20:   7%|▋         | 167/2512 [07:04<1:33:24,  2.39s/it, loss=0.00662]Training epoch 20:   7%|▋         | 141/2094 [07:05<1:32:45,  2.85s/it, loss=0.0127]Training epoch 50:  11%|█         | 343/3140 [07:05<55:19,  1.19s/it, loss=0.00633]Training epoch 50:  11%|█         | 344/3140 [07:06<55:23,  1.19s/it, loss=0.0158] Training epoch 20:   7%|▋         | 168/2512 [07:06<1:32:28,  2.37s/it, loss=0.00578]Training epoch 50:  11%|█         | 345/3140 [07:07<55:15,  1.19s/it, loss=0.00947]Training epoch 20:   7%|▋         | 142/2094 [07:08<1:32:16,  2.84s/it, loss=0.00958]Training epoch 50:  11%|█         | 346/3140 [07:08<55:27,  1.19s/it, loss=0.00573]Training epoch 20:   7%|▋         | 169/2512 [07:08<1:32:53,  2.38s/it, loss=0.00804]Training epoch 50:  11%|█         | 347/3140 [07:10<54:58,  1.18s/it, loss=0.00911]Training epoch 20:   7%|▋         | 143/2094 [07:10<1:32:39,  2.85s/it, loss=0.0111] Training epoch 50:  11%|█         | 348/3140 [07:11<55:02,  1.18s/it, loss=0.0101] Training epoch 20:   7%|▋         | 170/2512 [07:11<1:32:51,  2.38s/it, loss=0.00791]Training epoch 50:  11%|█         | 349/3140 [07:12<54:50,  1.18s/it, loss=0.0273]Training epoch 50:  11%|█         | 350/3140 [07:13<55:54,  1.20s/it, loss=0.0134]Training epoch 20:   7%|▋         | 144/2094 [07:13<1:32:22,  2.84s/it, loss=0.00724]Training epoch 20:   7%|▋         | 171/2512 [07:13<1:33:28,  2.40s/it, loss=0.00752]Training epoch 50:  11%|█         | 351/3140 [07:14<54:38,  1.18s/it, loss=0.00711]Training epoch 50:  11%|█         | 352/3140 [07:15<55:10,  1.19s/it, loss=0.00694]Training epoch 20:   7%|▋         | 172/2512 [07:15<1:33:34,  2.40s/it, loss=0.00299]Training epoch 20:   7%|▋         | 145/2094 [07:16<1:32:00,  2.83s/it, loss=0.0101] Training epoch 50:  11%|█         | 353/3140 [07:17<54:16,  1.17s/it, loss=0.00872]Training epoch 50:  11%|█▏        | 354/3140 [07:18<54:57,  1.18s/it, loss=0.008]  Training epoch 20:   7%|▋         | 173/2512 [07:18<1:33:16,  2.39s/it, loss=0.00735]Training epoch 20:   7%|▋         | 146/2094 [07:19<1:32:30,  2.85s/it, loss=0.0107]Training epoch 50:  11%|█▏        | 355/3140 [07:19<55:07,  1.19s/it, loss=0.0105]Training epoch 50:  11%|█▏        | 356/3140 [07:20<54:41,  1.18s/it, loss=0.01]  Training epoch 20:   7%|▋         | 174/2512 [07:20<1:32:59,  2.39s/it, loss=0.00477]Training epoch 50:  11%|█▏        | 357/3140 [07:21<55:06,  1.19s/it, loss=0.00501]Training epoch 20:   7%|▋         | 147/2094 [07:22<1:31:45,  2.83s/it, loss=0.0106]Training epoch 50:  11%|█▏        | 358/3140 [07:23<54:53,  1.18s/it, loss=0.00583]Training epoch 20:   7%|▋         | 175/2512 [07:23<1:33:12,  2.39s/it, loss=0.0176] Training epoch 50:  11%|█▏        | 359/3140 [07:24<54:40,  1.18s/it, loss=0.00659]Training epoch 20:   7%|▋         | 148/2094 [07:25<1:32:18,  2.85s/it, loss=0.00602]Training epoch 50:  11%|█▏        | 360/3140 [07:25<54:26,  1.18s/it, loss=0.00475]Training epoch 20:   7%|▋         | 176/2512 [07:25<1:32:57,  2.39s/it, loss=0.0332]Training epoch 50:  11%|█▏        | 361/3140 [07:26<54:22,  1.17s/it, loss=0.0151] Training epoch 50:  12%|█▏        | 362/3140 [07:27<55:25,  1.20s/it, loss=0.012] Training epoch 20:   7%|▋         | 149/2094 [07:27<1:32:04,  2.84s/it, loss=0.0108] Training epoch 20:   7%|▋         | 177/2512 [07:27<1:32:48,  2.38s/it, loss=0.0113]Training epoch 50:  12%|█▏        | 363/3140 [07:28<54:19,  1.17s/it, loss=0.0102]Training epoch 50:  12%|█▏        | 364/3140 [07:30<54:52,  1.19s/it, loss=0.0433]Training epoch 20:   7%|▋         | 178/2512 [07:30<1:33:35,  2.41s/it, loss=0.00681]Training epoch 20:   7%|▋         | 150/2094 [07:30<1:31:41,  2.83s/it, loss=0.0131]Training epoch 50:  12%|█▏        | 365/3140 [07:31<53:55,  1.17s/it, loss=0.0106]Training epoch 50:  12%|█▏        | 366/3140 [07:32<54:38,  1.18s/it, loss=0.00772]Training epoch 20:   7%|▋         | 179/2512 [07:32<1:33:13,  2.40s/it, loss=0.00385]Training epoch 20:   7%|▋         | 151/2094 [07:33<1:32:11,  2.85s/it, loss=0.00924]Training epoch 50:  12%|█▏        | 367/3140 [07:33<54:54,  1.19s/it, loss=0.00505]Training epoch 50:  12%|█▏        | 368/3140 [07:34<54:30,  1.18s/it, loss=0.0105] Training epoch 20:   7%|▋         | 180/2512 [07:35<1:32:47,  2.39s/it, loss=0.00791]Training epoch 50:  12%|█▏        | 369/3140 [07:36<54:47,  1.19s/it, loss=0.0138]Training epoch 20:   7%|▋         | 152/2094 [07:36<1:31:32,  2.83s/it, loss=0.00533]Training epoch 50:  12%|█▏        | 370/3140 [07:37<54:35,  1.18s/it, loss=0.0148]Training epoch 20:   7%|▋         | 181/2512 [07:37<1:32:37,  2.38s/it, loss=0.00476]Training epoch 50:  12%|█▏        | 371/3140 [07:38<54:27,  1.18s/it, loss=0.00959]Training epoch 20:   7%|▋         | 153/2094 [07:39<1:32:04,  2.85s/it, loss=0.0107] Training epoch 50:  12%|█▏        | 372/3140 [07:39<54:20,  1.18s/it, loss=0.0342] Training epoch 20:   7%|▋         | 182/2512 [07:39<1:32:51,  2.39s/it, loss=0.00862]Training epoch 50:  12%|█▏        | 373/3140 [07:40<54:13,  1.18s/it, loss=0.027] Training epoch 50:  12%|█▏        | 374/3140 [07:42<55:11,  1.20s/it, loss=0.0148]Training epoch 20:   7%|▋         | 154/2094 [07:42<1:31:45,  2.84s/it, loss=0.0139]Training epoch 20:   7%|▋         | 183/2512 [07:42<1:32:40,  2.39s/it, loss=0.00576]Training epoch 50:  12%|█▏        | 375/3140 [07:43<54:09,  1.18s/it, loss=0.0168]Training epoch 50:  12%|█▏        | 376/3140 [07:44<54:41,  1.19s/it, loss=0.011] Training epoch 20:   7%|▋         | 184/2512 [07:44<1:33:24,  2.41s/it, loss=0.0115] Training epoch 20:   7%|▋         | 155/2094 [07:44<1:31:52,  2.84s/it, loss=0.00587]Training epoch 50:  12%|█▏        | 377/3140 [07:45<53:44,  1.17s/it, loss=0.00547]Training epoch 50:  12%|█▏        | 378/3140 [07:46<54:30,  1.18s/it, loss=0.00675]Training epoch 20:   7%|▋         | 185/2512 [07:47<1:32:56,  2.40s/it, loss=0.0129]Training epoch 50:  12%|█▏        | 379/3140 [07:47<54:47,  1.19s/it, loss=0.00617]Training epoch 20:   7%|▋         | 156/2094 [07:47<1:31:53,  2.84s/it, loss=0.011]  Training epoch 50:  12%|█▏        | 380/3140 [07:49<54:20,  1.18s/it, loss=0.00748]Training epoch 20:   7%|▋         | 186/2512 [07:49<1:32:31,  2.39s/it, loss=0.0107]Training epoch 50:  12%|█▏        | 381/3140 [07:50<54:30,  1.19s/it, loss=0.00585]Training epoch 20:   7%|▋         | 157/2094 [07:50<1:31:25,  2.83s/it, loss=0.00491]Training epoch 50:  12%|█▏        | 382/3140 [07:51<54:11,  1.18s/it, loss=0.00702]Training epoch 20:   7%|▋         | 187/2512 [07:51<1:32:21,  2.38s/it, loss=0.00588]Training epoch 50:  12%|█▏        | 383/3140 [07:52<54:07,  1.18s/it, loss=0.0183] Training epoch 20:   8%|▊         | 158/2094 [07:53<1:31:51,  2.85s/it, loss=0.00612]Training epoch 50:  12%|█▏        | 384/3140 [07:53<54:06,  1.18s/it, loss=0.0118]Training epoch 20:   7%|▋         | 188/2512 [07:54<1:32:34,  2.39s/it, loss=0.00584]Training epoch 50:  12%|█▏        | 385/3140 [07:54<53:59,  1.18s/it, loss=0.00644]Training epoch 50:  12%|█▏        | 386/3140 [07:56<54:56,  1.20s/it, loss=0.00863]Training epoch 20:   8%|▊         | 159/2094 [07:56<1:31:32,  2.84s/it, loss=0.0138] Training epoch 20:   8%|▊         | 189/2512 [07:56<1:32:25,  2.39s/it, loss=0.00638]Training epoch 50:  12%|█▏        | 387/3140 [07:57<53:55,  1.18s/it, loss=0.00893]Training epoch 50:  12%|█▏        | 388/3140 [07:58<54:31,  1.19s/it, loss=0.00723]Training epoch 20:   8%|▊         | 160/2094 [07:59<1:31:59,  2.85s/it, loss=0.00925]Training epoch 20:   8%|▊         | 190/2512 [07:59<1:33:02,  2.40s/it, loss=0.0117] Training epoch 50:  12%|█▏        | 389/3140 [07:59<53:27,  1.17s/it, loss=0.0103] Training epoch 50:  12%|█▏        | 390/3140 [08:00<54:06,  1.18s/it, loss=0.00851]Training epoch 20:   8%|▊         | 191/2512 [08:01<1:32:57,  2.40s/it, loss=0.00989]Training epoch 50:  12%|█▏        | 391/3140 [08:02<54:31,  1.19s/it, loss=0.00913]Training epoch 20:   8%|▊         | 161/2094 [08:01<1:31:25,  2.84s/it, loss=0.00967]Training epoch 50:  12%|█▏        | 392/3140 [08:03<54:10,  1.18s/it, loss=0.0111] Training epoch 20:   8%|▊         | 192/2512 [08:03<1:32:30,  2.39s/it, loss=0.00765]Training epoch 50:  13%|█▎        | 393/3140 [08:04<54:10,  1.18s/it, loss=0.00709]Training epoch 20:   8%|▊         | 162/2094 [08:04<1:31:20,  2.84s/it, loss=0.0132] Training epoch 50:  13%|█▎        | 394/3140 [08:05<53:48,  1.18s/it, loss=0.00525]Training epoch 20:   8%|▊         | 193/2512 [08:06<1:32:26,  2.39s/it, loss=0.0061] Training epoch 50:  13%|█▎        | 395/3140 [08:06<53:31,  1.17s/it, loss=0.00868]Training epoch 20:   8%|▊         | 163/2094 [08:07<1:31:37,  2.85s/it, loss=0.00769]Training epoch 50:  13%|█▎        | 396/3140 [08:07<53:38,  1.17s/it, loss=0.0219] Training epoch 20:   8%|▊         | 194/2512 [08:08<1:32:40,  2.40s/it, loss=0.02]  Training epoch 50:  13%|█▎        | 397/3140 [08:09<53:12,  1.16s/it, loss=0.00998]Training epoch 50:  13%|█▎        | 398/3140 [08:10<54:11,  1.19s/it, loss=0.00603]Training epoch 20:   8%|▊         | 164/2094 [08:10<1:31:26,  2.84s/it, loss=0.0109] Training epoch 20:   8%|▊         | 195/2512 [08:11<1:32:30,  2.40s/it, loss=0.0064]Training epoch 50:  13%|█▎        | 399/3140 [08:11<53:24,  1.17s/it, loss=0.00692]Training epoch 50:  13%|█▎        | 400/3140 [08:12<53:44,  1.18s/it, loss=0.0201] Training epoch 20:   8%|▊         | 165/2094 [08:13<1:31:56,  2.86s/it, loss=0.0145]Training epoch 20:   8%|▊         | 196/2512 [08:13<1:32:29,  2.40s/it, loss=0.00574]Training epoch 50:  13%|█▎        | 401/3140 [08:13<53:17,  1.17s/it, loss=0.00655]Training epoch 50:  13%|█▎        | 402/3140 [08:14<53:18,  1.17s/it, loss=0.012]  Training epoch 20:   8%|▊         | 197/2512 [08:15<1:33:16,  2.42s/it, loss=0.00597]Training epoch 50:  13%|█▎        | 403/3140 [08:16<54:24,  1.19s/it, loss=0.0081]Training epoch 20:   8%|▊         | 166/2094 [08:16<1:30:52,  2.83s/it, loss=0.0045]Training epoch 50:  13%|█▎        | 404/3140 [08:17<53:11,  1.17s/it, loss=0.0104]Training epoch 50:  13%|█▎        | 405/3140 [08:18<54:06,  1.19s/it, loss=0.00916]Training epoch 20:   8%|▊         | 198/2512 [08:18<1:32:48,  2.41s/it, loss=0.00295]Training epoch 20:   8%|▊         | 167/2094 [08:19<1:31:23,  2.85s/it, loss=0.0133]Training epoch 50:  13%|█▎        | 406/3140 [08:19<52:36,  1.15s/it, loss=0.0138] Training epoch 50:  13%|█▎        | 407/3140 [08:20<53:42,  1.18s/it, loss=0.0113]Training epoch 20:   8%|▊         | 199/2512 [08:20<1:32:21,  2.40s/it, loss=0.00715]Training epoch 50:  13%|█▎        | 408/3140 [08:22<53:22,  1.17s/it, loss=0.00851]Training epoch 20:   8%|▊         | 168/2094 [08:21<1:31:24,  2.85s/it, loss=0.00602]Training epoch 50:  13%|█▎        | 409/3140 [08:23<53:33,  1.18s/it, loss=0.00357]Training epoch 20:   8%|▊         | 200/2512 [08:23<1:32:01,  2.39s/it, loss=0.00505]Training epoch 50:  13%|█▎        | 410/3140 [08:24<53:02,  1.17s/it, loss=0.00963]Training epoch 20:   8%|▊         | 169/2094 [08:24<1:31:17,  2.85s/it, loss=0.0206] Training epoch 50:  13%|█▎        | 411/3140 [08:25<53:13,  1.17s/it, loss=0.00593]Training epoch 20:   8%|▊         | 201/2512 [08:25<1:32:19,  2.40s/it, loss=0.0217] Training epoch 50:  13%|█▎        | 412/3140 [08:26<53:04,  1.17s/it, loss=0.00872]Training epoch 20:   8%|▊         | 170/2094 [08:27<1:31:44,  2.86s/it, loss=0.00594]Training epoch 50:  13%|█▎        | 413/3140 [08:27<53:25,  1.18s/it, loss=0.00902]Training epoch 20:   8%|▊         | 202/2512 [08:27<1:32:08,  2.39s/it, loss=0.00958]Training epoch 50:  13%|█▎        | 414/3140 [08:28<52:48,  1.16s/it, loss=0.00582]Training epoch 50:  13%|█▎        | 415/3140 [08:30<53:44,  1.18s/it, loss=0.00872]Training epoch 20:   8%|▊         | 203/2512 [08:30<1:33:00,  2.42s/it, loss=0.00552]Training epoch 20:   8%|▊         | 171/2094 [08:30<1:31:17,  2.85s/it, loss=0.00523]Training epoch 50:  13%|█▎        | 416/3140 [08:31<52:40,  1.16s/it, loss=0.00586]Training epoch 50:  13%|█▎        | 417/3140 [08:32<53:16,  1.17s/it, loss=0.0196] Training epoch 20:   8%|▊         | 204/2512 [08:32<1:32:36,  2.41s/it, loss=0.0101] Training epoch 20:   8%|▊         | 172/2094 [08:33<1:31:16,  2.85s/it, loss=0.00619]Training epoch 50:  13%|█▎        | 418/3140 [08:33<52:23,  1.15s/it, loss=0.00957]Training epoch 50:  13%|█▎        | 419/3140 [08:34<52:59,  1.17s/it, loss=0.00685]Training epoch 20:   8%|▊         | 205/2512 [08:35<1:32:23,  2.40s/it, loss=0.00575]Training epoch 50:  13%|█▎        | 420/3140 [08:36<53:18,  1.18s/it, loss=0.00992]Training epoch 20:   8%|▊         | 173/2094 [08:36<1:31:07,  2.85s/it, loss=0.0103] Training epoch 50:  13%|█▎        | 421/3140 [08:37<52:59,  1.17s/it, loss=0.00863]Training epoch 20:   8%|▊         | 206/2512 [08:37<1:32:08,  2.40s/it, loss=0.00741]Training epoch 50:  13%|█▎        | 422/3140 [08:38<52:47,  1.17s/it, loss=0.0104] Training epoch 20:   8%|▊         | 174/2094 [08:39<1:31:22,  2.86s/it, loss=0.00632]Training epoch 50:  13%|█▎        | 423/3140 [08:39<52:41,  1.16s/it, loss=0.023] Training epoch 20:   8%|▊         | 207/2512 [08:39<1:32:23,  2.40s/it, loss=0.00722]Training epoch 50:  14%|█▎        | 424/3140 [08:40<52:34,  1.16s/it, loss=0.011]Training epoch 50:  14%|█▎        | 425/3140 [08:41<53:31,  1.18s/it, loss=0.012]Training epoch 20:   8%|▊         | 175/2094 [08:41<1:31:20,  2.86s/it, loss=0.00459]Training epoch 20:   8%|▊         | 208/2512 [08:42<1:32:05,  2.40s/it, loss=0.00745]Training epoch 50:  14%|█▎        | 426/3140 [08:43<52:28,  1.16s/it, loss=0.00447]Training epoch 50:  14%|█▎        | 427/3140 [08:44<53:00,  1.17s/it, loss=0.0129] Training epoch 20:   8%|▊         | 176/2094 [08:44<1:31:36,  2.87s/it, loss=0.00565]Training epoch 20:   8%|▊         | 209/2512 [08:44<1:32:30,  2.41s/it, loss=0.00769]Training epoch 50:  14%|█▎        | 428/3140 [08:45<51:57,  1.15s/it, loss=0.00919]Training epoch 50:  14%|█▎        | 429/3140 [08:46<52:38,  1.17s/it, loss=0.0164] Training epoch 20:   8%|▊         | 210/2512 [08:47<1:32:44,  2.42s/it, loss=0.0131] Training epoch 50:  14%|█▎        | 430/3140 [08:47<52:56,  1.17s/it, loss=0.0118]Training epoch 20:   8%|▊         | 177/2094 [08:47<1:31:03,  2.85s/it, loss=0.00614]Training epoch 50:  14%|█▎        | 431/3140 [08:48<52:40,  1.17s/it, loss=0.00675]Training epoch 20:   8%|▊         | 211/2512 [08:49<1:32:18,  2.41s/it, loss=0.00624]Training epoch 50:  14%|█▍        | 432/3140 [08:49<52:19,  1.16s/it, loss=0.011]  Training epoch 20:   9%|▊         | 178/2094 [08:50<1:30:32,  2.84s/it, loss=0.0132] Training epoch 50:  14%|█▍        | 433/3140 [08:51<52:11,  1.16s/it, loss=0.0112]Training epoch 20:   8%|▊         | 212/2512 [08:51<1:32:56,  2.42s/it, loss=0.00671]Training epoch 50:  14%|█▍        | 434/3140 [08:52<52:37,  1.17s/it, loss=0.00791]Training epoch 20:   9%|▊         | 179/2094 [08:53<1:30:48,  2.85s/it, loss=0.00883]Training epoch 50:  14%|█▍        | 435/3140 [08:53<52:28,  1.16s/it, loss=0.00625]Training epoch 20:   8%|▊         | 213/2512 [08:54<1:32:29,  2.41s/it, loss=0.00643]Training epoch 50:  14%|█▍        | 436/3140 [08:54<52:47,  1.17s/it, loss=0.00836]Training epoch 50:  14%|█▍        | 437/3140 [08:55<53:04,  1.18s/it, loss=0.0062] Training epoch 20:   9%|▊         | 180/2094 [08:56<1:30:33,  2.84s/it, loss=0.00518]Training epoch 20:   9%|▊         | 214/2512 [08:56<1:32:28,  2.41s/it, loss=0.00621]Training epoch 50:  14%|█▍        | 438/3140 [08:57<53:08,  1.18s/it, loss=0.0127]Training epoch 50:  14%|█▍        | 439/3140 [08:58<52:33,  1.17s/it, loss=0.00618]Training epoch 20:   9%|▊         | 181/2094 [08:58<1:31:04,  2.86s/it, loss=0.0186] Training epoch 50:  14%|█▍        | 440/3140 [08:59<52:51,  1.17s/it, loss=0.0107] Training epoch 20:   9%|▊         | 215/2512 [08:59<1:32:00,  2.40s/it, loss=0.00354]Training epoch 50:  14%|█▍        | 441/3140 [09:00<52:04,  1.16s/it, loss=0.00997]Training epoch 50:  14%|█▍        | 442/3140 [09:01<53:33,  1.19s/it, loss=0.00478]Training epoch 20:   9%|▊         | 216/2512 [09:01<1:32:31,  2.42s/it, loss=0.00815]Training epoch 20:   9%|▊         | 182/2094 [09:01<1:30:33,  2.84s/it, loss=0.0107]Training epoch 50:  14%|█▍        | 443/3140 [09:02<51:51,  1.15s/it, loss=0.00957]Training epoch 50:  14%|█▍        | 444/3140 [09:04<52:55,  1.18s/it, loss=0.00599]Training epoch 20:   9%|▊         | 217/2512 [09:03<1:31:53,  2.40s/it, loss=0.00589]Training epoch 20:   9%|▊         | 183/2094 [09:04<1:30:38,  2.85s/it, loss=0.00859]Training epoch 50:  14%|█▍        | 445/3140 [09:05<51:55,  1.16s/it, loss=0.0102] Training epoch 50:  14%|█▍        | 446/3140 [09:06<52:39,  1.17s/it, loss=0.00816]Training epoch 20:   9%|▊         | 218/2512 [09:06<1:31:41,  2.40s/it, loss=0.00728]Training epoch 50:  14%|█▍        | 447/3140 [09:07<52:54,  1.18s/it, loss=0.00691]Training epoch 20:   9%|▉         | 184/2094 [09:07<1:30:52,  2.85s/it, loss=0.0105] Training epoch 50:  14%|█▍        | 448/3140 [09:08<52:09,  1.16s/it, loss=0.0152] Training epoch 20:   9%|▊         | 219/2512 [09:08<1:31:04,  2.38s/it, loss=0.00582]Training epoch 50:  14%|█▍        | 449/3140 [09:09<52:05,  1.16s/it, loss=0.0105]Training epoch 20:   9%|▉         | 185/2094 [09:10<1:31:14,  2.87s/it, loss=0.012] Training epoch 50:  14%|█▍        | 450/3140 [09:11<52:02,  1.16s/it, loss=0.00961]Training epoch 20:   9%|▉         | 220/2512 [09:11<1:31:30,  2.40s/it, loss=0.00967]Training epoch 50:  14%|█▍        | 451/3140 [09:12<51:58,  1.16s/it, loss=0.0155] Training epoch 50:  14%|█▍        | 452/3140 [09:13<52:56,  1.18s/it, loss=0.00682]Training epoch 20:   9%|▉         | 186/2094 [09:13<1:31:26,  2.88s/it, loss=0.0099]Training epoch 20:   9%|▉         | 221/2512 [09:13<1:31:19,  2.39s/it, loss=0.00786]Training epoch 50:  14%|█▍        | 453/3140 [09:14<51:56,  1.16s/it, loss=0.0319] Training epoch 50:  14%|█▍        | 454/3140 [09:15<52:39,  1.18s/it, loss=0.0107]Training epoch 20:   9%|▉         | 222/2512 [09:15<1:32:07,  2.41s/it, loss=0.00754]Training epoch 20:   9%|▉         | 187/2094 [09:16<1:31:01,  2.86s/it, loss=0.00478]Training epoch 50:  14%|█▍        | 455/3140 [09:16<51:37,  1.15s/it, loss=0.00785]Training epoch 50:  15%|█▍        | 456/3140 [09:18<52:14,  1.17s/it, loss=0.0113] Training epoch 20:   9%|▉         | 223/2512 [09:18<1:31:49,  2.41s/it, loss=0.00664]Training epoch 20:   9%|▉         | 188/2094 [09:19<1:30:50,  2.86s/it, loss=0.00424]Training epoch 50:  15%|█▍        | 457/3140 [09:19<52:00,  1.16s/it, loss=0.00707]Training epoch 50:  15%|█▍        | 458/3140 [09:20<52:03,  1.16s/it, loss=0.0113] Training epoch 20:   9%|▉         | 224/2512 [09:20<1:31:34,  2.40s/it, loss=0.0132] Training epoch 50:  15%|█▍        | 459/3140 [09:21<52:21,  1.17s/it, loss=0.0067]Training epoch 20:   9%|▉         | 189/2094 [09:21<1:30:33,  2.85s/it, loss=0.0078] Training epoch 50:  15%|█▍        | 460/3140 [09:22<52:06,  1.17s/it, loss=0.0164]Training epoch 20:   9%|▉         | 225/2512 [09:23<1:31:26,  2.40s/it, loss=0.00748]Training epoch 50:  15%|█▍        | 461/3140 [09:23<51:57,  1.16s/it, loss=0.00692]Training epoch 20:   9%|▉         | 190/2094 [09:24<1:30:42,  2.86s/it, loss=0.00843]Training epoch 50:  15%|█▍        | 462/3140 [09:25<51:48,  1.16s/it, loss=0.00647]Training epoch 20:   9%|▉         | 226/2512 [09:25<1:31:42,  2.41s/it, loss=0.0106] Training epoch 50:  15%|█▍        | 463/3140 [09:26<51:44,  1.16s/it, loss=0.0108] Training epoch 50:  15%|█▍        | 464/3140 [09:27<52:42,  1.18s/it, loss=0.0125]Training epoch 20:   9%|▉         | 191/2094 [09:27<1:30:29,  2.85s/it, loss=0.00464]Training epoch 20:   9%|▉         | 227/2512 [09:27<1:31:26,  2.40s/it, loss=0.00837]Training epoch 50:  15%|█▍        | 465/3140 [09:28<51:45,  1.16s/it, loss=0.00544]Training epoch 50:  15%|█▍        | 466/3140 [09:29<52:16,  1.17s/it, loss=0.0108] Training epoch 20:   9%|▉         | 192/2094 [09:30<1:30:56,  2.87s/it, loss=0.00677]Training epoch 20:   9%|▉         | 228/2512 [09:30<1:31:43,  2.41s/it, loss=0.0103] Training epoch 50:  15%|█▍        | 467/3140 [09:30<51:19,  1.15s/it, loss=0.00838]Training epoch 50:  15%|█▍        | 468/3140 [09:32<52:06,  1.17s/it, loss=0.0127] Training epoch 20:   9%|▉         | 229/2512 [09:32<1:32:06,  2.42s/it, loss=0.00806]Training epoch 50:  15%|█▍        | 469/3140 [09:33<52:34,  1.18s/it, loss=0.0111]Training epoch 20:   9%|▉         | 193/2094 [09:33<1:29:57,  2.84s/it, loss=0.00553]Training epoch 50:  15%|█▍        | 470/3140 [09:34<52:02,  1.17s/it, loss=0.0136]Training epoch 20:   9%|▉         | 230/2512 [09:35<1:31:35,  2.41s/it, loss=0.013]  Training epoch 50:  15%|█▌        | 471/3140 [09:35<52:21,  1.18s/it, loss=0.0104]Training epoch 20:   9%|▉         | 194/2094 [09:36<1:30:20,  2.85s/it, loss=0.00529]Training epoch 50:  15%|█▌        | 472/3140 [09:36<51:38,  1.16s/it, loss=0.0229]Training epoch 20:   9%|▉         | 231/2512 [09:37<1:31:18,  2.40s/it, loss=0.00521]Training epoch 50:  15%|█▌        | 473/3140 [09:37<52:19,  1.18s/it, loss=0.018] Training epoch 20:   9%|▉         | 195/2094 [09:38<1:30:23,  2.86s/it, loss=0.00704]Training epoch 50:  15%|█▌        | 474/3140 [09:39<52:20,  1.18s/it, loss=0.0115]Training epoch 20:   9%|▉         | 232/2512 [09:40<1:31:11,  2.40s/it, loss=0.00814]Training epoch 50:  15%|█▌        | 475/3140 [09:40<52:17,  1.18s/it, loss=0.0122]Training epoch 50:  15%|█▌        | 476/3140 [09:41<52:07,  1.17s/it, loss=0.00557]Training epoch 20:   9%|▉         | 196/2094 [09:41<1:29:45,  2.84s/it, loss=0.0169] Training epoch 50:  15%|█▌        | 477/3140 [09:42<52:21,  1.18s/it, loss=0.00487]Training epoch 20:   9%|▉         | 233/2512 [09:42<1:31:16,  2.40s/it, loss=0.00642]Training epoch 50:  15%|█▌        | 478/3140 [09:43<51:34,  1.16s/it, loss=0.00986]Training epoch 20:   9%|▉         | 197/2094 [09:44<1:30:14,  2.85s/it, loss=0.00506]Training epoch 50:  15%|█▌        | 479/3140 [09:44<51:59,  1.17s/it, loss=0.0128] Training epoch 20:   9%|▉         | 234/2512 [09:44<1:30:54,  2.39s/it, loss=0.0116] Training epoch 50:  15%|█▌        | 480/3140 [09:46<51:25,  1.16s/it, loss=0.00416]Training epoch 50:  15%|█▌        | 481/3140 [09:47<52:48,  1.19s/it, loss=0.00891]Training epoch 20:   9%|▉         | 235/2512 [09:47<1:31:39,  2.42s/it, loss=0.0178]Training epoch 20:   9%|▉         | 198/2094 [09:47<1:29:35,  2.84s/it, loss=0.00857]Training epoch 50:  15%|█▌        | 482/3140 [09:48<51:32,  1.16s/it, loss=0.0184] Training epoch 50:  15%|█▌        | 483/3140 [09:49<52:08,  1.18s/it, loss=0.0126]Training epoch 20:   9%|▉         | 236/2512 [09:49<1:31:15,  2.41s/it, loss=0.0102]Training epoch 20:  10%|▉         | 199/2094 [09:50<1:29:44,  2.84s/it, loss=0.00952]Training epoch 50:  15%|█▌        | 484/3140 [09:50<51:13,  1.16s/it, loss=0.0054]Training epoch 50:  15%|█▌        | 485/3140 [09:51<51:47,  1.17s/it, loss=0.0211]Training epoch 20:   9%|▉         | 237/2512 [09:52<1:31:02,  2.40s/it, loss=0.00801]Training epoch 50:  15%|█▌        | 486/3140 [09:53<52:07,  1.18s/it, loss=0.00494]Training epoch 20:  10%|▉         | 200/2094 [09:53<1:29:44,  2.84s/it, loss=0.00768]Training epoch 50:  16%|█▌        | 487/3140 [09:54<51:30,  1.17s/it, loss=0.0076] Training epoch 20:   9%|▉         | 238/2512 [09:54<1:30:37,  2.39s/it, loss=0.0062] Training epoch 50:  16%|█▌        | 488/3140 [09:55<51:30,  1.17s/it, loss=0.00659]Training epoch 20:  10%|▉         | 201/2094 [09:56<1:30:11,  2.86s/it, loss=0.00786]Training epoch 50:  16%|█▌        | 489/3140 [09:56<51:20,  1.16s/it, loss=0.0057] Training epoch 20:  10%|▉         | 239/2512 [09:56<1:30:55,  2.40s/it, loss=0.00572]Training epoch 50:  16%|█▌        | 490/3140 [09:57<51:18,  1.16s/it, loss=0.0126]Training epoch 50:  16%|█▌        | 491/3140 [09:59<52:17,  1.18s/it, loss=0.00929]Training epoch 20:  10%|▉         | 202/2094 [09:58<1:30:25,  2.87s/it, loss=0.00947]Training epoch 20:  10%|▉         | 240/2512 [09:59<1:30:41,  2.40s/it, loss=0.0211] Training epoch 50:  16%|█▌        | 492/3140 [10:00<51:12,  1.16s/it, loss=0.00868]Training epoch 50:  16%|█▌        | 493/3140 [10:01<51:46,  1.17s/it, loss=0.00804]Training epoch 20:  10%|▉         | 203/2094 [10:01<1:30:18,  2.87s/it, loss=0.00461]Training epoch 20:  10%|▉         | 241/2512 [10:01<1:31:23,  2.41s/it, loss=0.0082]Training epoch 50:  16%|█▌        | 494/3140 [10:02<50:51,  1.15s/it, loss=0.0102] Training epoch 50:  16%|█▌        | 495/3140 [10:03<51:28,  1.17s/it, loss=0.0121]Training epoch 20:  10%|▉         | 242/2512 [10:04<1:31:18,  2.41s/it, loss=0.00866]Training epoch 20:  10%|▉         | 204/2094 [10:04<1:29:53,  2.85s/it, loss=0.011]  Training epoch 50:  16%|█▌        | 496/3140 [10:04<51:24,  1.17s/it, loss=0.00654]Training epoch 50:  16%|█▌        | 497/3140 [10:05<51:18,  1.16s/it, loss=0.0211] Training epoch 20:  10%|▉         | 243/2512 [10:06<1:30:54,  2.40s/it, loss=0.01]   Training epoch 50:  16%|█▌        | 498/3140 [10:07<51:41,  1.17s/it, loss=0.0137]Training epoch 20:  10%|▉         | 205/2094 [10:07<1:29:38,  2.85s/it, loss=0.00743]Training epoch 50:  16%|█▌        | 499/3140 [10:08<51:24,  1.17s/it, loss=0.00696]Training epoch 20:  10%|▉         | 244/2512 [10:08<1:30:43,  2.40s/it, loss=0.00853]Training epoch 50:  16%|█▌        | 500/3140 [10:09<51:18,  1.17s/it, loss=0.00871]Training epoch 20:  10%|▉         | 206/2094 [10:10<1:29:48,  2.85s/it, loss=0.00548]Training epoch 50:  16%|█▌        | 501/3140 [10:10<51:11,  1.16s/it, loss=0.00641]Training epoch 20:  10%|▉         | 245/2512 [10:11<1:30:54,  2.41s/it, loss=0.00882]Training epoch 50:  16%|█▌        | 502/3140 [10:11<51:04,  1.16s/it, loss=0.00611]Training epoch 50:  16%|█▌        | 503/3140 [10:13<51:59,  1.18s/it, loss=0.0111] Training epoch 20:  10%|▉         | 207/2094 [10:13<1:29:36,  2.85s/it, loss=0.00691]Training epoch 20:  10%|▉         | 246/2512 [10:13<1:30:43,  2.40s/it, loss=0.0111] Training epoch 50:  16%|█▌        | 504/3140 [10:14<51:00,  1.16s/it, loss=0.00632]Training epoch 50:  16%|█▌        | 505/3140 [10:15<51:38,  1.18s/it, loss=0.00872]Training epoch 20:  10%|▉         | 208/2094 [10:16<1:30:01,  2.86s/it, loss=0.00583]Training epoch 20:  10%|▉         | 247/2512 [10:16<1:30:39,  2.40s/it, loss=0.0113]Training epoch 50:  16%|█▌        | 506/3140 [10:16<50:53,  1.16s/it, loss=0.00782]Training epoch 50:  16%|█▌        | 507/3140 [10:17<51:23,  1.17s/it, loss=0.00912]Training epoch 20:  10%|▉         | 248/2512 [10:18<1:31:19,  2.42s/it, loss=0.00748]Training epoch 50:  16%|█▌        | 508/3140 [10:18<52:06,  1.19s/it, loss=0.00576]Training epoch 20:  10%|▉         | 209/2094 [10:18<1:29:06,  2.84s/it, loss=0.00555]Training epoch 50:  16%|█▌        | 509/3140 [10:20<51:14,  1.17s/it, loss=0.00741]Training epoch 20:  10%|▉         | 249/2512 [10:20<1:30:51,  2.41s/it, loss=0.00702]Training epoch 50:  16%|█▌        | 510/3140 [10:21<51:47,  1.18s/it, loss=0.00717]Training epoch 20:  10%|█         | 210/2094 [10:21<1:29:32,  2.85s/it, loss=0.00808]Training epoch 50:  16%|█▋        | 511/3140 [10:22<50:48,  1.16s/it, loss=0.00502]Training epoch 20:  10%|▉         | 250/2512 [10:23<1:30:33,  2.40s/it, loss=0.0134] Training epoch 50:  16%|█▋        | 512/3140 [10:23<51:44,  1.18s/it, loss=0.00665]Training epoch 20:  10%|█         | 211/2094 [10:24<1:29:34,  2.85s/it, loss=0.00613]Training epoch 50:  16%|█▋        | 513/3140 [10:24<51:26,  1.17s/it, loss=0.0119] Training epoch 50:  16%|█▋        | 514/3140 [10:25<51:33,  1.18s/it, loss=0.00521]Training epoch 20:  10%|▉         | 251/2512 [10:25<1:30:13,  2.39s/it, loss=0.00559]Training epoch 50:  16%|█▋        | 515/3140 [10:27<51:13,  1.17s/it, loss=0.0124] Training epoch 20:  10%|█         | 212/2094 [10:27<1:29:08,  2.84s/it, loss=0.00411]Training epoch 50:  16%|█▋        | 516/3140 [10:28<51:24,  1.18s/it, loss=0.00557]Training epoch 20:  10%|█         | 252/2512 [10:28<1:30:19,  2.40s/it, loss=0.0179] Training epoch 50:  16%|█▋        | 517/3140 [10:29<50:44,  1.16s/it, loss=0.00964]Training epoch 20:  10%|█         | 213/2094 [10:30<1:29:34,  2.86s/it, loss=0.00503]Training epoch 50:  16%|█▋        | 518/3140 [10:30<51:09,  1.17s/it, loss=0.00468]Training epoch 20:  10%|█         | 253/2512 [10:30<1:30:03,  2.39s/it, loss=0.00816]Training epoch 50:  17%|█▋        | 519/3140 [10:31<50:53,  1.17s/it, loss=0.00717]Training epoch 50:  17%|█▋        | 520/3140 [10:32<52:00,  1.19s/it, loss=0.00636]Training epoch 20:  10%|█         | 254/2512 [10:32<1:30:46,  2.41s/it, loss=0.00881]Training epoch 20:  10%|█         | 214/2094 [10:33<1:29:02,  2.84s/it, loss=0.00824]Training epoch 50:  17%|█▋        | 521/3140 [10:34<50:52,  1.17s/it, loss=0.0124] Training epoch 50:  17%|█▋        | 522/3140 [10:35<51:22,  1.18s/it, loss=0.00508]Training epoch 20:  10%|█         | 255/2512 [10:35<1:30:26,  2.40s/it, loss=0.00381]Training epoch 20:  10%|█         | 215/2094 [10:35<1:29:03,  2.84s/it, loss=0.00678]Training epoch 50:  17%|█▋        | 523/3140 [10:36<50:28,  1.16s/it, loss=0.00515]Training epoch 50:  17%|█▋        | 524/3140 [10:37<51:05,  1.17s/it, loss=0.0131] Training epoch 20:  10%|█         | 256/2512 [10:37<1:30:14,  2.40s/it, loss=0.0125] Training epoch 50:  17%|█▋        | 525/3140 [10:38<51:20,  1.18s/it, loss=0.00893]Training epoch 20:  10%|█         | 216/2094 [10:38<1:29:02,  2.84s/it, loss=0.00576]Training epoch 50:  17%|█▋        | 526/3140 [10:39<50:50,  1.17s/it, loss=0.00926]Training epoch 20:  10%|█         | 257/2512 [10:40<1:29:56,  2.39s/it, loss=0.0134]Training epoch 50:  17%|█▋        | 527/3140 [10:41<50:41,  1.16s/it, loss=0.00681]Training epoch 20:  10%|█         | 217/2094 [10:41<1:29:24,  2.86s/it, loss=0.0064] Training epoch 50:  17%|█▋        | 528/3140 [10:42<50:37,  1.16s/it, loss=0.00996]Training epoch 20:  10%|█         | 258/2512 [10:42<1:30:15,  2.40s/it, loss=0.0121]Training epoch 50:  17%|█▋        | 529/3140 [10:43<50:31,  1.16s/it, loss=0.00708]Training epoch 50:  17%|█▋        | 530/3140 [10:44<51:29,  1.18s/it, loss=0.00609]Training epoch 20:  10%|█         | 218/2094 [10:44<1:29:36,  2.87s/it, loss=0.0215]Training epoch 20:  10%|█         | 259/2512 [10:44<1:29:57,  2.40s/it, loss=0.00902]Training epoch 50:  17%|█▋        | 531/3140 [10:45<50:28,  1.16s/it, loss=0.0101] Training epoch 50:  17%|█▋        | 532/3140 [10:46<50:58,  1.17s/it, loss=0.00457]Training epoch 20:  10%|█         | 219/2094 [10:47<1:29:27,  2.86s/it, loss=0.00813]Training epoch 20:  10%|█         | 260/2512 [10:47<1:30:25,  2.41s/it, loss=0.00785]Training epoch 50:  17%|█▋        | 533/3140 [10:48<50:20,  1.16s/it, loss=0.00592]Training epoch 50:  17%|█▋        | 534/3140 [10:49<50:52,  1.17s/it, loss=0.0139] Training epoch 20:  10%|█         | 261/2512 [10:49<1:30:32,  2.41s/it, loss=0.0121] Training epoch 20:  11%|█         | 220/2094 [10:50<1:28:59,  2.85s/it, loss=0.00711]Training epoch 50:  17%|█▋        | 535/3140 [10:50<50:40,  1.17s/it, loss=0.0178]Training epoch 50:  17%|█▋        | 536/3140 [10:51<50:43,  1.17s/it, loss=0.00747]Training epoch 20:  10%|█         | 262/2512 [10:52<1:30:10,  2.40s/it, loss=0.00584]Training epoch 50:  17%|█▋        | 537/3140 [10:52<51:01,  1.18s/it, loss=0.00659]Training epoch 20:  11%|█         | 221/2094 [10:53<1:28:46,  2.84s/it, loss=0.009]  Training epoch 50:  17%|█▋        | 538/3140 [10:53<50:43,  1.17s/it, loss=0.0043] Training epoch 20:  10%|█         | 263/2512 [10:54<1:29:59,  2.40s/it, loss=0.0107] Training epoch 50:  17%|█▋        | 539/3140 [10:55<50:35,  1.17s/it, loss=0.00714]Training epoch 20:  11%|█         | 222/2094 [10:55<1:28:58,  2.85s/it, loss=0.0113]Training epoch 50:  17%|█▋        | 540/3140 [10:56<50:25,  1.16s/it, loss=0.0119] Training epoch 20:  11%|█         | 264/2512 [10:56<1:30:13,  2.41s/it, loss=0.00612]Training epoch 50:  17%|█▋        | 541/3140 [10:57<50:16,  1.16s/it, loss=0.0092]Training epoch 50:  17%|█▋        | 542/3140 [10:58<51:15,  1.18s/it, loss=0.00468]Training epoch 20:  11%|█         | 223/2094 [10:58<1:28:46,  2.85s/it, loss=0.0114]Training epoch 20:  11%|█         | 265/2512 [10:59<1:30:02,  2.40s/it, loss=0.00437]Training epoch 50:  17%|█▋        | 543/3140 [10:59<50:20,  1.16s/it, loss=0.00749]Training epoch 50:  17%|█▋        | 544/3140 [11:00<50:49,  1.17s/it, loss=0.00687]Training epoch 20:  11%|█         | 224/2094 [11:01<1:29:15,  2.86s/it, loss=0.00721]Training epoch 20:  11%|█         | 266/2512 [11:01<1:29:51,  2.40s/it, loss=0.00533]Training epoch 50:  17%|█▋        | 545/3140 [11:02<50:15,  1.16s/it, loss=0.00355]Training epoch 50:  17%|█▋        | 546/3140 [11:03<50:34,  1.17s/it, loss=0.00651]Training epoch 20:  11%|█         | 267/2512 [11:04<1:30:32,  2.42s/it, loss=0.0112] Training epoch 50:  17%|█▋        | 547/3140 [11:04<51:22,  1.19s/it, loss=0.0105] Training epoch 20:  11%|█         | 225/2094 [11:04<1:28:33,  2.84s/it, loss=0.00601]Training epoch 50:  17%|█▋        | 548/3140 [11:05<50:20,  1.17s/it, loss=0.00609]Training epoch 20:  11%|█         | 268/2512 [11:06<1:29:59,  2.41s/it, loss=0.00893]Training epoch 50:  17%|█▋        | 549/3140 [11:06<50:59,  1.18s/it, loss=0.00896]Training epoch 20:  11%|█         | 226/2094 [11:07<1:28:49,  2.85s/it, loss=0.00751]Training epoch 50:  18%|█▊        | 550/3140 [11:07<49:55,  1.16s/it, loss=0.00699]Training epoch 20:  11%|█         | 269/2512 [11:08<1:29:36,  2.40s/it, loss=0.00442]Training epoch 50:  18%|█▊        | 551/3140 [11:09<51:03,  1.18s/it, loss=0.00652]Training epoch 20:  11%|█         | 227/2094 [11:10<1:28:46,  2.85s/it, loss=0.00648]Training epoch 50:  18%|█▊        | 552/3140 [11:10<50:36,  1.17s/it, loss=0.0117] Training epoch 50:  18%|█▊        | 553/3140 [11:11<50:48,  1.18s/it, loss=0.0065]Training epoch 20:  11%|█         | 270/2512 [11:11<1:29:19,  2.39s/it, loss=0.00492]Training epoch 50:  18%|█▊        | 554/3140 [11:12<50:27,  1.17s/it, loss=0.0164]Training epoch 20:  11%|█         | 228/2094 [11:13<1:28:25,  2.84s/it, loss=0.00428]Training epoch 50:  18%|█▊        | 555/3140 [11:13<50:39,  1.18s/it, loss=0.0128]Training epoch 20:  11%|█         | 271/2512 [11:13<1:29:28,  2.40s/it, loss=0.013]  Training epoch 50:  18%|█▊        | 556/3140 [11:15<50:01,  1.16s/it, loss=0.0092]Training epoch 20:  11%|█         | 229/2094 [11:15<1:28:50,  2.86s/it, loss=0.00858]Training epoch 50:  18%|█▊        | 557/3140 [11:16<50:21,  1.17s/it, loss=0.00698]Training epoch 20:  11%|█         | 272/2512 [11:16<1:29:16,  2.39s/it, loss=0.00527]Training epoch 50:  18%|█▊        | 558/3140 [11:17<50:06,  1.16s/it, loss=0.0289] Training epoch 50:  18%|█▊        | 559/3140 [11:18<51:07,  1.19s/it, loss=0.0242]Training epoch 20:  11%|█         | 273/2512 [11:18<1:30:04,  2.41s/it, loss=0.00741]Training epoch 20:  11%|█         | 230/2094 [11:18<1:28:26,  2.85s/it, loss=0.00515]Training epoch 50:  18%|█▊        | 560/3140 [11:19<50:00,  1.16s/it, loss=0.014] Training epoch 50:  18%|█▊        | 561/3140 [11:20<50:28,  1.17s/it, loss=0.00969]Training epoch 20:  11%|█         | 274/2512 [11:20<1:29:48,  2.41s/it, loss=0.0107] Training epoch 20:  11%|█         | 231/2094 [11:21<1:28:23,  2.85s/it, loss=0.015]  Training epoch 50:  18%|█▊        | 562/3140 [11:22<49:41,  1.16s/it, loss=0.00751]Training epoch 50:  18%|█▊        | 563/3140 [11:23<50:17,  1.17s/it, loss=0.00919]Training epoch 20:  11%|█         | 275/2512 [11:23<1:29:33,  2.40s/it, loss=0.0104]Training epoch 50:  18%|█▊        | 564/3140 [11:24<50:33,  1.18s/it, loss=0.00762]Training epoch 20:  11%|█         | 232/2094 [11:24<1:28:18,  2.85s/it, loss=0.00488]Training epoch 50:  18%|█▊        | 565/3140 [11:25<50:08,  1.17s/it, loss=0.00646]Training epoch 20:  11%|█         | 276/2512 [11:25<1:29:18,  2.40s/it, loss=0.00977]Training epoch 50:  18%|█▊        | 566/3140 [11:26<49:58,  1.16s/it, loss=0.00698]Training epoch 20:  11%|█         | 233/2094 [11:27<1:28:31,  2.85s/it, loss=0.00529]Training epoch 50:  18%|█▊        | 567/3140 [11:27<49:52,  1.16s/it, loss=0.0122] Training epoch 20:  11%|█         | 277/2512 [11:28<1:29:34,  2.40s/it, loss=0.00807]Training epoch 50:  18%|█▊        | 568/3140 [11:29<49:47,  1.16s/it, loss=0.00913]Training epoch 50:  18%|█▊        | 569/3140 [11:30<50:44,  1.18s/it, loss=0.00739]Training epoch 20:  11%|█         | 234/2094 [11:30<1:28:48,  2.86s/it, loss=0.0121] Training epoch 20:  11%|█         | 278/2512 [11:30<1:29:14,  2.40s/it, loss=0.00712]Training epoch 50:  18%|█▊        | 570/3140 [11:31<49:47,  1.16s/it, loss=0.0139] Training epoch 50:  18%|█▊        | 571/3140 [11:32<50:15,  1.17s/it, loss=0.00483]Training epoch 20:  11%|█         | 235/2094 [11:33<1:28:42,  2.86s/it, loss=0.0093]Training epoch 20:  11%|█         | 279/2512 [11:32<1:29:38,  2.41s/it, loss=0.0153] Training epoch 50:  18%|█▊        | 572/3140 [11:33<49:20,  1.15s/it, loss=0.00457]Training epoch 50:  18%|█▊        | 573/3140 [11:34<49:59,  1.17s/it, loss=0.0085] Training epoch 20:  11%|█         | 280/2512 [11:35<1:29:55,  2.42s/it, loss=0.00487]Training epoch 20:  11%|█▏        | 236/2094 [11:35<1:28:14,  2.85s/it, loss=0.00436]Training epoch 50:  18%|█▊        | 574/3140 [11:36<49:49,  1.16s/it, loss=0.0126]Training epoch 50:  18%|█▊        | 575/3140 [11:37<49:50,  1.17s/it, loss=0.00873]Training epoch 20:  11%|█         | 281/2512 [11:37<1:29:31,  2.41s/it, loss=0.00816]Training epoch 50:  18%|█▊        | 576/3140 [11:38<50:06,  1.17s/it, loss=0.0118] Training epoch 20:  11%|█▏        | 237/2094 [11:38<1:28:02,  2.84s/it, loss=0.0097] Training epoch 50:  18%|█▊        | 577/3140 [11:39<49:51,  1.17s/it, loss=0.014] Training epoch 20:  11%|█         | 282/2512 [11:40<1:29:19,  2.40s/it, loss=0.00358]Training epoch 50:  18%|█▊        | 578/3140 [11:40<49:42,  1.16s/it, loss=0.00916]Training epoch 20:  11%|█▏        | 238/2094 [11:41<1:28:14,  2.85s/it, loss=0.00816]Training epoch 50:  18%|█▊        | 579/3140 [11:41<49:33,  1.16s/it, loss=0.00557]Training epoch 20:  11%|█▏        | 283/2512 [11:42<1:29:24,  2.41s/it, loss=0.00979]Training epoch 50:  18%|█▊        | 580/3140 [11:43<49:27,  1.16s/it, loss=0.00737]Training epoch 50:  19%|█▊        | 581/3140 [11:44<50:22,  1.18s/it, loss=0.00789]Training epoch 20:  11%|█▏        | 239/2094 [11:44<1:27:59,  2.85s/it, loss=0.00566]Training epoch 20:  11%|█▏        | 284/2512 [11:45<1:29:27,  2.41s/it, loss=0.00691]Training epoch 50:  19%|█▊        | 582/3140 [11:45<49:46,  1.17s/it, loss=0.0135] Training epoch 50:  19%|█▊        | 583/3140 [11:46<49:58,  1.17s/it, loss=0.00902]Training epoch 20:  11%|█▏        | 240/2094 [11:47<1:28:26,  2.86s/it, loss=0.00364]Training epoch 20:  11%|█▏        | 285/2512 [11:47<1:29:10,  2.40s/it, loss=0.00656]Training epoch 50:  19%|█▊        | 584/3140 [11:47<49:44,  1.17s/it, loss=0.00799]Training epoch 50:  19%|█▊        | 585/3140 [11:48<49:40,  1.17s/it, loss=0.00876]Training epoch 20:  11%|█▏        | 286/2512 [11:49<1:29:49,  2.42s/it, loss=0.0107] Training epoch 50:  19%|█▊        | 586/3140 [11:50<50:49,  1.19s/it, loss=0.00819]Training epoch 20:  12%|█▏        | 241/2094 [11:50<1:27:52,  2.85s/it, loss=0.00756]Training epoch 50:  19%|█▊        | 587/3140 [11:51<49:14,  1.16s/it, loss=0.0141] Training epoch 50:  19%|█▊        | 588/3140 [11:52<50:13,  1.18s/it, loss=0.00567]Training epoch 20:  11%|█▏        | 287/2512 [11:52<1:29:01,  2.40s/it, loss=0.00609]Training epoch 20:  12%|█▏        | 242/2094 [11:53<1:28:16,  2.86s/it, loss=0.0161] Training epoch 50:  19%|█▉        | 589/3140 [11:53<48:52,  1.15s/it, loss=0.00644]Training epoch 50:  19%|█▉        | 590/3140 [11:54<49:55,  1.17s/it, loss=0.00992]Training epoch 20:  11%|█▏        | 288/2512 [11:54<1:28:41,  2.39s/it, loss=0.00534]Training epoch 50:  19%|█▉        | 591/3140 [11:55<49:41,  1.17s/it, loss=0.00839]Training epoch 20:  12%|█▏        | 243/2094 [11:55<1:28:07,  2.86s/it, loss=0.0103]Training epoch 50:  19%|█▉        | 592/3140 [11:57<49:53,  1.17s/it, loss=0.00892]Training epoch 20:  12%|█▏        | 289/2512 [11:56<1:28:21,  2.38s/it, loss=0.00479]Training epoch 50:  19%|█▉        | 593/3140 [11:58<49:31,  1.17s/it, loss=0.0107] Training epoch 20:  12%|█▏        | 244/2094 [11:58<1:28:02,  2.86s/it, loss=0.00985]Training epoch 50:  19%|█▉        | 594/3140 [11:59<49:34,  1.17s/it, loss=0.00427]Training epoch 20:  12%|█▏        | 290/2512 [11:59<1:28:42,  2.40s/it, loss=0.00594]Training epoch 50:  19%|█▉        | 595/3140 [12:00<49:27,  1.17s/it, loss=0.00405]Training epoch 20:  12%|█▏        | 245/2094 [12:01<1:28:24,  2.87s/it, loss=0.00641]Training epoch 50:  19%|█▉        | 596/3140 [12:01<49:52,  1.18s/it, loss=0.0239] Training epoch 20:  12%|█▏        | 291/2512 [12:01<1:28:33,  2.39s/it, loss=0.00987]Training epoch 50:  19%|█▉        | 597/3140 [12:02<49:12,  1.16s/it, loss=0.0119]Training epoch 50:  19%|█▉        | 598/3140 [12:04<50:06,  1.18s/it, loss=0.00743]Training epoch 20:  12%|█▏        | 292/2512 [12:04<1:29:20,  2.41s/it, loss=0.0104] Training epoch 20:  12%|█▏        | 246/2094 [12:04<1:27:51,  2.85s/it, loss=0.00423]Training epoch 50:  19%|█▉        | 599/3140 [12:05<49:06,  1.16s/it, loss=0.0079] Training epoch 50:  19%|█▉        | 600/3140 [12:06<49:43,  1.17s/it, loss=0.00334]Training epoch 20:  12%|█▏        | 293/2512 [12:06<1:28:54,  2.40s/it, loss=0.00493]Training epoch 20:  12%|█▏        | 247/2094 [12:07<1:27:47,  2.85s/it, loss=0.00716]Training epoch 50:  19%|█▉        | 601/3140 [12:07<48:56,  1.16s/it, loss=0.0136] Training epoch 50:  19%|█▉        | 602/3140 [12:08<49:29,  1.17s/it, loss=0.0174]Training epoch 20:  12%|█▏        | 294/2512 [12:09<1:28:44,  2.40s/it, loss=0.00631]Training epoch 50:  19%|█▉        | 603/3140 [12:09<49:45,  1.18s/it, loss=0.00589]Training epoch 20:  12%|█▏        | 248/2094 [12:10<1:27:35,  2.85s/it, loss=0.00544]Training epoch 50:  19%|█▉        | 604/3140 [12:11<49:29,  1.17s/it, loss=0.00417]Training epoch 20:  12%|█▏        | 295/2512 [12:11<1:28:32,  2.40s/it, loss=0.00667]Training epoch 50:  19%|█▉        | 605/3140 [12:12<49:16,  1.17s/it, loss=0.00691]Training epoch 20:  12%|█▏        | 249/2094 [12:12<1:27:48,  2.86s/it, loss=0.00392]Training epoch 50:  19%|█▉        | 606/3140 [12:13<49:10,  1.16s/it, loss=0.00659]Training epoch 20:  12%|█▏        | 296/2512 [12:13<1:28:47,  2.40s/it, loss=0.00426]Training epoch 50:  19%|█▉        | 607/3140 [12:14<49:02,  1.16s/it, loss=0.00623]Training epoch 50:  19%|█▉        | 608/3140 [12:15<49:55,  1.18s/it, loss=0.0135] Training epoch 20:  12%|█▏        | 250/2094 [12:15<1:27:46,  2.86s/it, loss=0.0149] Training epoch 20:  12%|█▏        | 297/2512 [12:16<1:28:34,  2.40s/it, loss=0.00332]Training epoch 50:  19%|█▉        | 609/3140 [12:16<48:55,  1.16s/it, loss=0.00729]Training epoch 50:  19%|█▉        | 610/3140 [12:18<49:28,  1.17s/it, loss=0.0102] Training epoch 20:  12%|█▏        | 251/2094 [12:18<1:28:03,  2.87s/it, loss=0.00369]Training epoch 20:  12%|█▏        | 298/2512 [12:18<1:28:58,  2.41s/it, loss=0.0039] Training epoch 50:  19%|█▉        | 611/3140 [12:19<48:34,  1.15s/it, loss=0.00963]Training epoch 50:  19%|█▉        | 612/3140 [12:20<49:09,  1.17s/it, loss=0.00449]Training epoch 20:  12%|█▏        | 299/2512 [12:21<1:29:12,  2.42s/it, loss=0.00664]Training epoch 50:  20%|█▉        | 613/3140 [12:21<49:24,  1.17s/it, loss=0.00788]Training epoch 20:  12%|█▏        | 252/2094 [12:21<1:27:33,  2.85s/it, loss=0.00616]Training epoch 50:  20%|█▉        | 614/3140 [12:22<49:08,  1.17s/it, loss=0.00914]Training epoch 20:  12%|█▏        | 300/2512 [12:23<1:28:45,  2.41s/it, loss=0.00515]Training epoch 50:  20%|█▉        | 615/3140 [12:23<49:11,  1.17s/it, loss=0.00862]Training epoch 20:  12%|█▏        | 253/2094 [12:24<1:27:25,  2.85s/it, loss=0.00646]Training epoch 50:  20%|█▉        | 616/3140 [12:25<48:59,  1.16s/it, loss=0.00678]Training epoch 20:  12%|█▏        | 301/2512 [12:25<1:28:31,  2.40s/it, loss=0.0083] Training epoch 50:  20%|█▉        | 617/3140 [12:26<48:55,  1.16s/it, loss=0.0053] Training epoch 20:  12%|█▏        | 254/2094 [12:27<1:27:32,  2.85s/it, loss=0.00661]Training epoch 50:  20%|█▉        | 618/3140 [12:27<49:13,  1.17s/it, loss=0.01]  Training epoch 20:  12%|█▏        | 302/2512 [12:28<1:28:35,  2.41s/it, loss=0.00716]Training epoch 50:  20%|█▉        | 619/3140 [12:28<48:58,  1.17s/it, loss=0.00489]Training epoch 50:  20%|█▉        | 620/3140 [12:29<49:42,  1.18s/it, loss=0.00885]Training epoch 20:  12%|█▏        | 255/2094 [12:30<1:27:13,  2.85s/it, loss=0.0109] Training epoch 20:  12%|█▏        | 303/2512 [12:30<1:28:29,  2.40s/it, loss=0.00875]Training epoch 50:  20%|█▉        | 621/3140 [12:31<49:18,  1.17s/it, loss=0.0108] Training epoch 50:  20%|█▉        | 622/3140 [12:32<49:15,  1.17s/it, loss=0.00554]Training epoch 20:  12%|█▏        | 256/2094 [12:32<1:27:38,  2.86s/it, loss=0.00501]Training epoch 20:  12%|█▏        | 304/2512 [12:33<1:28:15,  2.40s/it, loss=0.00689]Training epoch 50:  20%|█▉        | 623/3140 [12:33<49:10,  1.17s/it, loss=0.0214] Training epoch 50:  20%|█▉        | 624/3140 [12:34<48:53,  1.17s/it, loss=0.0259]Training epoch 50:  20%|█▉        | 625/3140 [12:35<50:05,  1.20s/it, loss=0.00501]Training epoch 20:  12%|█▏        | 305/2512 [12:35<1:28:56,  2.42s/it, loss=0.0071] Training epoch 20:  12%|█▏        | 257/2094 [12:35<1:26:46,  2.83s/it, loss=0.00713]Training epoch 50:  20%|█▉        | 626/3140 [12:36<48:30,  1.16s/it, loss=0.00617]Training epoch 50:  20%|█▉        | 627/3140 [12:38<49:26,  1.18s/it, loss=0.0136] Training epoch 20:  12%|█▏        | 306/2512 [12:37<1:28:17,  2.40s/it, loss=0.00493]Training epoch 20:  12%|█▏        | 258/2094 [12:38<1:27:17,  2.85s/it, loss=0.00629]Training epoch 50:  20%|██        | 628/3140 [12:39<48:05,  1.15s/it, loss=0.0146]Training epoch 50:  20%|██        | 629/3140 [12:40<49:08,  1.17s/it, loss=0.0063]Training epoch 20:  12%|█▏        | 307/2512 [12:40<1:27:57,  2.39s/it, loss=0.00584]Training epoch 50:  20%|██        | 630/3140 [12:41<49:11,  1.18s/it, loss=0.0122]Training epoch 20:  12%|█▏        | 259/2094 [12:41<1:27:08,  2.85s/it, loss=0.01]   Training epoch 50:  20%|██        | 631/3140 [12:42<49:07,  1.17s/it, loss=0.00804]Training epoch 20:  12%|█▏        | 308/2512 [12:42<1:27:40,  2.39s/it, loss=0.00648]Training epoch 50:  20%|██        | 632/3140 [12:43<48:57,  1.17s/it, loss=0.0133] Training epoch 20:  12%|█▏        | 260/2094 [12:44<1:27:15,  2.85s/it, loss=0.00729]Training epoch 50:  20%|██        | 633/3140 [12:45<48:50,  1.17s/it, loss=0.00799]Training epoch 20:  12%|█▏        | 309/2512 [12:45<1:27:59,  2.40s/it, loss=0.00682]Training epoch 50:  20%|██        | 634/3140 [12:46<48:40,  1.17s/it, loss=0.005]  Training epoch 20:  12%|█▏        | 261/2094 [12:47<1:27:37,  2.87s/it, loss=0.00538]Training epoch 50:  20%|██        | 635/3140 [12:47<49:13,  1.18s/it, loss=0.011]Training epoch 20:  12%|█▏        | 310/2512 [12:47<1:27:46,  2.39s/it, loss=0.00583]Training epoch 50:  20%|██        | 636/3140 [12:48<48:23,  1.16s/it, loss=0.00515]Training epoch 50:  20%|██        | 637/3140 [12:49<49:24,  1.18s/it, loss=0.00734]Training epoch 20:  12%|█▏        | 311/2512 [12:49<1:28:33,  2.41s/it, loss=0.00864]Training epoch 20:  13%|█▎        | 262/2094 [12:50<1:27:05,  2.85s/it, loss=0.00706]Training epoch 50:  20%|██        | 638/3140 [12:50<48:32,  1.16s/it, loss=0.0094] Training epoch 50:  20%|██        | 639/3140 [12:52<49:02,  1.18s/it, loss=0.0157]Training epoch 20:  12%|█▏        | 312/2512 [12:52<1:28:15,  2.41s/it, loss=0.0134] Training epoch 20:  13%|█▎        | 263/2094 [12:52<1:26:53,  2.85s/it, loss=0.00805]Training epoch 50:  20%|██        | 640/3140 [12:53<48:16,  1.16s/it, loss=0.0133]Training epoch 50:  20%|██        | 641/3140 [12:54<48:47,  1.17s/it, loss=0.00386]Training epoch 20:  12%|█▏        | 313/2512 [12:54<1:28:08,  2.40s/it, loss=0.007] Training epoch 50:  20%|██        | 642/3140 [12:55<49:02,  1.18s/it, loss=0.00358]Training epoch 20:  13%|█▎        | 264/2094 [12:55<1:26:37,  2.84s/it, loss=0.00416]Training epoch 50:  20%|██        | 643/3140 [12:56<48:51,  1.17s/it, loss=0.00426]Training epoch 20:  12%|█▎        | 314/2512 [12:57<1:27:59,  2.40s/it, loss=0.00589]Training epoch 50:  21%|██        | 644/3140 [12:57<48:42,  1.17s/it, loss=0.00661]Training epoch 20:  13%|█▎        | 265/2094 [12:58<1:26:46,  2.85s/it, loss=0.0114] Training epoch 50:  21%|██        | 645/3140 [12:59<48:33,  1.17s/it, loss=0.0251] Training epoch 20:  13%|█▎        | 315/2512 [12:59<1:28:05,  2.41s/it, loss=0.00508]Training epoch 50:  21%|██        | 646/3140 [13:00<48:31,  1.17s/it, loss=0.0126]Training epoch 50:  21%|██        | 647/3140 [13:01<49:22,  1.19s/it, loss=0.00926]Training epoch 20:  13%|█▎        | 266/2094 [13:01<1:26:53,  2.85s/it, loss=0.00609]Training epoch 20:  13%|█▎        | 316/2512 [13:01<1:27:42,  2.40s/it, loss=0.00541]Training epoch 50:  21%|██        | 648/3140 [13:02<48:32,  1.17s/it, loss=0.00571]Training epoch 50:  21%|██        | 649/3140 [13:03<49:01,  1.18s/it, loss=0.0051] Training epoch 20:  13%|█▎        | 267/2094 [13:04<1:26:55,  2.85s/it, loss=0.0062] Training epoch 20:  13%|█▎        | 317/2512 [13:04<1:27:46,  2.40s/it, loss=0.00708]Training epoch 50:  21%|██        | 650/3140 [13:04<48:12,  1.16s/it, loss=0.00999]Training epoch 50:  21%|██        | 651/3140 [13:06<48:40,  1.17s/it, loss=0.00457]Training epoch 20:  13%|█▎        | 318/2512 [13:06<1:28:14,  2.41s/it, loss=0.00894]Training epoch 20:  13%|█▎        | 268/2094 [13:07<1:26:33,  2.84s/it, loss=0.00815]Training epoch 50:  21%|██        | 652/3140 [13:07<48:31,  1.17s/it, loss=0.00598]Training epoch 50:  21%|██        | 653/3140 [13:08<48:30,  1.17s/it, loss=0.00689]Training epoch 20:  13%|█▎        | 319/2512 [13:09<1:27:50,  2.40s/it, loss=0.00578]Training epoch 50:  21%|██        | 654/3140 [13:09<48:47,  1.18s/it, loss=0.00576]Training epoch 20:  13%|█▎        | 269/2094 [13:09<1:26:21,  2.84s/it, loss=0.00593]Training epoch 50:  21%|██        | 655/3140 [13:10<48:34,  1.17s/it, loss=0.00428]Training epoch 20:  13%|█▎        | 320/2512 [13:11<1:27:36,  2.40s/it, loss=0.00405]Training epoch 50:  21%|██        | 656/3140 [13:12<48:29,  1.17s/it, loss=0.00635]Training epoch 20:  13%|█▎        | 270/2094 [13:12<1:26:31,  2.85s/it, loss=0.00549]Training epoch 50:  21%|██        | 657/3140 [13:13<48:20,  1.17s/it, loss=0.0185] Training epoch 20:  13%|█▎        | 321/2512 [13:13<1:27:29,  2.40s/it, loss=0.00396]Training epoch 50:  21%|██        | 658/3140 [13:14<48:11,  1.16s/it, loss=0.00533]Training epoch 50:  21%|██        | 659/3140 [13:15<49:00,  1.19s/it, loss=0.00339]Training epoch 20:  13%|█▎        | 271/2094 [13:15<1:26:17,  2.84s/it, loss=0.0158] Training epoch 20:  13%|█▎        | 322/2512 [13:16<1:27:41,  2.40s/it, loss=0.00973]Training epoch 50:  21%|██        | 660/3140 [13:16<48:18,  1.17s/it, loss=0.00522]Training epoch 50:  21%|██        | 661/3140 [13:17<48:42,  1.18s/it, loss=0.0109] Training epoch 20:  13%|█▎        | 272/2094 [13:18<1:26:43,  2.86s/it, loss=0.00804]Training epoch 20:  13%|█▎        | 323/2512 [13:18<1:27:24,  2.40s/it, loss=0.00502]Training epoch 50:  21%|██        | 662/3140 [13:19<48:16,  1.17s/it, loss=0.00492]Training epoch 50:  21%|██        | 663/3140 [13:20<48:29,  1.17s/it, loss=0.0072] Training epoch 20:  13%|█▎        | 324/2512 [13:21<1:27:59,  2.41s/it, loss=0.00742]Training epoch 50:  21%|██        | 664/3140 [13:21<49:10,  1.19s/it, loss=0.00519]Training epoch 20:  13%|█▎        | 273/2094 [13:21<1:26:28,  2.85s/it, loss=0.00685]Training epoch 50:  21%|██        | 665/3140 [13:22<48:07,  1.17s/it, loss=0.00458]Training epoch 20:  13%|█▎        | 325/2512 [13:23<1:27:15,  2.39s/it, loss=0.00663]Training epoch 50:  21%|██        | 666/3140 [13:23<48:39,  1.18s/it, loss=0.021]  Training epoch 20:  13%|█▎        | 274/2094 [13:24<1:26:32,  2.85s/it, loss=0.00486]Training epoch 50:  21%|██        | 667/3140 [13:24<47:54,  1.16s/it, loss=0.0169]Training epoch 20:  13%|█▎        | 326/2512 [13:25<1:27:03,  2.39s/it, loss=0.00451]Training epoch 50:  21%|██▏       | 668/3140 [13:26<48:41,  1.18s/it, loss=0.00382]Training epoch 20:  13%|█▎        | 275/2094 [13:27<1:26:32,  2.85s/it, loss=0.00961]Training epoch 50:  21%|██▏       | 669/3140 [13:27<48:13,  1.17s/it, loss=0.0073] Training epoch 50:  21%|██▏       | 670/3140 [13:28<48:33,  1.18s/it, loss=0.0106]Training epoch 20:  13%|█▎        | 327/2512 [13:28<1:26:50,  2.38s/it, loss=0.019]  Training epoch 50:  21%|██▏       | 671/3140 [13:29<48:19,  1.17s/it, loss=0.0133]Training epoch 20:  13%|█▎        | 276/2094 [13:29<1:26:09,  2.84s/it, loss=0.00753]Training epoch 50:  21%|██▏       | 672/3140 [13:30<48:35,  1.18s/it, loss=0.00775]Training epoch 20:  13%|█▎        | 328/2512 [13:30<1:27:01,  2.39s/it, loss=0.00908]Training epoch 50:  21%|██▏       | 673/3140 [13:31<47:51,  1.16s/it, loss=0.0149] Training epoch 20:  13%|█▎        | 277/2094 [13:32<1:26:31,  2.86s/it, loss=0.00478]Training epoch 50:  21%|██▏       | 674/3140 [13:33<48:16,  1.17s/it, loss=0.00682]Training epoch 20:  13%|█▎        | 329/2512 [13:32<1:26:48,  2.39s/it, loss=0.00837]Training epoch 50:  21%|██▏       | 675/3140 [13:34<47:44,  1.16s/it, loss=0.00838]Training epoch 50:  22%|██▏       | 676/3140 [13:35<48:59,  1.19s/it, loss=0.00668]Training epoch 20:  13%|█▎        | 330/2512 [13:35<1:27:27,  2.40s/it, loss=0.00769]Training epoch 20:  13%|█▎        | 278/2094 [13:35<1:26:01,  2.84s/it, loss=0.00539]Training epoch 50:  22%|██▏       | 677/3140 [13:36<47:58,  1.17s/it, loss=0.0154] Training epoch 50:  22%|██▏       | 678/3140 [13:37<48:32,  1.18s/it, loss=0.00599]Training epoch 20:  13%|█▎        | 331/2512 [13:37<1:27:10,  2.40s/it, loss=0.00472]Training epoch 20:  13%|█▎        | 279/2094 [13:38<1:25:54,  2.84s/it, loss=0.00497]Training epoch 50:  22%|██▏       | 679/3140 [13:39<47:47,  1.17s/it, loss=0.0111] Training epoch 50:  22%|██▏       | 680/3140 [13:40<48:12,  1.18s/it, loss=0.00542]Training epoch 20:  13%|█▎        | 332/2512 [13:40<1:26:59,  2.39s/it, loss=0.00695]Training epoch 50:  22%|██▏       | 681/3140 [13:41<48:28,  1.18s/it, loss=0.0042] Training epoch 20:  13%|█▎        | 280/2094 [13:41<1:26:14,  2.85s/it, loss=0.00526]Training epoch 50:  22%|██▏       | 682/3140 [13:42<47:44,  1.17s/it, loss=0.0124]Training epoch 20:  13%|█▎        | 333/2512 [13:42<1:26:20,  2.38s/it, loss=0.00667]Training epoch 50:  22%|██▏       | 683/3140 [13:43<47:49,  1.17s/it, loss=0.00479]Training epoch 20:  13%|█▎        | 281/2094 [13:44<1:26:27,  2.86s/it, loss=0.00452]Training epoch 50:  22%|██▏       | 684/3140 [13:44<47:46,  1.17s/it, loss=0.00711]Training epoch 20:  13%|█▎        | 334/2512 [13:44<1:26:41,  2.39s/it, loss=0.0103] Training epoch 50:  22%|██▏       | 685/3140 [13:46<47:42,  1.17s/it, loss=0.00578]Training epoch 20:  13%|█▎        | 282/2094 [13:47<1:26:43,  2.87s/it, loss=0.00739]Training epoch 50:  22%|██▏       | 686/3140 [13:47<48:19,  1.18s/it, loss=0.00803]Training epoch 20:  13%|█▎        | 335/2512 [13:47<1:26:30,  2.38s/it, loss=0.00607]Training epoch 50:  22%|██▏       | 687/3140 [13:48<47:33,  1.16s/it, loss=0.00488]Training epoch 50:  22%|██▏       | 688/3140 [13:49<48:26,  1.19s/it, loss=0.0171] Training epoch 20:  14%|█▎        | 283/2094 [13:49<1:26:12,  2.86s/it, loss=0.0085] Training epoch 20:  13%|█▎        | 336/2512 [13:49<1:27:07,  2.40s/it, loss=0.00488]Training epoch 50:  22%|██▏       | 689/3140 [13:50<47:36,  1.17s/it, loss=0.0148]Training epoch 50:  22%|██▏       | 690/3140 [13:51<48:08,  1.18s/it, loss=0.00545]Training epoch 20:  13%|█▎        | 337/2512 [13:52<1:27:02,  2.40s/it, loss=0.0099] Training epoch 20:  14%|█▎        | 284/2094 [13:52<1:25:50,  2.85s/it, loss=0.00347]Training epoch 50:  22%|██▏       | 691/3140 [13:53<47:26,  1.16s/it, loss=0.00343]Training epoch 50:  22%|██▏       | 692/3140 [13:54<47:56,  1.18s/it, loss=0.0125] Training epoch 20:  13%|█▎        | 338/2512 [13:54<1:26:48,  2.40s/it, loss=0.00933]Training epoch 50:  22%|██▏       | 693/3140 [13:55<48:13,  1.18s/it, loss=0.011] Training epoch 20:  14%|█▎        | 285/2094 [13:55<1:25:38,  2.84s/it, loss=0.00198]Training epoch 50:  22%|██▏       | 694/3140 [13:56<47:59,  1.18s/it, loss=0.0076]Training epoch 20:  13%|█▎        | 339/2512 [13:56<1:26:36,  2.39s/it, loss=0.00661]Training epoch 50:  22%|██▏       | 695/3140 [13:57<47:51,  1.17s/it, loss=0.00966]Training epoch 20:  14%|█▎        | 286/2094 [13:58<1:25:45,  2.85s/it, loss=0.00691]Training epoch 50:  22%|██▏       | 696/3140 [13:58<47:40,  1.17s/it, loss=0.00704]Training epoch 20:  14%|█▎        | 340/2512 [13:59<1:26:49,  2.40s/it, loss=0.00819]Training epoch 50:  22%|██▏       | 697/3140 [14:00<47:33,  1.17s/it, loss=0.0063] Training epoch 50:  22%|██▏       | 698/3140 [14:01<48:22,  1.19s/it, loss=0.00944]Training epoch 20:  14%|█▎        | 287/2094 [14:01<1:25:55,  2.85s/it, loss=0.00361]Training epoch 20:  14%|█▎        | 341/2512 [14:01<1:26:30,  2.39s/it, loss=0.00529]Training epoch 50:  22%|██▏       | 699/3140 [14:02<47:32,  1.17s/it, loss=0.00935]Training epoch 50:  22%|██▏       | 700/3140 [14:03<48:01,  1.18s/it, loss=0.00767]Training epoch 20:  14%|█▍        | 288/2094 [14:04<1:25:58,  2.86s/it, loss=0.00399]Training epoch 20:  14%|█▎        | 342/2512 [14:04<1:26:32,  2.39s/it, loss=0.006]  Training epoch 50:  22%|██▏       | 701/3140 [14:04<47:12,  1.16s/it, loss=0.00819]Training epoch 50:  22%|██▏       | 702/3140 [14:06<47:40,  1.17s/it, loss=0.0103] Training epoch 20:  14%|█▎        | 343/2512 [14:06<1:27:09,  2.41s/it, loss=0.015]Training epoch 20:  14%|█▍        | 289/2094 [14:06<1:25:35,  2.84s/it, loss=0.0061] Training epoch 50:  22%|██▏       | 703/3140 [14:07<47:31,  1.17s/it, loss=0.0142]Training epoch 50:  22%|██▏       | 704/3140 [14:08<47:30,  1.17s/it, loss=0.00758]Training epoch 20:  14%|█▎        | 344/2512 [14:08<1:26:47,  2.40s/it, loss=0.004]Training epoch 50:  22%|██▏       | 705/3140 [14:09<47:50,  1.18s/it, loss=0.00949]Training epoch 20:  14%|█▍        | 290/2094 [14:09<1:25:22,  2.84s/it, loss=0.00866]Training epoch 50:  22%|██▏       | 706/3140 [14:10<47:36,  1.17s/it, loss=0.00907]Training epoch 20:  14%|█▎        | 345/2512 [14:11<1:26:32,  2.40s/it, loss=0.00295]Training epoch 50:  23%|██▎       | 707/3140 [14:11<47:31,  1.17s/it, loss=0.0113] Training epoch 20:  14%|█▍        | 291/2094 [14:12<1:25:30,  2.85s/it, loss=0.00659]Training epoch 50:  23%|██▎       | 708/3140 [14:13<47:25,  1.17s/it, loss=0.0107]Training epoch 20:  14%|█▍        | 346/2512 [14:13<1:26:20,  2.39s/it, loss=0.00413]Training epoch 50:  23%|██▎       | 709/3140 [14:14<47:18,  1.17s/it, loss=0.00756]Training epoch 50:  23%|██▎       | 710/3140 [14:15<48:05,  1.19s/it, loss=0.00658]Training epoch 20:  14%|█▍        | 292/2094 [14:15<1:25:20,  2.84s/it, loss=0.00402]Training epoch 20:  14%|█▍        | 347/2512 [14:16<1:26:35,  2.40s/it, loss=0.00227]Training epoch 50:  23%|██▎       | 711/3140 [14:16<47:22,  1.17s/it, loss=0.011]  Training epoch 50:  23%|██▎       | 712/3140 [14:17<47:45,  1.18s/it, loss=0.00978]Training epoch 20:  14%|█▍        | 293/2094 [14:18<1:25:45,  2.86s/it, loss=0.0109] Training epoch 20:  14%|█▍        | 348/2512 [14:18<1:26:20,  2.39s/it, loss=0.00464]Training epoch 50:  23%|██▎       | 713/3140 [14:18<47:18,  1.17s/it, loss=0.00709]Training epoch 50:  23%|██▎       | 714/3140 [14:20<47:31,  1.18s/it, loss=0.0096] Training epoch 20:  14%|█▍        | 349/2512 [14:20<1:26:56,  2.41s/it, loss=0.00746]Training epoch 50:  23%|██▎       | 715/3140 [14:21<48:10,  1.19s/it, loss=0.00741]Training epoch 20:  14%|█▍        | 294/2094 [14:21<1:25:33,  2.85s/it, loss=0.00725]Training epoch 50:  23%|██▎       | 716/3140 [14:22<47:46,  1.18s/it, loss=0.00805]Training epoch 20:  14%|█▍        | 350/2512 [14:23<1:25:44,  2.38s/it, loss=0.00326]Training epoch 50:  23%|██▎       | 717/3140 [14:23<47:51,  1.19s/it, loss=0.018]  Training epoch 20:  14%|█▍        | 295/2094 [14:24<1:25:21,  2.85s/it, loss=0.00413]Training epoch 50:  23%|██▎       | 718/3140 [14:24<47:32,  1.18s/it, loss=0.00511]Training epoch 20:  14%|█▍        | 351/2512 [14:25<1:25:41,  2.38s/it, loss=0.00573]Training epoch 50:  23%|██▎       | 719/3140 [14:26<47:40,  1.18s/it, loss=0.00551]Training epoch 20:  14%|█▍        | 296/2094 [14:26<1:25:26,  2.85s/it, loss=0.0106] Training epoch 50:  23%|██▎       | 720/3140 [14:27<47:18,  1.17s/it, loss=0.00454]Training epoch 20:  14%|█▍        | 352/2512 [14:28<1:25:37,  2.38s/it, loss=0.004]  Training epoch 50:  23%|██▎       | 721/3140 [14:28<47:36,  1.18s/it, loss=0.0168] Training epoch 50:  23%|██▎       | 722/3140 [14:29<47:51,  1.19s/it, loss=0.00713]Training epoch 20:  14%|█▍        | 297/2094 [14:29<1:25:08,  2.84s/it, loss=0.0075]Training epoch 20:  14%|█▍        | 353/2512 [14:30<1:25:57,  2.39s/it, loss=0.00511]Training epoch 50:  23%|██▎       | 723/3140 [14:30<47:42,  1.18s/it, loss=0.00617]Training epoch 50:  23%|██▎       | 724/3140 [14:31<47:21,  1.18s/it, loss=0.00641]Training epoch 20:  14%|█▍        | 298/2094 [14:32<1:25:31,  2.86s/it, loss=0.00325]Training epoch 20:  14%|█▍        | 354/2512 [14:32<1:25:48,  2.39s/it, loss=0.00481]Training epoch 50:  23%|██▎       | 725/3140 [14:33<47:30,  1.18s/it, loss=0.00466]Training epoch 50:  23%|██▎       | 726/3140 [14:34<47:02,  1.17s/it, loss=0.0446] Training epoch 50:  23%|██▎       | 727/3140 [14:35<48:13,  1.20s/it, loss=0.00968]Training epoch 20:  14%|█▍        | 355/2512 [14:35<1:26:25,  2.40s/it, loss=0.00637]Training epoch 20:  14%|█▍        | 299/2094 [14:35<1:25:12,  2.85s/it, loss=0.0209] Training epoch 50:  23%|██▎       | 728/3140 [14:36<46:22,  1.15s/it, loss=0.00964]Training epoch 50:  23%|██▎       | 729/3140 [14:37<47:19,  1.18s/it, loss=0.012]  Training epoch 20:  14%|█▍        | 356/2512 [14:37<1:25:37,  2.38s/it, loss=0.00357]Training epoch 20:  14%|█▍        | 300/2094 [14:38<1:25:24,  2.86s/it, loss=0.00758]Training epoch 50:  23%|██▎       | 730/3140 [14:38<46:12,  1.15s/it, loss=0.00409]Training epoch 50:  23%|██▎       | 731/3140 [14:40<47:11,  1.18s/it, loss=0.00697]Training epoch 20:  14%|█▍        | 357/2512 [14:39<1:25:28,  2.38s/it, loss=0.00793]Training epoch 50:  23%|██▎       | 732/3140 [14:41<47:11,  1.18s/it, loss=0.00607]Training epoch 20:  14%|█▍        | 301/2094 [14:41<1:25:22,  2.86s/it, loss=0.00663]Training epoch 50:  23%|██▎       | 733/3140 [14:42<47:20,  1.18s/it, loss=0.00725]Training epoch 20:  14%|█▍        | 358/2512 [14:42<1:25:07,  2.37s/it, loss=0.00695]Training epoch 50:  23%|██▎       | 734/3140 [14:43<47:03,  1.17s/it, loss=0.00536]Training epoch 20:  14%|█▍        | 302/2094 [14:44<1:25:05,  2.85s/it, loss=0.00824]Training epoch 50:  23%|██▎       | 735/3140 [14:44<47:14,  1.18s/it, loss=0.0143] Training epoch 20:  14%|█▍        | 359/2512 [14:44<1:25:32,  2.38s/it, loss=0.00803]Training epoch 50:  23%|██▎       | 736/3140 [14:46<46:59,  1.17s/it, loss=0.00584]Training epoch 20:  14%|█▍        | 303/2094 [14:46<1:25:25,  2.86s/it, loss=0.00755]Training epoch 50:  23%|██▎       | 737/3140 [14:47<47:06,  1.18s/it, loss=0.00908]Training epoch 20:  14%|█▍        | 360/2512 [14:47<1:25:24,  2.38s/it, loss=0.00707]Training epoch 50:  24%|██▎       | 738/3140 [14:48<46:54,  1.17s/it, loss=0.0348] Training epoch 50:  24%|██▎       | 739/3140 [14:49<47:37,  1.19s/it, loss=0.00843]Training epoch 20:  14%|█▍        | 361/2512 [14:49<1:26:09,  2.40s/it, loss=0.012]  Training epoch 20:  15%|█▍        | 304/2094 [14:49<1:24:59,  2.85s/it, loss=0.00474]Training epoch 50:  24%|██▎       | 740/3140 [14:50<46:44,  1.17s/it, loss=0.00807]Training epoch 50:  24%|██▎       | 741/3140 [14:51<47:06,  1.18s/it, loss=0.00806]Training epoch 20:  14%|█▍        | 362/2512 [14:51<1:25:54,  2.40s/it, loss=0.00905]Training epoch 20:  15%|█▍        | 305/2094 [14:52<1:24:55,  2.85s/it, loss=0.00442]Training epoch 50:  24%|██▎       | 742/3140 [14:53<46:26,  1.16s/it, loss=0.00924]Training epoch 50:  24%|██▎       | 743/3140 [14:54<46:56,  1.18s/it, loss=0.0227] Training epoch 20:  14%|█▍        | 363/2512 [14:54<1:25:43,  2.39s/it, loss=0.00557]Training epoch 50:  24%|██▎       | 744/3140 [14:55<47:13,  1.18s/it, loss=0.00701]Training epoch 20:  15%|█▍        | 306/2094 [14:55<1:24:47,  2.85s/it, loss=0.00518]Training epoch 50:  24%|██▎       | 745/3140 [14:56<46:48,  1.17s/it, loss=0.00647]Training epoch 20:  14%|█▍        | 364/2512 [14:56<1:25:26,  2.39s/it, loss=0.00522]Training epoch 50:  24%|██▍       | 746/3140 [14:57<46:43,  1.17s/it, loss=0.00608]Training epoch 20:  15%|█▍        | 307/2094 [14:58<1:25:00,  2.85s/it, loss=0.00284]Training epoch 50:  24%|██▍       | 747/3140 [14:58<47:42,  1.20s/it, loss=0.00553]Training epoch 20:  15%|█▍        | 365/2512 [14:59<1:25:12,  2.38s/it, loss=0.00787]Training epoch 50:  24%|██▍       | 748/3140 [15:00<47:19,  1.19s/it, loss=0.00357]Training epoch 20:  15%|█▍        | 308/2094 [15:01<1:24:55,  2.85s/it, loss=0.00831]Training epoch 50:  24%|██▍       | 749/3140 [15:01<47:25,  1.19s/it, loss=0.0103] Training epoch 20:  15%|█▍        | 366/2512 [15:01<1:25:08,  2.38s/it, loss=0.00619]Training epoch 50:  24%|██▍       | 750/3140 [15:02<46:48,  1.18s/it, loss=0.0116]Training epoch 50:  24%|██▍       | 751/3140 [15:03<47:31,  1.19s/it, loss=0.00702]Training epoch 20:  15%|█▍        | 309/2094 [15:03<1:24:36,  2.84s/it, loss=0.00667]Training epoch 20:  15%|█▍        | 367/2512 [15:03<1:25:32,  2.39s/it, loss=0.00921]Training epoch 50:  24%|██▍       | 752/3140 [15:04<46:35,  1.17s/it, loss=0.00666]Training epoch 50:  24%|██▍       | 753/3140 [15:06<46:56,  1.18s/it, loss=0.00471]Training epoch 20:  15%|█▍        | 368/2512 [15:06<1:25:51,  2.40s/it, loss=0.00535]Training epoch 20:  15%|█▍        | 310/2094 [15:06<1:24:20,  2.84s/it, loss=0.00356]Training epoch 50:  24%|██▍       | 754/3140 [15:07<46:13,  1.16s/it, loss=0.0197] Training epoch 50:  24%|██▍       | 755/3140 [15:08<46:40,  1.17s/it, loss=0.00554]Training epoch 20:  15%|█▍        | 369/2512 [15:08<1:25:37,  2.40s/it, loss=0.00409]Training epoch 50:  24%|██▍       | 756/3140 [15:09<46:57,  1.18s/it, loss=0.00815]Training epoch 20:  15%|█▍        | 311/2094 [15:09<1:24:14,  2.83s/it, loss=0.00807]Training epoch 50:  24%|██▍       | 757/3140 [15:10<46:41,  1.18s/it, loss=0.00594]Training epoch 20:  15%|█▍        | 370/2512 [15:11<1:25:23,  2.39s/it, loss=0.00985]Training epoch 50:  24%|██▍       | 758/3140 [15:11<46:34,  1.17s/it, loss=0.0046] Training epoch 20:  15%|█▍        | 312/2094 [15:12<1:24:26,  2.84s/it, loss=0.00747]Training epoch 50:  24%|██▍       | 759/3140 [15:13<46:24,  1.17s/it, loss=0.00761]Training epoch 20:  15%|█▍        | 371/2512 [15:13<1:25:34,  2.40s/it, loss=0.00583]Training epoch 50:  24%|██▍       | 760/3140 [15:14<46:17,  1.17s/it, loss=0.0162] Training epoch 50:  24%|██▍       | 761/3140 [15:15<47:13,  1.19s/it, loss=0.0048]Training epoch 20:  15%|█▍        | 313/2094 [15:15<1:24:43,  2.85s/it, loss=0.0103] Training epoch 20:  15%|█▍        | 372/2512 [15:15<1:25:23,  2.39s/it, loss=0.00446]Training epoch 50:  24%|██▍       | 762/3140 [15:16<46:18,  1.17s/it, loss=0.0163]Training epoch 50:  24%|██▍       | 763/3140 [15:17<46:56,  1.18s/it, loss=0.0229]Training epoch 20:  15%|█▍        | 314/2094 [15:18<1:24:28,  2.85s/it, loss=0.00704]Training epoch 20:  15%|█▍        | 373/2512 [15:18<1:25:09,  2.39s/it, loss=0.00647]Training epoch 50:  24%|██▍       | 764/3140 [15:18<46:13,  1.17s/it, loss=0.00652]Training epoch 50:  24%|██▍       | 765/3140 [15:20<46:36,  1.18s/it, loss=0.0129] Training epoch 20:  15%|█▍        | 374/2512 [15:20<1:25:50,  2.41s/it, loss=0.00215]Training epoch 20:  15%|█▌        | 315/2094 [15:21<1:24:14,  2.84s/it, loss=0.00509]Training epoch 50:  24%|██▍       | 766/3140 [15:21<46:05,  1.17s/it, loss=0.0114]Training epoch 50:  24%|██▍       | 767/3140 [15:22<46:27,  1.17s/it, loss=0.00646]Training epoch 20:  15%|█▍        | 375/2512 [15:23<1:25:27,  2.40s/it, loss=0.00865]Training epoch 50:  24%|██▍       | 768/3140 [15:23<46:41,  1.18s/it, loss=0.0103] Training epoch 20:  15%|█▌        | 316/2094 [15:23<1:24:05,  2.84s/it, loss=0.00572]Training epoch 50:  24%|██▍       | 769/3140 [15:24<46:26,  1.18s/it, loss=0.0066]Training epoch 20:  15%|█▍        | 376/2512 [15:25<1:25:15,  2.39s/it, loss=0.00692]Training epoch 50:  25%|██▍       | 770/3140 [15:25<46:16,  1.17s/it, loss=0.0109]Training epoch 20:  15%|█▌        | 317/2094 [15:26<1:24:16,  2.85s/it, loss=0.00435]Training epoch 50:  25%|██▍       | 771/3140 [15:27<46:07,  1.17s/it, loss=0.00821]Training epoch 20:  15%|█▌        | 377/2512 [15:27<1:25:06,  2.39s/it, loss=0.00703]Training epoch 50:  25%|██▍       | 772/3140 [15:28<46:02,  1.17s/it, loss=0.00915]Training epoch 50:  25%|██▍       | 773/3140 [15:29<46:51,  1.19s/it, loss=0.00736]Training epoch 20:  15%|█▌        | 318/2094 [15:29<1:24:11,  2.84s/it, loss=0.00709]Training epoch 20:  15%|█▌        | 378/2512 [15:30<1:25:15,  2.40s/it, loss=0.00784]Training epoch 50:  25%|██▍       | 774/3140 [15:30<46:04,  1.17s/it, loss=0.00582]Training epoch 50:  25%|██▍       | 775/3140 [15:31<46:25,  1.18s/it, loss=0.00573]Training epoch 20:  15%|█▌        | 319/2094 [15:32<1:24:32,  2.86s/it, loss=0.00708]Training epoch 20:  15%|█▌        | 379/2512 [15:32<1:25:02,  2.39s/it, loss=0.00377]Training epoch 50:  25%|██▍       | 776/3140 [15:33<46:02,  1.17s/it, loss=0.0118] Training epoch 50:  25%|██▍       | 777/3140 [15:34<46:17,  1.18s/it, loss=0.00599]Training epoch 20:  15%|█▌        | 380/2512 [15:35<1:25:38,  2.41s/it, loss=0.00396]Training epoch 20:  15%|█▌        | 320/2094 [15:35<1:24:29,  2.86s/it, loss=0.0107] Training epoch 50:  25%|██▍       | 778/3140 [15:35<46:51,  1.19s/it, loss=0.00469]Training epoch 50:  25%|██▍       | 779/3140 [15:36<46:22,  1.18s/it, loss=0.0062] Training epoch 20:  15%|█▌        | 381/2512 [15:37<1:24:23,  2.38s/it, loss=0.00661]Training epoch 50:  25%|██▍       | 780/3140 [15:37<46:40,  1.19s/it, loss=0.00698]Training epoch 20:  15%|█▌        | 321/2094 [15:38<1:24:06,  2.85s/it, loss=0.00591]Training epoch 50:  25%|██▍       | 781/3140 [15:38<46:21,  1.18s/it, loss=0.00477]Training epoch 20:  15%|█▌        | 382/2512 [15:39<1:24:24,  2.38s/it, loss=0.00559]Training epoch 50:  25%|██▍       | 782/3140 [15:40<46:25,  1.18s/it, loss=0.0078] Training epoch 20:  15%|█▌        | 322/2094 [15:40<1:24:11,  2.85s/it, loss=0.0143] Training epoch 50:  25%|██▍       | 783/3140 [15:41<46:00,  1.17s/it, loss=0.00732]Training epoch 20:  15%|█▌        | 383/2512 [15:42<1:24:24,  2.38s/it, loss=0.0041] Training epoch 50:  25%|██▍       | 784/3140 [15:42<46:20,  1.18s/it, loss=0.0047] Training epoch 50:  25%|██▌       | 785/3140 [15:43<46:35,  1.19s/it, loss=0.00436]Training epoch 20:  15%|█▌        | 323/2094 [15:43<1:23:55,  2.84s/it, loss=0.00834]Training epoch 20:  15%|█▌        | 384/2512 [15:44<1:24:43,  2.39s/it, loss=0.00618]Training epoch 50:  25%|██▌       | 786/3140 [15:44<46:26,  1.18s/it, loss=0.00817]Training epoch 50:  25%|██▌       | 787/3140 [15:46<46:06,  1.18s/it, loss=0.00864]Training epoch 20:  15%|█▌        | 324/2094 [15:46<1:24:18,  2.86s/it, loss=0.00458]Training epoch 20:  15%|█▌        | 385/2512 [15:46<1:24:34,  2.39s/it, loss=0.00651]Training epoch 50:  25%|██▌       | 788/3140 [15:47<46:16,  1.18s/it, loss=0.00473]Training epoch 50:  25%|██▌       | 789/3140 [15:48<45:48,  1.17s/it, loss=0.00777]Training epoch 50:  25%|██▌       | 790/3140 [15:49<46:58,  1.20s/it, loss=0.00514]Training epoch 20:  15%|█▌        | 386/2512 [15:49<1:25:11,  2.40s/it, loss=0.00509]Training epoch 20:  16%|█▌        | 325/2094 [15:49<1:24:16,  2.86s/it, loss=0.00648]Training epoch 50:  25%|██▌       | 792/3140 [15:51<45:18,  1.16s/it, loss=0.0292] Training epoch 20:  15%|█▌        | 387/2512 [15:51<1:24:49,  2.40s/it, loss=0.00789]Training epoch 20:  16%|█▌        | 326/2094 [15:52<1:24:04,  2.85s/it, loss=0.00846]Training epoch 50:  25%|██▌       | 793/3140 [15:52<44:56,  1.15s/it, loss=0.00641]Training epoch 50:  25%|██▌       | 794/3140 [15:54<45:34,  1.17s/it, loss=0.00546]Training epoch 20:  15%|█▌        | 388/2512 [15:54<1:24:36,  2.39s/it, loss=0.00462]Training epoch 50:  25%|██▌       | 795/3140 [15:55<45:54,  1.17s/it, loss=0.00678]Training epoch 20:  16%|█▌        | 327/2094 [15:55<1:24:14,  2.86s/it, loss=0.0061] Training epoch 50:  25%|██▌       | 796/3140 [15:56<45:30,  1.16s/it, loss=0.00682]Training epoch 20:  15%|█▌        | 389/2512 [15:56<1:24:04,  2.38s/it, loss=0.00399]Training epoch 50:  25%|██▌       | 797/3140 [15:57<45:28,  1.16s/it, loss=0.00489]Training epoch 20:  16%|█▌        | 328/2094 [15:58<1:24:17,  2.86s/it, loss=0.00408]Training epoch 50:  25%|██▌       | 798/3140 [15:58<45:24,  1.16s/it, loss=0.00737]Training epoch 20:  16%|█▌        | 390/2512 [15:58<1:24:28,  2.39s/it, loss=0.00331]Training epoch 50:  25%|██▌       | 799/3140 [16:00<45:23,  1.16s/it, loss=0.00705]Training epoch 20:  16%|█▌        | 329/2094 [16:01<1:24:32,  2.87s/it, loss=0.00753]Training epoch 50:  25%|██▌       | 800/3140 [16:01<45:54,  1.18s/it, loss=0.00933]Training epoch 20:  16%|█▌        | 391/2512 [16:01<1:24:21,  2.39s/it, loss=0.00703]Training epoch 50:  26%|██▌       | 801/3140 [16:02<45:19,  1.16s/it, loss=0.00736]Training epoch 50:  26%|██▌       | 802/3140 [16:03<46:10,  1.18s/it, loss=0.00699]Training epoch 20:  16%|█▌        | 330/2094 [16:03<1:24:01,  2.86s/it, loss=0.0109] Training epoch 20:  16%|█▌        | 392/2512 [16:03<1:24:58,  2.40s/it, loss=0.00693]Training epoch 50:  26%|██▌       | 803/3140 [16:04<45:19,  1.16s/it, loss=0.00503]Training epoch 50:  26%|██▌       | 804/3140 [16:05<45:44,  1.17s/it, loss=0.0111] Training epoch 20:  16%|█▌        | 393/2512 [16:06<1:24:54,  2.40s/it, loss=0.0091] Training epoch 20:  16%|█▌        | 331/2094 [16:06<1:23:42,  2.85s/it, loss=0.0077]Training epoch 50:  26%|██▌       | 805/3140 [16:07<45:07,  1.16s/it, loss=0.00768]Training epoch 50:  26%|██▌       | 806/3140 [16:08<45:38,  1.17s/it, loss=0.00621]Training epoch 20:  16%|█▌        | 394/2512 [16:08<1:24:38,  2.40s/it, loss=0.00432]Training epoch 50:  26%|██▌       | 807/3140 [16:09<45:55,  1.18s/it, loss=0.00735]Training epoch 20:  16%|█▌        | 332/2094 [16:09<1:23:28,  2.84s/it, loss=0.00683]Training epoch 50:  26%|██▌       | 808/3140 [16:10<45:43,  1.18s/it, loss=0.00643]Training epoch 20:  16%|█▌        | 395/2512 [16:10<1:24:21,  2.39s/it, loss=0.01]   Training epoch 50:  26%|██▌       | 809/3140 [16:11<45:37,  1.17s/it, loss=0.00399]Training epoch 20:  16%|█▌        | 333/2094 [16:12<1:23:36,  2.85s/it, loss=0.0071] Training epoch 50:  26%|██▌       | 810/3140 [16:12<45:30,  1.17s/it, loss=0.00633]Training epoch 20:  16%|█▌        | 396/2512 [16:13<1:24:33,  2.40s/it, loss=0.00637]Training epoch 50:  26%|██▌       | 811/3140 [16:14<45:22,  1.17s/it, loss=0.00445]Training epoch 50:  26%|██▌       | 812/3140 [16:15<46:09,  1.19s/it, loss=0.0058] Training epoch 20:  16%|█▌        | 334/2094 [16:15<1:23:46,  2.86s/it, loss=0.00895]Training epoch 20:  16%|█▌        | 397/2512 [16:15<1:24:17,  2.39s/it, loss=0.00338]Training epoch 50:  26%|██▌       | 813/3140 [16:16<45:16,  1.17s/it, loss=0.0143]Training epoch 50:  26%|██▌       | 814/3140 [16:17<45:38,  1.18s/it, loss=0.0223]Training epoch 20:  16%|█▌        | 335/2094 [16:18<1:23:47,  2.86s/it, loss=0.0065] Training epoch 20:  16%|█▌        | 398/2512 [16:18<1:24:25,  2.40s/it, loss=0.00825]Training epoch 50:  26%|██▌       | 815/3140 [16:18<44:52,  1.16s/it, loss=0.00887]Training epoch 50:  26%|██▌       | 816/3140 [16:19<45:24,  1.17s/it, loss=0.00718]Training epoch 20:  16%|█▌        | 399/2512 [16:20<1:24:56,  2.41s/it, loss=0.0111] Training epoch 20:  16%|█▌        | 336/2094 [16:20<1:23:21,  2.85s/it, loss=0.0073]Training epoch 50:  26%|██▌       | 817/3140 [16:21<45:17,  1.17s/it, loss=0.0186] Training epoch 50:  26%|██▌       | 818/3140 [16:22<45:16,  1.17s/it, loss=0.00858]Training epoch 20:  16%|█▌        | 400/2512 [16:22<1:24:34,  2.40s/it, loss=0.00489]Training epoch 50:  26%|██▌       | 819/3140 [16:23<45:32,  1.18s/it, loss=0.00409]Training epoch 20:  16%|█▌        | 337/2094 [16:23<1:23:09,  2.84s/it, loss=0.0064]Training epoch 50:  26%|██▌       | 820/3140 [16:24<45:19,  1.17s/it, loss=0.00459]Training epoch 20:  16%|█▌        | 401/2512 [16:25<1:24:21,  2.40s/it, loss=0.00478]Training epoch 50:  26%|██▌       | 821/3140 [16:25<45:15,  1.17s/it, loss=0.00551]Training epoch 20:  16%|█▌        | 338/2094 [16:26<1:23:18,  2.85s/it, loss=0.00745]Training epoch 50:  26%|██▌       | 822/3140 [16:26<45:07,  1.17s/it, loss=0.00407]Training epoch 20:  16%|█▌        | 402/2512 [16:27<1:24:12,  2.39s/it, loss=0.0054] Training epoch 50:  26%|██▌       | 823/3140 [16:28<45:00,  1.17s/it, loss=0.00598]Training epoch 50:  26%|██▌       | 824/3140 [16:29<45:46,  1.19s/it, loss=0.00547]Training epoch 20:  16%|█▌        | 339/2094 [16:29<1:23:07,  2.84s/it, loss=0.00466]Training epoch 20:  16%|█▌        | 403/2512 [16:30<1:24:24,  2.40s/it, loss=0.0043]Training epoch 50:  26%|██▋       | 825/3140 [16:30<45:09,  1.17s/it, loss=0.00804]Training epoch 50:  26%|██▋       | 826/3140 [16:31<45:28,  1.18s/it, loss=0.00656]Training epoch 20:  16%|█▌        | 340/2094 [16:32<1:23:29,  2.86s/it, loss=0.00556]Training epoch 20:  16%|█▌        | 404/2512 [16:32<1:24:08,  2.39s/it, loss=0.00416]Training epoch 50:  26%|██▋       | 827/3140 [16:32<45:07,  1.17s/it, loss=0.00481]Training epoch 50:  26%|██▋       | 828/3140 [16:34<45:17,  1.18s/it, loss=0.00506]Training epoch 20:  16%|█▌        | 405/2512 [16:34<1:24:41,  2.41s/it, loss=0.00277]Training epoch 50:  26%|██▋       | 829/3140 [16:35<45:57,  1.19s/it, loss=0.0112] Training epoch 20:  16%|█▋        | 341/2094 [16:35<1:23:17,  2.85s/it, loss=0.00744]Training epoch 50:  26%|██▋       | 830/3140 [16:36<45:32,  1.18s/it, loss=0.00595]Training epoch 20:  16%|█▌        | 406/2512 [16:37<1:23:27,  2.38s/it, loss=0.00505]Training epoch 50:  26%|██▋       | 831/3140 [16:37<45:35,  1.18s/it, loss=0.012]  Training epoch 20:  16%|█▋        | 342/2094 [16:38<1:23:09,  2.85s/it, loss=0.00902]Training epoch 50:  26%|██▋       | 832/3140 [16:38<45:14,  1.18s/it, loss=0.00552]Training epoch 20:  16%|█▌        | 407/2512 [16:39<1:23:27,  2.38s/it, loss=0.0087] Training epoch 50:  27%|██▋       | 833/3140 [16:39<45:24,  1.18s/it, loss=0.00463]Training epoch 20:  16%|█▋        | 343/2094 [16:40<1:23:12,  2.85s/it, loss=0.00994]Training epoch 50:  27%|██▋       | 834/3140 [16:41<45:05,  1.17s/it, loss=0.00536]Training epoch 20:  16%|█▌        | 408/2512 [16:42<1:23:23,  2.38s/it, loss=0.0091]Training epoch 50:  27%|██▋       | 835/3140 [16:42<45:21,  1.18s/it, loss=0.016]  Training epoch 50:  27%|██▋       | 836/3140 [16:43<45:34,  1.19s/it, loss=0.0087]Training epoch 20:  16%|█▋        | 344/2094 [16:43<1:22:55,  2.84s/it, loss=0.00466]Training epoch 20:  16%|█▋        | 409/2512 [16:44<1:23:39,  2.39s/it, loss=0.00345]Training epoch 50:  27%|██▋       | 837/3140 [16:44<45:27,  1.18s/it, loss=0.00664]Training epoch 50:  27%|██▋       | 838/3140 [16:45<45:06,  1.18s/it, loss=0.00416]Training epoch 20:  16%|█▋        | 345/2094 [16:46<1:23:18,  2.86s/it, loss=0.00944]Training epoch 20:  16%|█▋        | 410/2512 [16:46<1:23:31,  2.38s/it, loss=0.00738]Training epoch 50:  27%|██▋       | 839/3140 [16:47<45:15,  1.18s/it, loss=0.00807]Training epoch 50:  27%|██▋       | 840/3140 [16:48<44:48,  1.17s/it, loss=0.00895]Training epoch 50:  27%|██▋       | 841/3140 [16:49<45:57,  1.20s/it, loss=0.00724]Training epoch 20:  16%|█▋        | 411/2512 [16:49<1:24:09,  2.40s/it, loss=0.00469]Training epoch 20:  17%|█▋        | 346/2094 [16:49<1:22:55,  2.85s/it, loss=0.00731]Training epoch 50:  27%|██▋       | 842/3140 [16:50<44:15,  1.16s/it, loss=0.00776]Training epoch 50:  27%|██▋       | 843/3140 [16:51<45:07,  1.18s/it, loss=0.00519]Training epoch 20:  16%|█▋        | 412/2512 [16:51<1:23:26,  2.38s/it, loss=0.00504]Training epoch 20:  17%|█▋        | 347/2094 [16:52<1:23:11,  2.86s/it, loss=0.0118] Training epoch 50:  27%|██▋       | 844/3140 [16:52<44:04,  1.15s/it, loss=0.0188] Training epoch 50:  27%|██▋       | 845/3140 [16:54<45:02,  1.18s/it, loss=0.00472]Training epoch 20:  16%|█▋        | 413/2512 [16:53<1:23:15,  2.38s/it, loss=0.00467]Training epoch 50:  27%|██▋       | 846/3140 [16:55<44:57,  1.18s/it, loss=0.011]  Training epoch 20:  17%|█▋        | 348/2094 [16:55<1:23:08,  2.86s/it, loss=0.00963]Training epoch 50:  27%|██▋       | 847/3140 [16:56<45:05,  1.18s/it, loss=0.00368]Training epoch 20:  16%|█▋        | 414/2512 [16:56<1:22:54,  2.37s/it, loss=0.0112] Training epoch 50:  27%|██▋       | 848/3140 [16:57<44:46,  1.17s/it, loss=0.00635]Training epoch 20:  17%|█▋        | 349/2094 [16:58<1:22:59,  2.85s/it, loss=0.0104] Training epoch 50:  27%|██▋       | 849/3140 [16:58<44:57,  1.18s/it, loss=0.00565]Training epoch 20:  17%|█▋        | 415/2512 [16:58<1:23:17,  2.38s/it, loss=0.00473]Training epoch 50:  27%|██▋       | 850/3140 [16:59<44:44,  1.17s/it, loss=0.00973]Training epoch 20:  17%|█▋        | 350/2094 [17:00<1:23:15,  2.86s/it, loss=0.00544]Training epoch 50:  27%|██▋       | 851/3140 [17:01<44:55,  1.18s/it, loss=0.00687]Training epoch 20:  17%|█▋        | 416/2512 [17:01<1:23:10,  2.38s/it, loss=0.0085] Training epoch 50:  27%|██▋       | 852/3140 [17:02<44:38,  1.17s/it, loss=0.0134] Training epoch 50:  27%|██▋       | 853/3140 [17:03<45:23,  1.19s/it, loss=0.0177]Training epoch 20:  17%|█▋        | 417/2512 [17:03<1:23:51,  2.40s/it, loss=0.00433]Training epoch 20:  17%|█▋        | 351/2094 [17:03<1:22:41,  2.85s/it, loss=0.00467]Training epoch 50:  27%|██▋       | 854/3140 [17:04<44:29,  1.17s/it, loss=0.00588]Training epoch 50:  27%|██▋       | 855/3140 [17:05<44:50,  1.18s/it, loss=0.00479]Training epoch 20:  17%|█▋        | 418/2512 [17:05<1:23:35,  2.40s/it, loss=0.00939]Training epoch 20:  17%|█▋        | 352/2094 [17:06<1:22:40,  2.85s/it, loss=0.0101] Training epoch 50:  27%|██▋       | 856/3140 [17:06<44:12,  1.16s/it, loss=0.00534]Training epoch 50:  27%|██▋       | 857/3140 [17:08<44:38,  1.17s/it, loss=0.01]   Training epoch 20:  17%|█▋        | 419/2512 [17:08<1:23:27,  2.39s/it, loss=0.00728]Training epoch 50:  27%|██▋       | 858/3140 [17:09<44:55,  1.18s/it, loss=0.00725]Training epoch 20:  17%|█▋        | 353/2094 [17:09<1:22:29,  2.84s/it, loss=0.00512]Training epoch 50:  27%|██▋       | 859/3140 [17:10<44:35,  1.17s/it, loss=0.00571]Training epoch 20:  17%|█▋        | 420/2512 [17:10<1:23:11,  2.39s/it, loss=0.00429]Training epoch 50:  27%|██▋       | 860/3140 [17:11<44:28,  1.17s/it, loss=0.0116] Training epoch 20:  17%|█▋        | 354/2094 [17:12<1:22:45,  2.85s/it, loss=0.00582]Training epoch 50:  27%|██▋       | 861/3140 [17:12<44:24,  1.17s/it, loss=0.00522]Training epoch 20:  17%|█▋        | 421/2512 [17:13<1:23:27,  2.39s/it, loss=0.00846]Training epoch 50:  27%|██▋       | 862/3140 [17:14<44:18,  1.17s/it, loss=0.00704]Training epoch 50:  27%|██▋       | 863/3140 [17:15<45:03,  1.19s/it, loss=0.00746]Training epoch 20:  17%|█▋        | 355/2094 [17:15<1:22:59,  2.86s/it, loss=0.00349]Training epoch 20:  17%|█▋        | 422/2512 [17:15<1:23:13,  2.39s/it, loss=0.0154] Training epoch 50:  28%|██▊       | 864/3140 [17:16<44:16,  1.17s/it, loss=0.0106] Training epoch 50:  28%|██▊       | 865/3140 [17:17<44:52,  1.18s/it, loss=0.00476]Training epoch 20:  17%|█▋        | 356/2094 [17:18<1:22:42,  2.86s/it, loss=0.00239]Training epoch 20:  17%|█▋        | 423/2512 [17:17<1:23:35,  2.40s/it, loss=0.0142]Training epoch 50:  28%|██▊       | 866/3140 [17:18<44:08,  1.16s/it, loss=0.00474]Training epoch 50:  28%|██▊       | 867/3140 [17:19<44:31,  1.18s/it, loss=0.0124] Training epoch 20:  17%|█▋        | 424/2512 [17:20<1:23:44,  2.41s/it, loss=0.00497]Training epoch 20:  17%|█▋        | 357/2094 [17:20<1:22:21,  2.84s/it, loss=0.00343]Training epoch 50:  28%|██▊       | 868/3140 [17:21<44:05,  1.16s/it, loss=0.00856]Training epoch 50:  28%|██▊       | 869/3140 [17:22<44:25,  1.17s/it, loss=0.00535]Training epoch 20:  17%|█▋        | 425/2512 [17:22<1:23:24,  2.40s/it, loss=0.00335]Training epoch 50:  28%|██▊       | 870/3140 [17:23<44:41,  1.18s/it, loss=0.00748]Training epoch 20:  17%|█▋        | 358/2094 [17:23<1:22:08,  2.84s/it, loss=0.00464]Training epoch 50:  28%|██▊       | 871/3140 [17:24<44:29,  1.18s/it, loss=0.0131] Training epoch 20:  17%|█▋        | 426/2512 [17:25<1:23:09,  2.39s/it, loss=0.00496]Training epoch 50:  28%|██▊       | 872/3140 [17:25<44:20,  1.17s/it, loss=0.0138]Training epoch 20:  17%|█▋        | 359/2094 [17:26<1:22:17,  2.85s/it, loss=0.00592]Training epoch 50:  28%|██▊       | 873/3140 [17:26<44:14,  1.17s/it, loss=0.0186]Training epoch 20:  17%|█▋        | 427/2512 [17:27<1:23:20,  2.40s/it, loss=0.00628]Training epoch 50:  28%|██▊       | 874/3140 [17:28<44:08,  1.17s/it, loss=0.00313]Training epoch 50:  28%|██▊       | 875/3140 [17:29<44:54,  1.19s/it, loss=0.0125] Training epoch 20:  17%|█▋        | 360/2094 [17:29<1:22:12,  2.84s/it, loss=0.00427]Training epoch 20:  17%|█▋        | 428/2512 [17:29<1:23:07,  2.39s/it, loss=0.00542]Training epoch 50:  28%|██▊       | 876/3140 [17:30<44:04,  1.17s/it, loss=0.00841]Training epoch 50:  28%|██▊       | 877/3140 [17:31<44:25,  1.18s/it, loss=0.00588]Training epoch 20:  17%|█▋        | 361/2094 [17:32<1:22:32,  2.86s/it, loss=0.00486]Training epoch 20:  17%|█▋        | 429/2512 [17:32<1:24:01,  2.42s/it, loss=0.00432]Training epoch 50:  28%|██▊       | 878/3140 [17:32<43:19,  1.15s/it, loss=0.0151] Training epoch 50:  28%|██▊       | 879/3140 [17:33<43:53,  1.16s/it, loss=0.0177]Training epoch 20:  17%|█▋        | 430/2512 [17:34<1:24:20,  2.43s/it, loss=0.0112] Training epoch 20:  17%|█▋        | 362/2094 [17:35<1:22:00,  2.84s/it, loss=0.00847]Training epoch 50:  28%|██▊       | 880/3140 [17:35<44:26,  1.18s/it, loss=0.00387]Training epoch 50:  28%|██▊       | 881/3140 [17:36<44:05,  1.17s/it, loss=0.0045] Training epoch 20:  17%|█▋        | 431/2512 [17:37<1:23:04,  2.40s/it, loss=0.00737]Training epoch 50:  28%|██▊       | 882/3140 [17:37<44:26,  1.18s/it, loss=0.00995]Training epoch 20:  17%|█▋        | 363/2094 [17:37<1:21:47,  2.84s/it, loss=0.00684]Training epoch 50:  28%|██▊       | 883/3140 [17:38<44:13,  1.18s/it, loss=0.00776]Training epoch 20:  17%|█▋        | 432/2512 [17:39<1:22:53,  2.39s/it, loss=0.00452]Training epoch 50:  28%|██▊       | 884/3140 [17:39<44:17,  1.18s/it, loss=0.00877]Training epoch 20:  17%|█▋        | 364/2094 [17:40<1:21:57,  2.84s/it, loss=0.0057] Training epoch 50:  28%|██▊       | 885/3140 [17:41<43:56,  1.17s/it, loss=0.00545]Training epoch 20:  17%|█▋        | 433/2512 [17:41<1:22:44,  2.39s/it, loss=0.00517]Training epoch 50:  28%|██▊       | 886/3140 [17:42<44:15,  1.18s/it, loss=0.00997]Training epoch 50:  28%|██▊       | 887/3140 [17:43<44:33,  1.19s/it, loss=0.0189] Training epoch 20:  17%|█▋        | 365/2094 [17:43<1:21:46,  2.84s/it, loss=0.00837]Training epoch 20:  17%|█▋        | 434/2512 [17:44<1:22:57,  2.40s/it, loss=0.00584]Training epoch 50:  28%|██▊       | 888/3140 [17:44<44:23,  1.18s/it, loss=0.00969]Training epoch 50:  28%|██▊       | 889/3140 [17:45<44:06,  1.18s/it, loss=0.0064] Training epoch 20:  17%|█▋        | 366/2094 [17:46<1:22:11,  2.85s/it, loss=0.00546]Training epoch 20:  17%|█▋        | 435/2512 [17:46<1:22:44,  2.39s/it, loss=0.0034] Training epoch 50:  28%|██▊       | 890/3140 [17:46<44:13,  1.18s/it, loss=0.00481]Training epoch 50:  28%|██▊       | 891/3140 [17:48<43:48,  1.17s/it, loss=0.0132] Training epoch 50:  28%|██▊       | 892/3140 [17:49<44:53,  1.20s/it, loss=0.0101]Training epoch 20:  17%|█▋        | 436/2512 [17:49<1:23:12,  2.41s/it, loss=0.0167]Training epoch 20:  18%|█▊        | 367/2094 [17:49<1:22:06,  2.85s/it, loss=0.0103] Training epoch 50:  28%|██▊       | 893/3140 [17:50<43:04,  1.15s/it, loss=0.00701]Training epoch 50:  28%|██▊       | 894/3140 [17:51<44:02,  1.18s/it, loss=0.00431]Training epoch 20:  17%|█▋        | 437/2512 [17:51<1:22:21,  2.38s/it, loss=0.00583]Training epoch 20:  18%|█▊        | 368/2094 [17:52<1:22:18,  2.86s/it, loss=0.00414]Training epoch 50:  29%|██▊       | 895/3140 [17:52<43:02,  1.15s/it, loss=0.00747]Training epoch 20:  17%|█▋        | 438/2512 [17:53<1:22:12,  2.38s/it, loss=0.012]  Training epoch 50:  29%|██▊       | 896/3140 [17:54<46:13,  1.24s/it, loss=0.0196] Training epoch 20:  18%|█▊        | 369/2094 [17:54<1:20:58,  2.82s/it, loss=0.00499]Training epoch 50:  29%|██▊       | 897/3140 [17:55<45:21,  1.21s/it, loss=0.00671]Training epoch 20:  17%|█▋        | 439/2512 [17:56<1:21:27,  2.36s/it, loss=0.00689]Training epoch 50:  29%|██▊       | 898/3140 [17:56<44:57,  1.20s/it, loss=0.0483] Training epoch 50:  29%|██▊       | 899/3140 [17:57<45:11,  1.21s/it, loss=0.00945]Training epoch 20:  18%|█▊        | 370/2094 [17:57<1:21:09,  2.82s/it, loss=0.00578]Training epoch 20:  18%|█▊        | 440/2512 [17:58<1:21:55,  2.37s/it, loss=0.00503]Training epoch 50:  29%|██▊       | 900/3140 [17:58<44:28,  1.19s/it, loss=0.0127] Training epoch 50:  29%|██▊       | 901/3140 [18:00<44:18,  1.19s/it, loss=0.00601]Training epoch 20:  18%|█▊        | 371/2094 [18:00<1:21:40,  2.84s/it, loss=0.00693]Training epoch 20:  18%|█▊        | 441/2512 [18:00<1:21:57,  2.37s/it, loss=0.00332]Training epoch 50:  29%|██▊       | 902/3140 [18:01<44:05,  1.18s/it, loss=0.00968]Training epoch 50:  29%|██▉       | 903/3140 [18:02<43:51,  1.18s/it, loss=0.00722]Training epoch 20:  18%|█▊        | 442/2512 [18:03<1:22:42,  2.40s/it, loss=0.00613]Training epoch 20:  18%|█▊        | 372/2094 [18:03<1:22:00,  2.86s/it, loss=0.00414]Training epoch 50:  29%|██▉       | 904/3140 [18:03<44:36,  1.20s/it, loss=0.00949]Training epoch 50:  29%|██▉       | 905/3140 [18:04<43:31,  1.17s/it, loss=0.0121] Training epoch 50:  29%|██▉       | 906/3140 [18:05<44:31,  1.20s/it, loss=0.00848]Training epoch 20:  18%|█▊        | 443/2512 [18:05<1:22:28,  2.39s/it, loss=0.00321]Training epoch 20:  18%|█▊        | 373/2094 [18:06<1:21:15,  2.83s/it, loss=0.00676]Training epoch 50:  29%|██▉       | 907/3140 [18:07<43:19,  1.16s/it, loss=0.00631]Training epoch 50:  29%|██▉       | 908/3140 [18:08<44:07,  1.19s/it, loss=0.00955]Training epoch 20:  18%|█▊        | 444/2512 [18:08<1:22:14,  2.39s/it, loss=0.00662]Training epoch 20:  18%|█▊        | 374/2094 [18:09<1:21:40,  2.85s/it, loss=0.00967]Training epoch 50:  29%|██▉       | 909/3140 [18:09<43:01,  1.16s/it, loss=0.00513]Training epoch 50:  29%|██▉       | 910/3140 [18:10<43:53,  1.18s/it, loss=0.00996]Training epoch 20:  18%|█▊        | 445/2512 [18:10<1:22:04,  2.38s/it, loss=0.00923]Training epoch 50:  29%|██▉       | 911/3140 [18:11<43:38,  1.17s/it, loss=0.00456]Training epoch 20:  18%|█▊        | 375/2094 [18:11<1:21:05,  2.83s/it, loss=0.0131] Training epoch 50:  29%|██▉       | 912/3140 [18:13<43:52,  1.18s/it, loss=0.00576]Training epoch 20:  18%|█▊        | 446/2512 [18:12<1:22:18,  2.39s/it, loss=0.0121] Training epoch 50:  29%|██▉       | 913/3140 [18:14<43:30,  1.17s/it, loss=0.00875]Training epoch 20:  18%|█▊        | 376/2094 [18:14<1:21:31,  2.85s/it, loss=0.00853]Training epoch 50:  29%|██▉       | 914/3140 [18:15<43:38,  1.18s/it, loss=0.00519]Training epoch 20:  18%|█▊        | 447/2512 [18:15<1:22:08,  2.39s/it, loss=0.00698]Training epoch 50:  29%|██▉       | 915/3140 [18:16<43:27,  1.17s/it, loss=0.00865]Training epoch 50:  29%|██▉       | 916/3140 [18:17<44:13,  1.19s/it, loss=0.0062] Training epoch 20:  18%|█▊        | 377/2094 [18:17<1:21:35,  2.85s/it, loss=0.00813]Training epoch 20:  18%|█▊        | 448/2512 [18:17<1:22:03,  2.39s/it, loss=0.00734]Training epoch 50:  29%|██▉       | 917/3140 [18:18<43:20,  1.17s/it, loss=0.00558]Training epoch 50:  29%|██▉       | 918/3140 [18:20<43:42,  1.18s/it, loss=0.00806]Training epoch 20:  18%|█▊        | 449/2512 [18:20<1:22:37,  2.40s/it, loss=0.00495]Training epoch 20:  18%|█▊        | 378/2094 [18:20<1:20:59,  2.83s/it, loss=0.00654]Training epoch 50:  29%|██▉       | 919/3140 [18:21<43:06,  1.16s/it, loss=0.0118] Training epoch 50:  29%|██▉       | 920/3140 [18:22<43:29,  1.18s/it, loss=0.00529]Training epoch 20:  18%|█▊        | 450/2512 [18:22<1:22:23,  2.40s/it, loss=0.00512]Training epoch 20:  18%|█▊        | 379/2094 [18:23<1:21:29,  2.85s/it, loss=0.00849]Training epoch 50:  29%|██▉       | 921/3140 [18:23<43:22,  1.17s/it, loss=0.00808]Training epoch 50:  29%|██▉       | 922/3140 [18:24<43:19,  1.17s/it, loss=0.0478] Training epoch 20:  18%|█▊        | 451/2512 [18:24<1:22:08,  2.39s/it, loss=0.00517]Training epoch 50:  29%|██▉       | 923/3140 [18:25<43:33,  1.18s/it, loss=0.00952]Training epoch 20:  18%|█▊        | 380/2094 [18:26<1:20:56,  2.83s/it, loss=0.0068] Training epoch 50:  29%|██▉       | 924/3140 [18:27<43:20,  1.17s/it, loss=0.00822]Training epoch 20:  18%|█▊        | 452/2512 [18:27<1:22:05,  2.39s/it, loss=0.0033] Training epoch 50:  29%|██▉       | 925/3140 [18:28<43:13,  1.17s/it, loss=0.00431]Training epoch 20:  18%|█▊        | 381/2094 [18:29<1:21:24,  2.85s/it, loss=0.00723]Training epoch 50:  29%|██▉       | 926/3140 [18:29<43:09,  1.17s/it, loss=0.0191] Training epoch 20:  18%|█▊        | 453/2512 [18:29<1:22:16,  2.40s/it, loss=0.0093]Training epoch 50:  30%|██▉       | 927/3140 [18:30<43:03,  1.17s/it, loss=0.0576]Training epoch 50:  30%|██▉       | 928/3140 [18:31<43:46,  1.19s/it, loss=0.00458]Training epoch 20:  18%|█▊        | 382/2094 [18:31<1:21:10,  2.84s/it, loss=0.0101] Training epoch 20:  18%|█▊        | 454/2512 [18:32<1:22:06,  2.39s/it, loss=0.00649]Training epoch 50:  30%|██▉       | 929/3140 [18:32<43:02,  1.17s/it, loss=0.0457] Training epoch 50:  30%|██▉       | 930/3140 [18:34<43:26,  1.18s/it, loss=0.0235]Training epoch 20:  18%|█▊        | 455/2512 [18:34<1:22:42,  2.41s/it, loss=0.0041] Training epoch 20:  18%|█▊        | 383/2094 [18:34<1:21:09,  2.85s/it, loss=0.00348]Training epoch 50:  30%|██▉       | 931/3140 [18:35<42:44,  1.16s/it, loss=0.0394]Training epoch 50:  30%|██▉       | 932/3140 [18:36<43:09,  1.17s/it, loss=0.00438]Training epoch 20:  18%|█▊        | 456/2512 [18:36<1:22:16,  2.40s/it, loss=0.00516]Training epoch 50:  30%|██▉       | 933/3140 [18:37<43:27,  1.18s/it, loss=0.00665]Training epoch 20:  18%|█▊        | 384/2094 [18:37<1:21:12,  2.85s/it, loss=0.0103] Training epoch 50:  30%|██▉       | 934/3140 [18:38<43:12,  1.18s/it, loss=0.00891]Training epoch 20:  18%|█▊        | 457/2512 [18:39<1:21:58,  2.39s/it, loss=0.00791]Training epoch 50:  30%|██▉       | 935/3140 [18:39<43:03,  1.17s/it, loss=0.0125] Training epoch 20:  18%|█▊        | 385/2094 [18:40<1:21:00,  2.84s/it, loss=0.0108]Training epoch 50:  30%|██▉       | 936/3140 [18:41<42:58,  1.17s/it, loss=0.0077]Training epoch 20:  18%|█▊        | 458/2512 [18:41<1:21:50,  2.39s/it, loss=0.00596]Training epoch 50:  30%|██▉       | 937/3140 [18:42<42:52,  1.17s/it, loss=0.0108]Training epoch 20:  18%|█▊        | 386/2094 [18:43<1:21:22,  2.86s/it, loss=0.00628]Training epoch 50:  30%|██▉       | 938/3140 [18:43<43:13,  1.18s/it, loss=0.00633]Training epoch 20:  18%|█▊        | 459/2512 [18:44<1:21:58,  2.40s/it, loss=0.00525]Training epoch 50:  30%|██▉       | 939/3140 [18:44<42:42,  1.16s/it, loss=0.00794]Training epoch 50:  30%|██▉       | 940/3140 [18:45<43:26,  1.18s/it, loss=0.0115] Training epoch 20:  18%|█▊        | 387/2094 [18:46<1:21:04,  2.85s/it, loss=0.00555]Training epoch 20:  18%|█▊        | 460/2512 [18:46<1:21:49,  2.39s/it, loss=0.00808]Training epoch 50:  30%|██▉       | 941/3140 [18:47<42:45,  1.17s/it, loss=0.0143]Training epoch 50:  30%|███       | 942/3140 [18:48<43:09,  1.18s/it, loss=0.00706]Training epoch 20:  18%|█▊        | 461/2512 [18:48<1:22:23,  2.41s/it, loss=0.0125] Training epoch 20:  19%|█▊        | 388/2094 [18:49<1:21:19,  2.86s/it, loss=0.00501]Training epoch 50:  30%|███       | 943/3140 [18:49<42:30,  1.16s/it, loss=0.00691]Training epoch 50:  30%|███       | 944/3140 [18:50<43:02,  1.18s/it, loss=0.0112] Training epoch 20:  18%|█▊        | 462/2512 [18:51<1:22:04,  2.40s/it, loss=0.00374]Training epoch 50:  30%|███       | 945/3140 [18:51<43:16,  1.18s/it, loss=0.00719]Training epoch 20:  19%|█▊        | 389/2094 [18:51<1:20:31,  2.83s/it, loss=0.00863]Training epoch 50:  30%|███       | 946/3140 [18:52<43:01,  1.18s/it, loss=0.0105] Training epoch 20:  18%|█▊        | 463/2512 [18:53<1:21:50,  2.40s/it, loss=0.0106] Training epoch 50:  30%|███       | 947/3140 [18:54<42:54,  1.17s/it, loss=0.00477]Training epoch 20:  19%|█▊        | 390/2094 [18:54<1:21:42,  2.88s/it, loss=0.00767]Training epoch 50:  30%|███       | 948/3140 [18:55<42:07,  1.15s/it, loss=0.00715]Training epoch 20:  18%|█▊        | 464/2512 [18:55<1:21:04,  2.38s/it, loss=0.0114]Training epoch 50:  30%|███       | 949/3140 [18:56<42:23,  1.16s/it, loss=0.0074] Training epoch 50:  30%|███       | 950/3140 [18:57<43:07,  1.18s/it, loss=0.00699]Training epoch 20:  19%|█▊        | 391/2094 [18:57<1:21:13,  2.86s/it, loss=0.00462]Training epoch 20:  19%|█▊        | 465/2512 [18:58<1:21:21,  2.38s/it, loss=0.00447]Training epoch 50:  30%|███       | 951/3140 [18:58<42:47,  1.17s/it, loss=0.00924]Training epoch 50:  30%|███       | 952/3140 [18:59<42:55,  1.18s/it, loss=0.00626]Training epoch 20:  19%|█▊        | 392/2094 [19:00<1:21:25,  2.87s/it, loss=0.00362]Training epoch 20:  19%|█▊        | 466/2512 [19:00<1:21:15,  2.38s/it, loss=0.00431]Training epoch 50:  30%|███       | 953/3140 [19:01<42:45,  1.17s/it, loss=0.0148] Training epoch 50:  30%|███       | 954/3140 [19:02<42:42,  1.17s/it, loss=0.00895]Training epoch 20:  19%|█▊        | 467/2512 [19:03<1:21:55,  2.40s/it, loss=0.00649]Training epoch 20:  19%|█▉        | 393/2094 [19:03<1:21:24,  2.87s/it, loss=0.011]  Training epoch 50:  30%|███       | 955/3140 [19:03<43:27,  1.19s/it, loss=0.00756]Training epoch 50:  30%|███       | 956/3140 [19:04<43:01,  1.18s/it, loss=0.00634]Training epoch 20:  19%|█▊        | 468/2512 [19:05<1:20:22,  2.36s/it, loss=0.0124] Training epoch 50:  30%|███       | 957/3140 [19:05<43:13,  1.19s/it, loss=0.0582] Training epoch 20:  19%|█▉        | 394/2094 [19:06<1:21:00,  2.86s/it, loss=0.00564]Training epoch 50:  31%|███       | 958/3140 [19:07<42:52,  1.18s/it, loss=0.00647]Training epoch 20:  19%|█▊        | 469/2512 [19:07<1:20:33,  2.37s/it, loss=0.00644]Training epoch 50:  31%|███       | 959/3140 [19:08<42:58,  1.18s/it, loss=0.0166] Training epoch 20:  19%|█▉        | 395/2094 [19:09<1:20:57,  2.86s/it, loss=0.0153] Training epoch 50:  31%|███       | 960/3140 [19:09<42:34,  1.17s/it, loss=0.0135]Training epoch 20:  19%|█▊        | 470/2512 [19:10<1:20:35,  2.37s/it, loss=0.00445]Training epoch 50:  31%|███       | 961/3140 [19:10<42:53,  1.18s/it, loss=0.015] Training epoch 50:  31%|███       | 962/3140 [19:11<43:07,  1.19s/it, loss=0.00562]Training epoch 20:  19%|█▉        | 396/2094 [19:11<1:20:38,  2.85s/it, loss=0.00927]Training epoch 20:  19%|█▉        | 471/2512 [19:12<1:21:00,  2.38s/it, loss=0.00691]Training epoch 50:  31%|███       | 963/3140 [19:12<42:58,  1.18s/it, loss=0.0114] Training epoch 50:  31%|███       | 964/3140 [19:14<42:39,  1.18s/it, loss=0.00597]Training epoch 20:  19%|█▉        | 397/2094 [19:14<1:20:55,  2.86s/it, loss=0.00476]Training epoch 20:  19%|█▉        | 472/2512 [19:15<1:20:54,  2.38s/it, loss=0.0122] Training epoch 50:  31%|███       | 965/3140 [19:15<42:49,  1.18s/it, loss=0.00534]Training epoch 50:  31%|███       | 966/3140 [19:16<42:23,  1.17s/it, loss=0.0118] Training epoch 50:  31%|███       | 967/3140 [19:17<43:26,  1.20s/it, loss=0.00628]Training epoch 20:  19%|█▉        | 473/2512 [19:17<1:21:34,  2.40s/it, loss=0.00556]Training epoch 20:  19%|█▉        | 398/2094 [19:17<1:20:44,  2.86s/it, loss=0.00602]Training epoch 50:  31%|███       | 968/3140 [19:18<41:35,  1.15s/it, loss=0.00953]Training epoch 50:  31%|███       | 969/3140 [19:19<42:28,  1.17s/it, loss=0.00695]Training epoch 20:  19%|█▉        | 474/2512 [19:19<1:20:51,  2.38s/it, loss=0.00881]Training epoch 20:  19%|█▉        | 399/2094 [19:20<1:20:51,  2.86s/it, loss=0.00524]Training epoch 50:  31%|███       | 970/3140 [19:21<41:31,  1.15s/it, loss=0.0113] Training epoch 50:  31%|███       | 971/3140 [19:22<42:32,  1.18s/it, loss=0.0159]Training epoch 20:  19%|█▉        | 475/2512 [19:22<1:20:44,  2.38s/it, loss=0.00403]Training epoch 50:  31%|███       | 972/3140 [19:23<42:29,  1.18s/it, loss=0.00566]Training epoch 20:  19%|█▉        | 400/2094 [19:23<1:20:46,  2.86s/it, loss=0.0041] Training epoch 50:  31%|███       | 973/3140 [19:24<42:36,  1.18s/it, loss=0.00726]Training epoch 20:  19%|█▉        | 476/2512 [19:24<1:20:24,  2.37s/it, loss=0.00501]Training epoch 50:  31%|███       | 974/3140 [19:25<42:24,  1.17s/it, loss=0.0128] Training epoch 20:  19%|█▉        | 401/2094 [19:26<1:20:30,  2.85s/it, loss=0.0045]Training epoch 50:  31%|███       | 975/3140 [19:26<42:30,  1.18s/it, loss=0.0118]Training epoch 20:  19%|█▉        | 477/2512 [19:26<1:20:48,  2.38s/it, loss=0.00657]Training epoch 50:  31%|███       | 976/3140 [19:28<42:18,  1.17s/it, loss=0.00585]Training epoch 20:  19%|█▉        | 402/2094 [19:29<1:20:47,  2.86s/it, loss=0.00791]Training epoch 50:  31%|███       | 977/3140 [19:29<42:22,  1.18s/it, loss=0.0136] Training epoch 20:  19%|█▉        | 478/2512 [19:29<1:20:41,  2.38s/it, loss=0.00921]Training epoch 50:  31%|███       | 978/3140 [19:30<42:12,  1.17s/it, loss=0.00767]Training epoch 50:  31%|███       | 979/3140 [19:31<42:53,  1.19s/it, loss=0.0101] Training epoch 20:  19%|█▉        | 479/2512 [19:31<1:21:19,  2.40s/it, loss=0.00264]Training epoch 20:  19%|█▉        | 403/2094 [19:31<1:20:17,  2.85s/it, loss=0.0059] Training epoch 50:  31%|███       | 980/3140 [19:32<42:04,  1.17s/it, loss=0.011] Training epoch 50:  31%|███       | 981/3140 [19:34<42:23,  1.18s/it, loss=0.00911]Training epoch 20:  19%|█▉        | 480/2512 [19:34<1:21:05,  2.39s/it, loss=0.0146] Training epoch 20:  19%|█▉        | 404/2094 [19:34<1:20:10,  2.85s/it, loss=0.0103]Training epoch 50:  31%|███▏      | 982/3140 [19:35<41:47,  1.16s/it, loss=0.0081] Training epoch 50:  31%|███▏      | 983/3140 [19:36<42:11,  1.17s/it, loss=0.0107]Training epoch 20:  19%|█▉        | 481/2512 [19:36<1:20:57,  2.39s/it, loss=0.0097]Training epoch 50:  31%|███▏      | 984/3140 [19:37<42:26,  1.18s/it, loss=0.00954]Training epoch 20:  19%|█▉        | 405/2094 [19:37<1:20:05,  2.85s/it, loss=0.00739]Training epoch 50:  31%|███▏      | 985/3140 [19:38<42:05,  1.17s/it, loss=0.008]  Training epoch 20:  19%|█▉        | 482/2512 [19:38<1:20:42,  2.39s/it, loss=0.00768]Training epoch 50:  31%|███▏      | 986/3140 [19:39<42:00,  1.17s/it, loss=0.00823]Training epoch 20:  19%|█▉        | 406/2094 [19:40<1:20:16,  2.85s/it, loss=0.00415]Training epoch 50:  31%|███▏      | 987/3140 [19:41<41:53,  1.17s/it, loss=0.0204] Training epoch 20:  19%|█▉        | 483/2512 [19:41<1:20:58,  2.39s/it, loss=0.00412]Training epoch 50:  31%|███▏      | 988/3140 [19:42<41:49,  1.17s/it, loss=0.0159]Training epoch 50:  31%|███▏      | 989/3140 [19:43<42:30,  1.19s/it, loss=0.00448]Training epoch 20:  19%|█▉        | 407/2094 [19:43<1:20:33,  2.87s/it, loss=0.00851]Training epoch 20:  19%|█▉        | 484/2512 [19:43<1:20:45,  2.39s/it, loss=0.00722]Training epoch 50:  32%|███▏      | 990/3140 [19:44<41:44,  1.16s/it, loss=0.0056] Training epoch 50:  32%|███▏      | 991/3140 [19:45<42:20,  1.18s/it, loss=0.00493]Training epoch 20:  19%|█▉        | 408/2094 [19:46<1:20:15,  2.86s/it, loss=0.00481]Training epoch 20:  19%|█▉        | 485/2512 [19:46<1:21:03,  2.40s/it, loss=0.00354]Training epoch 50:  32%|███▏      | 992/3140 [19:46<41:36,  1.16s/it, loss=0.0134] Training epoch 50:  32%|███▏      | 993/3140 [19:48<42:03,  1.18s/it, loss=0.00872]Training epoch 20:  19%|█▉        | 486/2512 [19:48<1:21:15,  2.41s/it, loss=0.00724]Training epoch 20:  20%|█▉        | 409/2094 [19:49<1:19:52,  2.84s/it, loss=0.0118] Training epoch 50:  32%|███▏      | 994/3140 [19:49<41:36,  1.16s/it, loss=0.00413]Training epoch 50:  32%|███▏      | 995/3140 [19:50<41:57,  1.17s/it, loss=0.00496]Training epoch 20:  19%|█▉        | 487/2512 [19:50<1:20:57,  2.40s/it, loss=0.00901]Training epoch 50:  32%|███▏      | 996/3140 [19:51<42:12,  1.18s/it, loss=0.00805]Training epoch 20:  20%|█▉        | 410/2094 [19:51<1:19:40,  2.84s/it, loss=0.00847]Training epoch 50:  32%|███▏      | 997/3140 [19:52<42:01,  1.18s/it, loss=0.00618]Training epoch 20:  19%|█▉        | 488/2512 [19:53<1:20:44,  2.39s/it, loss=0.00586]Training epoch 50:  32%|███▏      | 998/3140 [19:53<41:53,  1.17s/it, loss=0.0416] Training epoch 20:  20%|█▉        | 411/2094 [19:54<1:19:48,  2.84s/it, loss=0.00747]Training epoch 50:  32%|███▏      | 999/3140 [19:55<41:48,  1.17s/it, loss=0.0102]Training epoch 20:  19%|█▉        | 489/2512 [19:55<1:20:49,  2.40s/it, loss=0.00488]Training epoch 50:  32%|███▏      | 1000/3140 [19:56<41:38,  1.17s/it, loss=0.0301]Training epoch 50:  32%|███▏      | 1001/3140 [19:57<42:18,  1.19s/it, loss=0.00523]Training epoch 20:  20%|█▉        | 412/2094 [19:57<1:19:43,  2.84s/it, loss=0.00778]Training epoch 20:  20%|█▉        | 490/2512 [19:58<1:20:46,  2.40s/it, loss=0.0048] Training epoch 50:  32%|███▏      | 1002/3140 [19:58<41:33,  1.17s/it, loss=0.00506]Training epoch 50:  32%|███▏      | 1003/3140 [19:59<41:54,  1.18s/it, loss=0.00674]Training epoch 20:  20%|█▉        | 413/2094 [20:00<1:20:03,  2.86s/it, loss=0.00838]Training epoch 20:  20%|█▉        | 491/2512 [20:00<1:20:36,  2.39s/it, loss=0.00441]Training epoch 50:  32%|███▏      | 1004/3140 [20:00<41:20,  1.16s/it, loss=0.00683]Training epoch 50:  32%|███▏      | 1005/3140 [20:02<41:46,  1.17s/it, loss=0.00838]Training epoch 20:  20%|█▉        | 492/2512 [20:02<1:21:12,  2.41s/it, loss=0.00804]Training epoch 20:  20%|█▉        | 414/2094 [20:03<1:19:43,  2.85s/it, loss=0.00651]Training epoch 50:  32%|███▏      | 1006/3140 [20:03<41:54,  1.18s/it, loss=0.00649]Training epoch 50:  32%|███▏      | 1007/3140 [20:04<41:35,  1.17s/it, loss=0.0127] Training epoch 20:  20%|█▉        | 493/2512 [20:05<1:20:47,  2.40s/it, loss=0.00748]Training epoch 50:  32%|███▏      | 1008/3140 [20:05<41:54,  1.18s/it, loss=0.00731]Training epoch 20:  20%|█▉        | 415/2094 [20:06<1:19:27,  2.84s/it, loss=0.0041] Training epoch 50:  32%|███▏      | 1009/3140 [20:06<41:42,  1.17s/it, loss=0.00802]Training epoch 20:  20%|█▉        | 494/2512 [20:07<1:20:34,  2.40s/it, loss=0.00793]Training epoch 50:  32%|███▏      | 1010/3140 [20:08<41:44,  1.18s/it, loss=0.0109] Training epoch 20:  20%|█▉        | 416/2094 [20:08<1:19:34,  2.85s/it, loss=0.0045]Training epoch 50:  32%|███▏      | 1011/3140 [20:09<41:28,  1.17s/it, loss=0.006] Training epoch 20:  20%|█▉        | 495/2512 [20:10<1:20:23,  2.39s/it, loss=0.00956]Training epoch 50:  32%|███▏      | 1012/3140 [20:10<41:44,  1.18s/it, loss=0.00521]Training epoch 50:  32%|███▏      | 1013/3140 [20:11<42:04,  1.19s/it, loss=0.00468]Training epoch 20:  20%|█▉        | 417/2094 [20:11<1:19:23,  2.84s/it, loss=0.00767]Training epoch 20:  20%|█▉        | 496/2512 [20:12<1:20:33,  2.40s/it, loss=0.0125] Training epoch 50:  32%|███▏      | 1014/3140 [20:12<41:52,  1.18s/it, loss=0.0389] Training epoch 50:  32%|███▏      | 1015/3140 [20:13<41:39,  1.18s/it, loss=0.021] Training epoch 20:  20%|█▉        | 418/2094 [20:14<1:19:46,  2.86s/it, loss=0.0116] Training epoch 20:  20%|█▉        | 497/2512 [20:14<1:20:21,  2.39s/it, loss=0.00446]Training epoch 50:  32%|███▏      | 1016/3140 [20:15<41:45,  1.18s/it, loss=0.00309]Training epoch 50:  32%|███▏      | 1017/3140 [20:16<41:26,  1.17s/it, loss=0.00714]Training epoch 50:  32%|███▏      | 1018/3140 [20:17<42:27,  1.20s/it, loss=0.0456] Training epoch 20:  20%|█▉        | 498/2512 [20:17<1:20:50,  2.41s/it, loss=0.0163] Training epoch 20:  20%|██        | 419/2094 [20:17<1:19:33,  2.85s/it, loss=0.00496]Training epoch 50:  32%|███▏      | 1019/3140 [20:18<40:48,  1.15s/it, loss=0.019] Training epoch 50:  32%|███▏      | 1020/3140 [20:19<41:40,  1.18s/it, loss=0.00521]Training epoch 20:  20%|█▉        | 499/2512 [20:19<1:19:58,  2.38s/it, loss=0.0044]Training epoch 20:  20%|██        | 420/2094 [20:20<1:19:45,  2.86s/it, loss=0.00895]Training epoch 50:  33%|███▎      | 1021/3140 [20:20<40:41,  1.15s/it, loss=0.00887]Training epoch 50:  33%|███▎      | 1022/3140 [20:22<41:31,  1.18s/it, loss=0.00531]Training epoch 20:  20%|█▉        | 500/2512 [20:21<1:19:49,  2.38s/it, loss=0.00575]Training epoch 50:  33%|███▎      | 1023/3140 [20:23<41:20,  1.17s/it, loss=0.00952]Training epoch 20:  20%|██        | 421/2094 [20:23<1:19:44,  2.86s/it, loss=0.00721]Training epoch 50:  33%|███▎      | 1024/3140 [20:24<41:27,  1.18s/it, loss=0.00787]Training epoch 20:  20%|█▉        | 501/2512 [20:24<1:19:33,  2.37s/it, loss=0.00501]Training epoch 50:  33%|███▎      | 1025/3140 [20:25<41:18,  1.17s/it, loss=0.0136] Training epoch 20:  20%|██        | 422/2094 [20:26<1:19:20,  2.85s/it, loss=0.00799]Training epoch 50:  33%|███▎      | 1026/3140 [20:26<41:30,  1.18s/it, loss=0.00885]Training epoch 20:  20%|█▉        | 502/2512 [20:26<1:19:55,  2.39s/it, loss=0.02]   Training epoch 50:  33%|███▎      | 1027/3140 [20:28<41:14,  1.17s/it, loss=0.00719]Training epoch 20:  20%|██        | 423/2094 [20:28<1:19:39,  2.86s/it, loss=0.00468]Training epoch 50:  33%|███▎      | 1028/3140 [20:29<41:19,  1.17s/it, loss=0.00877]Training epoch 20:  20%|██        | 503/2512 [20:29<1:19:48,  2.38s/it, loss=0.0108]Training epoch 50:  33%|███▎      | 1029/3140 [20:30<41:11,  1.17s/it, loss=0.013]  Training epoch 50:  33%|███▎      | 1030/3140 [20:31<41:55,  1.19s/it, loss=0.00658]Training epoch 20:  20%|██        | 504/2512 [20:31<1:20:23,  2.40s/it, loss=0.00671]Training epoch 20:  20%|██        | 424/2094 [20:31<1:19:16,  2.85s/it, loss=0.00537]Training epoch 50:  33%|███▎      | 1031/3140 [20:32<40:59,  1.17s/it, loss=0.00536]Training epoch 50:  33%|███▎      | 1032/3140 [20:33<41:23,  1.18s/it, loss=0.00635]Training epoch 20:  20%|██        | 505/2512 [20:33<1:20:11,  2.40s/it, loss=0.0082] Training epoch 20:  20%|██        | 425/2094 [20:34<1:19:09,  2.85s/it, loss=0.00726]Training epoch 50:  33%|███▎      | 1033/3140 [20:35<40:47,  1.16s/it, loss=0.00393]Training epoch 50:  33%|███▎      | 1034/3140 [20:36<41:14,  1.17s/it, loss=0.00531]Training epoch 20:  20%|██        | 506/2512 [20:36<1:20:01,  2.39s/it, loss=0.0044]Training epoch 50:  33%|███▎      | 1035/3140 [20:37<41:28,  1.18s/it, loss=0.0149] Training epoch 20:  20%|██        | 426/2094 [20:37<1:19:08,  2.85s/it, loss=0.00649]Training epoch 50:  33%|███▎      | 1036/3140 [20:38<41:06,  1.17s/it, loss=0.00713]Training epoch 20:  20%|██        | 507/2512 [20:38<1:19:38,  2.38s/it, loss=0.0101]Training epoch 50:  33%|███▎      | 1037/3140 [20:39<41:00,  1.17s/it, loss=0.00669]Training epoch 20:  20%|██        | 427/2094 [20:40<1:19:18,  2.85s/it, loss=0.00484]Training epoch 50:  33%|███▎      | 1038/3140 [20:40<40:56,  1.17s/it, loss=0.00921]Training epoch 20:  20%|██        | 508/2512 [20:41<1:19:55,  2.39s/it, loss=0.00553]Training epoch 50:  33%|███▎      | 1039/3140 [20:42<40:52,  1.17s/it, loss=0.0069] Training epoch 20:  20%|██        | 428/2094 [20:43<1:19:34,  2.87s/it, loss=0.00574]Training epoch 50:  33%|███▎      | 1040/3140 [20:43<41:30,  1.19s/it, loss=0.00947]Training epoch 20:  20%|██        | 509/2512 [20:43<1:19:39,  2.39s/it, loss=0.00349]Training epoch 50:  33%|███▎      | 1041/3140 [20:44<40:46,  1.17s/it, loss=0.0143] Training epoch 50:  33%|███▎      | 1042/3140 [20:45<41:29,  1.19s/it, loss=0.0334]Training epoch 20:  20%|██        | 429/2094 [20:46<1:19:13,  2.85s/it, loss=0.00799]Training epoch 20:  20%|██        | 510/2512 [20:45<1:20:00,  2.40s/it, loss=0.00522]Training epoch 50:  33%|███▎      | 1043/3140 [20:46<40:43,  1.17s/it, loss=0.00697]Training epoch 50:  33%|███▎      | 1044/3140 [20:48<41:07,  1.18s/it, loss=0.0374] Training epoch 20:  20%|██        | 511/2512 [20:48<1:20:12,  2.41s/it, loss=0.00485]Training epoch 20:  21%|██        | 430/2094 [20:48<1:18:51,  2.84s/it, loss=0.0126] Training epoch 50:  33%|███▎      | 1045/3140 [20:49<40:35,  1.16s/it, loss=0.0384]Training epoch 50:  33%|███▎      | 1046/3140 [20:50<41:00,  1.18s/it, loss=0.00686]Training epoch 20:  20%|██        | 512/2512 [20:50<1:19:55,  2.40s/it, loss=0.00402]Training epoch 50:  33%|███▎      | 1047/3140 [20:51<41:15,  1.18s/it, loss=0.00785]Training epoch 20:  21%|██        | 431/2094 [20:51<1:18:39,  2.84s/it, loss=0.0059]Training epoch 50:  33%|███▎      | 1048/3140 [20:52<41:00,  1.18s/it, loss=0.00435]Training epoch 20:  20%|██        | 513/2512 [20:53<1:19:44,  2.39s/it, loss=0.00587]Training epoch 50:  33%|███▎      | 1049/3140 [20:53<40:50,  1.17s/it, loss=0.00739]Training epoch 20:  21%|██        | 432/2094 [20:54<1:18:49,  2.85s/it, loss=0.00544]Training epoch 50:  33%|███▎      | 1050/3140 [20:55<40:45,  1.17s/it, loss=0.0444] Training epoch 20:  20%|██        | 514/2512 [20:55<1:19:49,  2.40s/it, loss=0.00513]Training epoch 50:  33%|███▎      | 1051/3140 [20:56<40:37,  1.17s/it, loss=0.0477]Training epoch 50:  34%|███▎      | 1052/3140 [20:57<41:17,  1.19s/it, loss=0.00855]Training epoch 20:  21%|██        | 433/2094 [20:57<1:18:49,  2.85s/it, loss=0.00782]Training epoch 20:  21%|██        | 515/2512 [20:57<1:19:44,  2.40s/it, loss=0.00485]Training epoch 50:  34%|███▎      | 1053/3140 [20:58<40:33,  1.17s/it, loss=0.00654]Training epoch 50:  34%|███▎      | 1054/3140 [20:59<40:54,  1.18s/it, loss=0.00806]Training epoch 20:  21%|██        | 434/2094 [21:00<1:19:03,  2.86s/it, loss=0.00799]Training epoch 20:  21%|██        | 516/2512 [21:00<1:19:35,  2.39s/it, loss=0.00919]Training epoch 50:  34%|███▎      | 1055/3140 [21:00<40:19,  1.16s/it, loss=0.0386] Training epoch 50:  34%|███▎      | 1056/3140 [21:02<40:43,  1.17s/it, loss=0.00474]Training epoch 20:  21%|██        | 517/2512 [21:02<1:20:12,  2.41s/it, loss=0.00512]Training epoch 20:  21%|██        | 435/2094 [21:03<1:18:44,  2.85s/it, loss=0.00465]Training epoch 50:  34%|███▎      | 1057/3140 [21:03<40:47,  1.17s/it, loss=0.0094] Training epoch 50:  34%|███▎      | 1058/3140 [21:04<40:33,  1.17s/it, loss=0.00553]Training epoch 20:  21%|██        | 518/2512 [21:05<1:19:51,  2.40s/it, loss=0.00722]Training epoch 50:  34%|███▎      | 1059/3140 [21:05<40:51,  1.18s/it, loss=0.00376]Training epoch 20:  21%|██        | 436/2094 [21:05<1:18:28,  2.84s/it, loss=0.00444]Training epoch 50:  34%|███▍      | 1060/3140 [21:06<40:39,  1.17s/it, loss=0.00437]Training epoch 20:  21%|██        | 519/2512 [21:07<1:19:37,  2.40s/it, loss=0.0194] Training epoch 50:  34%|███▍      | 1061/3140 [21:07<40:39,  1.17s/it, loss=0.0166] Training epoch 20:  21%|██        | 437/2094 [21:08<1:18:35,  2.85s/it, loss=0.00288]Training epoch 50:  34%|███▍      | 1062/3140 [21:09<40:29,  1.17s/it, loss=0.0438]Training epoch 20:  21%|██        | 520/2512 [21:09<1:19:25,  2.39s/it, loss=0.00962]Training epoch 50:  34%|███▍      | 1063/3140 [21:10<40:40,  1.17s/it, loss=0.00719]Training epoch 50:  34%|███▍      | 1064/3140 [21:11<41:05,  1.19s/it, loss=0.0101] Training epoch 20:  21%|██        | 438/2094 [21:11<1:18:22,  2.84s/it, loss=0.00646]Training epoch 20:  21%|██        | 521/2512 [21:12<1:19:34,  2.40s/it, loss=0.00708]Training epoch 50:  34%|███▍      | 1065/3140 [21:12<40:50,  1.18s/it, loss=0.00557]Training epoch 50:  34%|███▍      | 1066/3140 [21:13<40:46,  1.18s/it, loss=0.0368] Training epoch 20:  21%|██        | 439/2094 [21:14<1:18:44,  2.85s/it, loss=0.005]  Training epoch 20:  21%|██        | 522/2512 [21:14<1:19:20,  2.39s/it, loss=0.00589]Training epoch 50:  34%|███▍      | 1067/3140 [21:15<40:41,  1.18s/it, loss=0.00547]Training epoch 50:  34%|███▍      | 1068/3140 [21:16<40:28,  1.17s/it, loss=0.00417]Training epoch 20:  21%|██        | 523/2512 [21:17<1:19:49,  2.41s/it, loss=0.0119] Training epoch 50:  34%|███▍      | 1069/3140 [21:17<41:22,  1.20s/it, loss=0.00724]Training epoch 20:  21%|██        | 440/2094 [21:17<1:18:35,  2.85s/it, loss=0.013]Training epoch 50:  34%|███▍      | 1070/3140 [21:18<39:58,  1.16s/it, loss=0.00522]Training epoch 50:  34%|███▍      | 1071/3140 [21:19<40:43,  1.18s/it, loss=0.00902]Training epoch 20:  21%|██        | 524/2512 [21:19<1:18:58,  2.38s/it, loss=0.00403]Training epoch 20:  21%|██        | 441/2094 [21:20<1:18:45,  2.86s/it, loss=0.00954]Training epoch 50:  34%|███▍      | 1072/3140 [21:20<39:45,  1.15s/it, loss=0.00574]Training epoch 50:  34%|███▍      | 1073/3140 [21:22<40:33,  1.18s/it, loss=0.00436]Training epoch 20:  21%|██        | 525/2512 [21:21<1:18:47,  2.38s/it, loss=0.0146] Training epoch 20:  21%|██        | 442/2094 [21:23<1:18:41,  2.86s/it, loss=0.00383]Training epoch 50:  34%|███▍      | 1074/3140 [21:23<40:16,  1.17s/it, loss=0.00569]Training epoch 50:  34%|███▍      | 1075/3140 [21:24<40:23,  1.17s/it, loss=0.00992]Training epoch 20:  21%|██        | 526/2512 [21:24<1:18:40,  2.38s/it, loss=0.00816]Training epoch 50:  34%|███▍      | 1076/3140 [21:25<40:17,  1.17s/it, loss=0.00806]Training epoch 20:  21%|██        | 443/2094 [21:25<1:18:18,  2.85s/it, loss=0.0192] Training epoch 50:  34%|███▍      | 1077/3140 [21:26<40:29,  1.18s/it, loss=0.00452]Training epoch 20:  21%|██        | 527/2512 [21:26<1:18:56,  2.39s/it, loss=0.00479]Training epoch 50:  34%|███▍      | 1078/3140 [21:27<40:09,  1.17s/it, loss=0.004]  Training epoch 20:  21%|██        | 444/2094 [21:28<1:18:37,  2.86s/it, loss=0.00471]Training epoch 50:  34%|███▍      | 1079/3140 [21:29<40:20,  1.17s/it, loss=0.00281]Training epoch 20:  21%|██        | 528/2512 [21:28<1:18:49,  2.38s/it, loss=0.0037] Training epoch 50:  34%|███▍      | 1080/3140 [21:30<40:10,  1.17s/it, loss=0.0105] Training epoch 50:  34%|███▍      | 1081/3140 [21:31<40:55,  1.19s/it, loss=0.0175]Training epoch 20:  21%|██        | 529/2512 [21:31<1:19:24,  2.40s/it, loss=0.00571]Training epoch 20:  21%|██▏       | 445/2094 [21:31<1:18:13,  2.85s/it, loss=0.0079] Training epoch 50:  34%|███▍      | 1082/3140 [21:32<39:50,  1.16s/it, loss=0.0103]Training epoch 50:  34%|███▍      | 1083/3140 [21:33<40:13,  1.17s/it, loss=0.00308]Training epoch 20:  21%|██        | 530/2512 [21:33<1:19:16,  2.40s/it, loss=0.00746]Training epoch 20:  21%|██▏       | 446/2094 [21:34<1:18:09,  2.85s/it, loss=0.00545]Training epoch 50:  35%|███▍      | 1084/3140 [21:34<39:42,  1.16s/it, loss=0.0241] Training epoch 50:  35%|███▍      | 1085/3140 [21:36<40:07,  1.17s/it, loss=0.00493]Training epoch 20:  21%|██        | 531/2512 [21:36<1:19:05,  2.40s/it, loss=0.00999]Training epoch 50:  35%|███▍      | 1086/3140 [21:37<40:22,  1.18s/it, loss=0.00972]Training epoch 20:  21%|██▏       | 447/2094 [21:37<1:18:08,  2.85s/it, loss=0.0127] Training epoch 50:  35%|███▍      | 1087/3140 [21:38<40:04,  1.17s/it, loss=0.00502]Training epoch 20:  21%|██        | 532/2512 [21:38<1:18:50,  2.39s/it, loss=0.00523]Training epoch 50:  35%|███▍      | 1088/3140 [21:39<40:01,  1.17s/it, loss=0.0124] Training epoch 20:  21%|██▏       | 448/2094 [21:40<1:18:12,  2.85s/it, loss=0.00661]Training epoch 50:  35%|███▍      | 1089/3140 [21:40<39:54,  1.17s/it, loss=0.0074]Training epoch 20:  21%|██        | 533/2512 [21:41<1:19:03,  2.40s/it, loss=0.00505]Training epoch 50:  35%|███▍      | 1090/3140 [21:41<39:50,  1.17s/it, loss=0.0122]Training epoch 20:  21%|██▏       | 449/2094 [21:43<1:18:30,  2.86s/it, loss=0.00576]Training epoch 50:  35%|███▍      | 1091/3140 [21:43<40:27,  1.18s/it, loss=0.00613]Training epoch 20:  21%|██▏       | 534/2512 [21:43<1:18:48,  2.39s/it, loss=0.0122] Training epoch 50:  35%|███▍      | 1092/3140 [21:44<39:43,  1.16s/it, loss=0.0115] Training epoch 50:  35%|███▍      | 1093/3140 [21:45<40:24,  1.18s/it, loss=0.00538]Training epoch 20:  21%|██▏       | 450/2094 [21:45<1:18:10,  2.85s/it, loss=0.00772]Training epoch 20:  21%|██▏       | 535/2512 [21:45<1:19:00,  2.40s/it, loss=0.00593]Training epoch 50:  35%|███▍      | 1094/3140 [21:46<39:41,  1.16s/it, loss=0.00702]Training epoch 50:  35%|███▍      | 1095/3140 [21:47<40:05,  1.18s/it, loss=0.00698]Training epoch 20:  21%|██▏       | 536/2512 [21:48<1:19:19,  2.41s/it, loss=0.00998]Training epoch 20:  22%|██▏       | 451/2094 [21:48<1:17:49,  2.84s/it, loss=0.00561]Training epoch 50:  35%|███▍      | 1096/3140 [21:48<39:35,  1.16s/it, loss=0.00972]Training epoch 50:  35%|███▍      | 1097/3140 [21:50<39:57,  1.17s/it, loss=0.00177]Training epoch 20:  21%|██▏       | 537/2512 [21:50<1:19:01,  2.40s/it, loss=0.00909]Training epoch 50:  35%|███▍      | 1098/3140 [21:51<40:12,  1.18s/it, loss=0.00507]Training epoch 20:  22%|██▏       | 452/2094 [21:51<1:17:39,  2.84s/it, loss=0.00432]Training epoch 50:  35%|███▌      | 1099/3140 [21:52<40:01,  1.18s/it, loss=0.00786]Training epoch 20:  21%|██▏       | 538/2512 [21:52<1:18:46,  2.39s/it, loss=0.00703]Training epoch 50:  35%|███▌      | 1100/3140 [21:53<39:51,  1.17s/it, loss=0.00699]Training epoch 20:  22%|██▏       | 453/2094 [21:54<1:17:48,  2.84s/it, loss=0.00575]Training epoch 50:  35%|███▌      | 1101/3140 [21:54<39:43,  1.17s/it, loss=0.00405]Training epoch 20:  21%|██▏       | 539/2512 [21:55<1:18:49,  2.40s/it, loss=0.0041] Training epoch 50:  35%|███▌      | 1102/3140 [21:56<39:33,  1.16s/it, loss=0.00494]Training epoch 50:  35%|███▌      | 1103/3140 [21:57<40:14,  1.19s/it, loss=0.0192] Training epoch 20:  22%|██▏       | 454/2094 [21:57<1:17:47,  2.85s/it, loss=0.00455]Training epoch 20:  21%|██▏       | 540/2512 [21:57<1:18:53,  2.40s/it, loss=0.00681]Training epoch 50:  35%|███▌      | 1104/3140 [21:58<39:32,  1.17s/it, loss=0.00908]Training epoch 50:  35%|███▌      | 1105/3140 [21:59<39:55,  1.18s/it, loss=0.00931]Training epoch 20:  22%|██▏       | 455/2094 [22:00<1:18:00,  2.86s/it, loss=0.0122] Training epoch 20:  22%|██▏       | 541/2512 [22:00<1:18:37,  2.39s/it, loss=0.00343]Training epoch 50:  35%|███▌      | 1106/3140 [22:00<39:22,  1.16s/it, loss=0.0123] Training epoch 50:  35%|███▌      | 1107/3140 [22:01<39:48,  1.17s/it, loss=0.00654]Training epoch 20:  22%|██▏       | 542/2512 [22:02<1:19:11,  2.41s/it, loss=0.00767]Training epoch 20:  22%|██▏       | 456/2094 [22:02<1:17:45,  2.85s/it, loss=0.0103]Training epoch 50:  35%|███▌      | 1108/3140 [22:03<39:50,  1.18s/it, loss=0.00368]Training epoch 50:  35%|███▌      | 1109/3140 [22:04<39:36,  1.17s/it, loss=0.0421] Training epoch 20:  22%|██▏       | 543/2512 [22:05<1:18:48,  2.40s/it, loss=0.00584]Training epoch 50:  35%|███▌      | 1110/3140 [22:05<39:53,  1.18s/it, loss=0.00511]Training epoch 20:  22%|██▏       | 457/2094 [22:05<1:17:30,  2.84s/it, loss=0.00854]Training epoch 50:  35%|███▌      | 1111/3140 [22:06<39:44,  1.18s/it, loss=0.00797]Training epoch 20:  22%|██▏       | 544/2512 [22:07<1:18:34,  2.40s/it, loss=0.00399]Training epoch 50:  35%|███▌      | 1112/3140 [22:07<39:47,  1.18s/it, loss=0.0156] Training epoch 20:  22%|██▏       | 458/2094 [22:08<1:17:36,  2.85s/it, loss=0.00729]Training epoch 50:  35%|███▌      | 1113/3140 [22:08<39:29,  1.17s/it, loss=0.00514]Training epoch 20:  22%|██▏       | 545/2512 [22:09<1:18:19,  2.39s/it, loss=0.00435]Training epoch 50:  35%|███▌      | 1114/3140 [22:10<39:45,  1.18s/it, loss=0.00822]Training epoch 50:  36%|███▌      | 1115/3140 [22:11<40:04,  1.19s/it, loss=0.00553]Training epoch 20:  22%|██▏       | 459/2094 [22:11<1:17:25,  2.84s/it, loss=0.00971]Training epoch 20:  22%|██▏       | 546/2512 [22:12<1:18:31,  2.40s/it, loss=0.00467]Training epoch 50:  36%|███▌      | 1116/3140 [22:12<39:52,  1.18s/it, loss=0.00311]Training epoch 50:  36%|███▌      | 1117/3140 [22:13<39:42,  1.18s/it, loss=0.00716]Training epoch 20:  22%|██▏       | 460/2094 [22:14<1:17:46,  2.86s/it, loss=0.00702]Training epoch 20:  22%|██▏       | 547/2512 [22:14<1:18:18,  2.39s/it, loss=0.00673]Training epoch 50:  36%|███▌      | 1118/3140 [22:14<39:44,  1.18s/it, loss=0.00294]Training epoch 50:  36%|███▌      | 1119/3140 [22:16<39:25,  1.17s/it, loss=0.00681]Training epoch 50:  36%|███▌      | 1120/3140 [22:17<40:23,  1.20s/it, loss=0.0146] Training epoch 20:  22%|██▏       | 548/2512 [22:17<1:18:49,  2.41s/it, loss=0.00421]Training epoch 20:  22%|██▏       | 461/2094 [22:17<1:17:45,  2.86s/it, loss=0.00467]Training epoch 50:  36%|███▌      | 1122/3140 [22:19<38:52,  1.16s/it, loss=0.0056]Training epoch 20:  22%|██▏       | 549/2512 [22:19<1:18:28,  2.40s/it, loss=0.00714]Training epoch 20:  22%|██▏       | 462/2094 [22:20<1:17:36,  2.85s/it, loss=0.00549]Training epoch 50:  36%|███▌      | 1123/3140 [22:20<38:32,  1.15s/it, loss=0.00444]Training epoch 50:  36%|███▌      | 1124/3140 [22:21<39:09,  1.17s/it, loss=0.0135] Training epoch 20:  22%|██▏       | 550/2512 [22:21<1:18:13,  2.39s/it, loss=0.014]  Training epoch 50:  36%|███▌      | 1125/3140 [22:23<39:23,  1.17s/it, loss=0.0171]Training epoch 20:  22%|██▏       | 463/2094 [22:22<1:17:44,  2.86s/it, loss=0.011]  Training epoch 50:  36%|███▌      | 1126/3140 [22:24<39:07,  1.17s/it, loss=0.00722]Training epoch 20:  22%|██▏       | 551/2512 [22:24<1:17:42,  2.38s/it, loss=0.00753]Training epoch 50:  36%|███▌      | 1127/3140 [22:25<39:07,  1.17s/it, loss=0.013]  Training epoch 20:  22%|██▏       | 464/2094 [22:25<1:17:43,  2.86s/it, loss=0.00415]Training epoch 50:  36%|███▌      | 1128/3140 [22:26<39:05,  1.17s/it, loss=0.00727]Training epoch 20:  22%|██▏       | 552/2512 [22:26<1:18:04,  2.39s/it, loss=0.00976]Training epoch 50:  36%|███▌      | 1129/3140 [22:27<39:02,  1.17s/it, loss=0.00867]Training epoch 20:  22%|██▏       | 465/2094 [22:28<1:17:57,  2.87s/it, loss=0.00499]Training epoch 50:  36%|███▌      | 1130/3140 [22:28<39:23,  1.18s/it, loss=0.0112] Training epoch 20:  22%|██▏       | 553/2512 [22:28<1:17:53,  2.39s/it, loss=0.00653]Training epoch 50:  36%|███▌      | 1131/3140 [22:29<38:57,  1.16s/it, loss=0.00694]Training epoch 50:  36%|███▌      | 1132/3140 [22:31<39:39,  1.19s/it, loss=0.0154] Training epoch 20:  22%|██▏       | 466/2094 [22:31<1:17:31,  2.86s/it, loss=0.00646]Training epoch 20:  22%|██▏       | 554/2512 [22:31<1:18:28,  2.40s/it, loss=0.0163] Training epoch 50:  36%|███▌      | 1133/3140 [22:32<38:55,  1.16s/it, loss=0.00714]Training epoch 50:  36%|███▌      | 1134/3140 [22:33<39:19,  1.18s/it, loss=0.00948]Training epoch 20:  22%|██▏       | 555/2512 [22:33<1:18:22,  2.40s/it, loss=0.00511]Training epoch 20:  22%|██▏       | 467/2094 [22:34<1:17:12,  2.85s/it, loss=0.00515]Training epoch 50:  36%|███▌      | 1135/3140 [22:34<38:46,  1.16s/it, loss=0.00942]Training epoch 50:  36%|███▌      | 1136/3140 [22:35<39:09,  1.17s/it, loss=0.00636]Training epoch 20:  22%|██▏       | 556/2512 [22:36<1:18:09,  2.40s/it, loss=0.00241]Training epoch 50:  36%|███▌      | 1137/3140 [22:37<39:21,  1.18s/it, loss=0.00919]Training epoch 20:  22%|██▏       | 468/2094 [22:37<1:17:02,  2.84s/it, loss=0.00667]Training epoch 50:  36%|███▌      | 1138/3140 [22:38<39:09,  1.17s/it, loss=0.00948]Training epoch 20:  22%|██▏       | 557/2512 [22:38<1:17:59,  2.39s/it, loss=0.0275] Training epoch 50:  36%|███▋      | 1139/3140 [22:39<39:01,  1.17s/it, loss=0.00378]Training epoch 20:  22%|██▏       | 469/2094 [22:40<1:17:09,  2.85s/it, loss=0.0108] Training epoch 50:  36%|███▋      | 1140/3140 [22:40<38:57,  1.17s/it, loss=0.00721]Training epoch 20:  22%|██▏       | 558/2512 [22:40<1:18:10,  2.40s/it, loss=0.00382]Training epoch 50:  36%|███▋      | 1141/3140 [22:41<38:52,  1.17s/it, loss=0.00927]Training epoch 50:  36%|███▋      | 1142/3140 [22:42<39:34,  1.19s/it, loss=0.0206] Training epoch 20:  22%|██▏       | 470/2094 [22:42<1:17:17,  2.86s/it, loss=0.011] Training epoch 20:  22%|██▏       | 559/2512 [22:43<1:17:51,  2.39s/it, loss=0.00445]Training epoch 50:  36%|███▋      | 1143/3140 [22:44<38:51,  1.17s/it, loss=0.00671]Training epoch 50:  36%|███▋      | 1144/3140 [22:45<39:10,  1.18s/it, loss=0.00426]Training epoch 20:  22%|██▏       | 471/2094 [22:45<1:17:18,  2.86s/it, loss=0.00333]Training epoch 20:  22%|██▏       | 560/2512 [22:45<1:17:56,  2.40s/it, loss=0.00312]Training epoch 50:  36%|███▋      | 1145/3140 [22:46<38:32,  1.16s/it, loss=0.00624]Training epoch 50:  36%|███▋      | 1146/3140 [22:47<38:58,  1.17s/it, loss=0.00528]Training epoch 20:  22%|██▏       | 561/2512 [22:48<1:18:24,  2.41s/it, loss=0.00403]Training epoch 20:  23%|██▎       | 472/2094 [22:48<1:16:55,  2.85s/it, loss=0.0109] Training epoch 50:  37%|███▋      | 1147/3140 [22:48<38:50,  1.17s/it, loss=0.00537]Training epoch 50:  37%|███▋      | 1148/3140 [22:49<38:50,  1.17s/it, loss=0.00562]Training epoch 20:  22%|██▏       | 562/2512 [22:50<1:18:04,  2.40s/it, loss=0.0172] Training epoch 50:  37%|███▋      | 1149/3140 [22:51<39:04,  1.18s/it, loss=0.00615]Training epoch 20:  23%|██▎       | 473/2094 [22:51<1:16:43,  2.84s/it, loss=0.0104]Training epoch 50:  37%|███▋      | 1150/3140 [22:52<38:53,  1.17s/it, loss=0.0121] Training epoch 20:  22%|██▏       | 563/2512 [22:52<1:17:51,  2.40s/it, loss=0.00941]Training epoch 50:  37%|███▋      | 1151/3140 [22:53<38:48,  1.17s/it, loss=0.00928]Training epoch 20:  23%|██▎       | 474/2094 [22:54<1:16:51,  2.85s/it, loss=0.00462]Training epoch 50:  37%|███▋      | 1152/3140 [22:54<38:41,  1.17s/it, loss=0.0221] Training epoch 20:  22%|██▏       | 564/2512 [22:55<1:17:43,  2.39s/it, loss=0.00344]Training epoch 50:  37%|███▋      | 1153/3140 [22:55<38:35,  1.17s/it, loss=0.0119]Training epoch 50:  37%|███▋      | 1154/3140 [22:57<39:17,  1.19s/it, loss=0.0107]Training epoch 20:  23%|██▎       | 475/2094 [22:57<1:16:39,  2.84s/it, loss=0.00626]Training epoch 20:  22%|██▏       | 565/2512 [22:57<1:17:53,  2.40s/it, loss=0.00412]Training epoch 50:  37%|███▋      | 1155/3140 [22:58<38:43,  1.17s/it, loss=0.00564]Training epoch 50:  37%|███▋      | 1156/3140 [22:59<39:05,  1.18s/it, loss=0.00618]Training epoch 20:  23%|██▎       | 476/2094 [22:59<1:16:58,  2.85s/it, loss=0.00417]Training epoch 20:  23%|██▎       | 566/2512 [23:00<1:17:36,  2.39s/it, loss=0.00797]Training epoch 50:  37%|███▋      | 1157/3140 [23:00<38:39,  1.17s/it, loss=0.0197] Training epoch 50:  37%|███▋      | 1158/3140 [23:01<38:52,  1.18s/it, loss=0.00653]Training epoch 20:  23%|██▎       | 567/2512 [23:02<1:18:07,  2.41s/it, loss=0.00354]Training epoch 50:  37%|███▋      | 1159/3140 [23:02<39:26,  1.19s/it, loss=0.00769]Training epoch 20:  23%|██▎       | 477/2094 [23:02<1:16:50,  2.85s/it, loss=0.00926]Training epoch 50:  37%|███▋      | 1160/3140 [23:04<38:59,  1.18s/it, loss=0.0159] Training epoch 20:  23%|██▎       | 568/2512 [23:04<1:17:06,  2.38s/it, loss=0.00881]Training epoch 50:  37%|███▋      | 1161/3140 [23:05<39:05,  1.19s/it, loss=0.0153]Training epoch 20:  23%|██▎       | 478/2094 [23:05<1:16:37,  2.85s/it, loss=0.00798]Training epoch 50:  37%|███▋      | 1162/3140 [23:06<38:49,  1.18s/it, loss=0.0121]Training epoch 20:  23%|██▎       | 569/2512 [23:07<1:17:05,  2.38s/it, loss=0.00854]Training epoch 50:  37%|███▋      | 1163/3140 [23:07<38:54,  1.18s/it, loss=0.00969]Training epoch 20:  23%|██▎       | 479/2094 [23:08<1:16:42,  2.85s/it, loss=0.0093] Training epoch 50:  37%|███▋      | 1164/3140 [23:08<38:35,  1.17s/it, loss=0.00418]Training epoch 20:  23%|██▎       | 570/2512 [23:09<1:17:00,  2.38s/it, loss=0.00902]Training epoch 50:  37%|███▋      | 1165/3140 [23:09<38:52,  1.18s/it, loss=0.0323] Training epoch 50:  37%|███▋      | 1166/3140 [23:11<39:08,  1.19s/it, loss=0.0084]Training epoch 20:  23%|██▎       | 480/2094 [23:11<1:16:25,  2.84s/it, loss=0.00666]Training epoch 20:  23%|██▎       | 571/2512 [23:12<1:17:16,  2.39s/it, loss=0.00593]Training epoch 50:  37%|███▋      | 1167/3140 [23:12<38:56,  1.18s/it, loss=0.0219]Training epoch 50:  37%|███▋      | 1168/3140 [23:13<38:41,  1.18s/it, loss=0.00928]Training epoch 20:  23%|██▎       | 481/2094 [23:14<1:16:47,  2.86s/it, loss=0.00487]Training epoch 20:  23%|██▎       | 572/2512 [23:14<1:17:09,  2.39s/it, loss=0.0113] Training epoch 50:  37%|███▋      | 1169/3140 [23:14<38:46,  1.18s/it, loss=0.00998]Training epoch 50:  37%|███▋      | 1170/3140 [23:15<38:23,  1.17s/it, loss=0.00837]Training epoch 50:  37%|███▋      | 1171/3140 [23:17<39:20,  1.20s/it, loss=0.009]  Training epoch 20:  23%|██▎       | 573/2512 [23:16<1:17:43,  2.40s/it, loss=0.0109]Training epoch 20:  23%|██▎       | 482/2094 [23:17<1:16:33,  2.85s/it, loss=0.00521]Training epoch 50:  37%|███▋      | 1172/3140 [23:18<37:50,  1.15s/it, loss=0.0055]Training epoch 50:  37%|███▋      | 1173/3140 [23:19<38:35,  1.18s/it, loss=0.0117]Training epoch 20:  23%|██▎       | 574/2512 [23:19<1:16:57,  2.38s/it, loss=0.017] Training epoch 20:  23%|██▎       | 483/2094 [23:19<1:16:48,  2.86s/it, loss=0.00812]Training epoch 50:  37%|███▋      | 1174/3140 [23:20<37:39,  1.15s/it, loss=0.013] Training epoch 50:  37%|███▋      | 1175/3140 [23:21<38:30,  1.18s/it, loss=0.012]Training epoch 20:  23%|██▎       | 575/2512 [23:21<1:16:49,  2.38s/it, loss=0.0188]Training epoch 50:  37%|███▋      | 1176/3140 [23:22<38:26,  1.17s/it, loss=0.00962]Training epoch 20:  23%|██▎       | 484/2094 [23:22<1:16:42,  2.86s/it, loss=0.00788]Training epoch 50:  37%|███▋      | 1177/3140 [23:24<38:35,  1.18s/it, loss=0.00718]Training epoch 20:  23%|██▎       | 576/2512 [23:23<1:16:31,  2.37s/it, loss=0.00941]Training epoch 50:  38%|███▊      | 1178/3140 [23:25<38:20,  1.17s/it, loss=0.0121] Training epoch 20:  23%|██▎       | 485/2094 [23:25<1:16:28,  2.85s/it, loss=0.00912]Training epoch 50:  38%|███▊      | 1179/3140 [23:26<38:29,  1.18s/it, loss=0.0136]Training epoch 20:  23%|██▎       | 577/2512 [23:26<1:16:53,  2.38s/it, loss=0.00882]Training epoch 50:  38%|███▊      | 1180/3140 [23:27<38:18,  1.17s/it, loss=0.0152]Training epoch 20:  23%|██▎       | 486/2094 [23:28<1:16:44,  2.86s/it, loss=0.00644]Training epoch 50:  38%|███▊      | 1181/3140 [23:28<38:25,  1.18s/it, loss=0.0123]Training epoch 20:  23%|██▎       | 578/2512 [23:28<1:16:46,  2.38s/it, loss=0.00545]Training epoch 50:  38%|███▊      | 1182/3140 [23:29<38:13,  1.17s/it, loss=0.00535]Training epoch 50:  38%|███▊      | 1183/3140 [23:31<38:48,  1.19s/it, loss=0.0107] Training epoch 20:  23%|██▎       | 579/2512 [23:31<1:17:27,  2.40s/it, loss=0.00311]Training epoch 20:  23%|██▎       | 487/2094 [23:31<1:16:20,  2.85s/it, loss=0.0049] Training epoch 50:  38%|███▊      | 1184/3140 [23:32<38:00,  1.17s/it, loss=0.00775]Training epoch 50:  38%|███▊      | 1185/3140 [23:33<38:19,  1.18s/it, loss=0.00854]Training epoch 20:  23%|██▎       | 580/2512 [23:33<1:17:14,  2.40s/it, loss=0.00415]Training epoch 20:  23%|██▎       | 488/2094 [23:34<1:16:16,  2.85s/it, loss=0.00316]Training epoch 50:  38%|███▊      | 1186/3140 [23:34<37:47,  1.16s/it, loss=0.0171] Training epoch 50:  38%|███▊      | 1187/3140 [23:35<38:12,  1.17s/it, loss=0.00825]Training epoch 20:  23%|██▎       | 581/2512 [23:35<1:16:59,  2.39s/it, loss=0.01]   Training epoch 50:  38%|███▊      | 1188/3140 [23:36<38:27,  1.18s/it, loss=0.0174] Training epoch 20:  23%|██▎       | 489/2094 [23:37<1:16:03,  2.84s/it, loss=0.00451]Training epoch 50:  38%|███▊      | 1189/3140 [23:38<38:11,  1.17s/it, loss=0.0195]Training epoch 20:  23%|██▎       | 582/2512 [23:38<1:16:46,  2.39s/it, loss=0.00535]Training epoch 50:  38%|███▊      | 1190/3140 [23:39<38:06,  1.17s/it, loss=0.0113]Training epoch 20:  23%|██▎       | 490/2094 [23:39<1:16:15,  2.85s/it, loss=0.00626]Training epoch 50:  38%|███▊      | 1191/3140 [23:40<38:01,  1.17s/it, loss=0.0105]Training epoch 20:  23%|██▎       | 583/2512 [23:40<1:16:59,  2.39s/it, loss=0.00513]Training epoch 50:  38%|███▊      | 1192/3140 [23:41<37:58,  1.17s/it, loss=0.00744]Training epoch 50:  38%|███▊      | 1193/3140 [23:42<38:35,  1.19s/it, loss=0.00522]Training epoch 20:  23%|██▎       | 491/2094 [23:42<1:16:30,  2.86s/it, loss=0.00264]Training epoch 20:  23%|██▎       | 584/2512 [23:43<1:16:40,  2.39s/it, loss=0.00349]